run_alias,condition,dataset_version,seed,status,epochs_completed,platform_val_mAP50_95,cos_lr,label_smoothing,role_in_study,checkpoint_sha256,effective_config_sha256,created_date
C0-d0-s0#1,C0-d0,v0.1-m7,0,COMPLETED,100,0.53276,True,0.1,selected run (in analysis),bc45657e1f1bff192eec01434d2c1ee1cf42402992771038008cb68d7f575c94,d021d7fa982f9c91cbc3f9de580ae37ace1d4929803d1d83be17bc7e229326b5,2026-10-02
C1-d0-s0#1,C1-d0,v0.1-m7,0,COMPLETED,100,0.53308,True,0.1,selected run (in analysis),3c66317cefae8d7dcbdd02ec7b82335eb2fbac83cc6fc4da47539f8a508a4cc1,d021d7fa982f9c91cbc3f9de580ae37ace1d4929803d1d83be17bc7e229326b5,2026-10-02
C0-d0-s1#1,C0-d0,v0.1-m7,1,CANCELLED,100,,True,0.1,not used (cancelled attempt),,,2026-10-02
C1-d0-s1#1,C1-d0,v0.1-m7,1,COMPLETED,97,0.51987,True,0.1,selected run (in analysis),0ad072acb4d0ca5036192cfa310bb36b3c466b2125e725ada944e8225e43b9d4,d021d7fa982f9c91cbc3f9de580ae37ace1d4929803d1d83be17bc7e229326b5,2026-10-02
C0-d0-s2#1,C0-d0,v0.1-m7,2,CANCELLED,100,,True,0.1,not used (cancelled attempt),,,2026-10-02
C1-d0-s2#1,C1-d0,v0.1-m7,2,COMPLETED,100,0.5291,True,0.1,selected run (in analysis),0aba4f9544b3735940e80b5d049fd22e0d2c95ab321cb650969d48fecb17c58e,d021d7fa982f9c91cbc3f9de580ae37ace1d4929803d1d83be17bc7e229326b5,2026-10-02
C0-d1-s1#1,C0-d1,v0.1-m7,1,COMPLETED,100,0.545,True,0.1,"D1 seed-1 C0 member (replicate r1, pre-registered)",e05d5f5eb23c935acfaaf2284be4580fffc29fe4ed578449be5622bb2d7e2db8,d021d7fa982f9c91cbc3f9de580ae37ace1d4929803d1d83be17bc7e229326b5,2026-10-02
C1-d1-s0#1,C1-d1,v0.1-m7,0,COMPLETED,100,0.5445,True,0.1,selected run (in analysis),f847ddb7769c175d868f930d139da3202794c794ee50a3ab1971d6d4cab64f36,d021d7fa982f9c91cbc3f9de580ae37ace1d4929803d1d83be17bc7e229326b5,2026-10-02
C1-d0-s0#2,C1-d0,v0.1-m7,0,COMPLETED,100,0.52559,True,0.1,training-noise replicate of C1-d0-s0,369676a2cc1a60a3ef6ebd88c8a89605ddd11496f17c05b5bfcd0ac4655d2945,d021d7fa982f9c91cbc3f9de580ae37ace1d4929803d1d83be17bc7e229326b5,2026-10-02
C0-d2-s0#1,C0-d2,v0.1-m7,0,COMPLETED,100,0.52823,True,0.1,selected run (in analysis),73f370374b0d1765f3c685c8ad6eb0f2302d56a9f1a192b645650275d7e0ddde,d021d7fa982f9c91cbc3f9de580ae37ace1d4929803d1d83be17bc7e229326b5,2026-10-02
C1-d2-s0#1,C1-d2,v0.1-m7,0,COMPLETED,100,0.53035,True,0.1,selected run (in analysis),b4132c450f7b2f5691c9535a379c2281d7ae975db03b0952851db7351e3ebecb,d021d7fa982f9c91cbc3f9de580ae37ace1d4929803d1d83be17bc7e229326b5,2026-10-02
A0-s0#1,A0,v0.1-m7,0,COMPLETED,100,0.56221,True,0.1,selected run (in analysis),40e79e404b27fc83d738c42880fd846724a667e696643d1d07b8a71568b9c8b0,d021d7fa982f9c91cbc3f9de580ae37ace1d4929803d1d83be17bc7e229326b5,2026-10-02
A1-s0#1,A1,v0.1-m7,0,COMPLETED,100,0.50339,True,0.1,selected run (in analysis),190f2f0d0265de3565b0fbe733b2f828b50a966e70b6ce45a3d747ae2d7e3606,d021d7fa982f9c91cbc3f9de580ae37ace1d4929803d1d83be17bc7e229326b5,2026-10-02
C0-d1-s1#2,C0-d1,v0.1-m7,1,COMPLETED,100,0.54596,True,0.1,D1 seed-1 sensitivity (replicate r2),eaa81bb4fe40e5b23bd3eeb79e15ccb29e871071af6ce4f881b39ec5a97eeab2,d021d7fa982f9c91cbc3f9de580ae37ace1d4929803d1d83be17bc7e229326b5,2026-10-02
B-natural-dspcbsd-plus-s0#1,B-natural-dspcbsd-plus,v0.1-m7,0,CANCELLED,1,,True,0.1,not used (cancelled attempt),,,2026-10-02
B-natural-pcb-defect-s0#1,B-natural-pcb-defect,v0.1-m7,0,CANCELLED,0,,True,0.1,not used (cancelled attempt),,,2026-10-02
B-natural-pcb-ind-s0#1,B-natural-pcb-ind,v0.1-m7,0,CANCELLED,0,,True,0.1,not used (cancelled attempt),,,2026-10-02
B-strict-dspcbsd-plus-s0#1,B-strict-dspcbsd-plus,v0.1-m7,0,CANCELLED,100,,True,0.1,not used (cancelled attempt),,,2026-10-02
B-strict-pcb-defect-s0#1,B-strict-pcb-defect,v0.1-m7,0,COMPLETED,100,0.55179,True,0.1,selected run (in analysis),49fc6dad85439d4dfc7bd6c54b0d2aedadd38cac169f985606c8de915b5a917d,d021d7fa982f9c91cbc3f9de580ae37ace1d4929803d1d83be17bc7e229326b5,2026-10-02
B-strict-pcb-ind-s0#1,B-strict-pcb-ind,v0.1-m7,0,COMPLETED,97,0.47645,True,0.1,selected run (in analysis),23d7106277f329d9bfe7487482cffd5b64c28349eb5da5f2ab8928eec045a548,d021d7fa982f9c91cbc3f9de580ae37ace1d4929803d1d83be17bc7e229326b5,2026-10-02
B-natural-dspcbsd-plus-s0#2,B-natural-dspcbsd-plus,v0.1-m7,0,COMPLETED,100,0.54832,True,0.1,selected run (in analysis),1e704e447e8978264d7765d1985071b3f4e33f1d55b185cf2127ec37acb00b51,d021d7fa982f9c91cbc3f9de580ae37ace1d4929803d1d83be17bc7e229326b5,2026-10-02
B-natural-pcb-ind-s0#2,B-natural-pcb-ind,v0.1-m7,0,COMPLETED,100,0.46933,True,0.1,selected run (in analysis),b55837d3a3589b01e3120591e99d71afc7db7b4d2959e094161f9f0e559b79a5,d021d7fa982f9c91cbc3f9de580ae37ace1d4929803d1d83be17bc7e229326b5,2026-10-02
C0-d0-s1#2,C0-d0,v0.1-m7,1,COMPLETED,100,0.53826,True,0.1,selected run (in analysis),ca958df783785d14b43a3cb3e2f51cd199cf308c71e3a081bb8652201513ed1c,d021d7fa982f9c91cbc3f9de580ae37ace1d4929803d1d83be17bc7e229326b5,2026-10-02
C0-d0-s2#2,C0-d0,v0.1-m7,2,COMPLETED,100,0.52645,True,0.1,selected run (in analysis),dd162342976fdd3b90cd44337fcd30682cef1673c0418464023b0bff9bbb42a4,d021d7fa982f9c91cbc3f9de580ae37ace1d4929803d1d83be17bc7e229326b5,2026-10-02
C0-d1-s0#1,C0-d1,v0.1-m7,0,COMPLETED,100,0.53938,True,0.1,selected run (in analysis),f93cb54b1a25869c1ab6475a45f9692e8e6e6681ffcf15cb027c832d2e2d9ca6,d021d7fa982f9c91cbc3f9de580ae37ace1d4929803d1d83be17bc7e229326b5,2026-10-02
B-strict-dspcbsd-plus-s0#2,B-strict-dspcbsd-plus,v0.1-m7,0,COMPLETED,100,0.52909,True,0.1,selected run (in analysis),706adc6a06a02864b2d5d28f48d747045b0f7f3381b799b8a7c0fffbc7f53def,d021d7fa982f9c91cbc3f9de580ae37ace1d4929803d1d83be17bc7e229326b5,2026-10-02
C1-d1-s1#1,C1-d1,v0.1-m7,1,COMPLETED,100,0.54055,True,0.1,selected run (in analysis),d6b49d496a05b40af52cb06ae7b9108ca761fd66e574428411724149fb60f375,d021d7fa982f9c91cbc3f9de580ae37ace1d4929803d1d83be17bc7e229326b5,2026-10-03
C0-d1-s2#1,C0-d1,v0.1-m7,2,COMPLETED,100,0.53487,True,0.1,selected run (in analysis),af0de16c1d87cf9f1b0d9c57ede33a1d9f3337c0ca50ab19bdeb032dd7cc5bea,d021d7fa982f9c91cbc3f9de580ae37ace1d4929803d1d83be17bc7e229326b5,2026-10-03
C1-d1-s2#1,C1-d1,v0.1-m7,2,COMPLETED,100,0.54897,True,0.1,selected run (in analysis),2d9341d25cc7c50adf22b5942c87ce0b26b1513c1f786e4db8ce830c5393253e,d021d7fa982f9c91cbc3f9de580ae37ace1d4929803d1d83be17bc7e229326b5,2026-10-03
C0-d2-s1#1,C0-d2,v0.1-m7,1,COMPLETED,100,0.52182,True,0.1,selected run (in analysis),7e06a9b43b44e3a3b204f5533e5feeb6dcf0190c9ed0ef91741f98d38197b700,d021d7fa982f9c91cbc3f9de580ae37ace1d4929803d1d83be17bc7e229326b5,2026-10-03
C1-d2-s1#1,C1-d2,v0.1-m7,1,COMPLETED,100,0.53337,True,0.1,selected run (in analysis),bc9355b5dc52fbe8f3a9ab286588b23970c7c19a2d2c100d14919f892de92bde,d021d7fa982f9c91cbc3f9de580ae37ace1d4929803d1d83be17bc7e229326b5,2026-10-03
