model,purpose,population,subset,n_images,n_boxes,mAP50_95,mAP50,precision,recall,F1,AP50_95_short,AP50_95_open,AP50_95_mouse_bite,AP50_95_spurious_copper,AP50_short,AP50_open,AP50_mouse_bite,AP50_spurious_copper
C0-d0-s0,planned run,D0,overall,407,500,0.523456,0.880208,0.85167,0.872879,0.862144,0.524898,0.471895,0.473802,0.623231,0.917928,0.859607,0.832693,0.910602
C0-d0-s0,planned run,D0,source:dspcbsd-plus,177,248,0.519393,0.907759,0.895476,0.889194,0.892324,0.56031,0.490129,0.47587,0.551265,0.937689,0.862234,0.904136,0.926977
C0-d0-s0,planned run,D0,source:pcb-defect,59,60,0.477252,0.898571,0.891563,0.91464,0.902954,0.519553,0.403146,0.321078,0.665229,0.995,0.88,0.724285,0.995
C0-d0-s0,planned run,D0,source:pcb-ind,171,192,0.564555,0.850182,0.831349,0.813426,0.82229,0.550829,0.504261,0.516998,0.686132,0.837383,0.888056,0.77302,0.902271
C0-d0-s0,planned run,D0,probe,194,240,0.519274,0.874605,0.857987,0.842357,0.8501,0.539709,0.475477,0.452133,0.609778,0.926712,0.860954,0.804056,0.906698
C0-d0-s0,planned run,D0,control,213,260,0.537983,0.89585,0.866908,0.885786,0.876245,0.521516,0.496324,0.496566,0.637526,0.915534,0.890749,0.862441,0.914676
C1-d0-s0,planned run,D0,overall,407,500,0.505923,0.87387,0.835518,0.823718,0.829576,0.472016,0.452687,0.472312,0.626678,0.885242,0.848864,0.844763,0.916612
C1-d0-s0,planned run,D0,source:dspcbsd-plus,177,248,0.484145,0.883358,0.911919,0.804681,0.85495,0.4738,0.47294,0.454223,0.535615,0.84989,0.848865,0.892719,0.941958
C1-d0-s0,planned run,D0,source:pcb-defect,59,60,0.519457,0.977956,0.921951,0.967391,0.944125,0.505854,0.437932,0.373212,0.760833,0.995,0.995,0.926825,0.995
C1-d0-s0,planned run,D0,source:pcb-ind,171,192,0.518414,0.811582,0.85873,0.675528,0.756191,0.463567,0.402972,0.529677,0.677439,0.792868,0.794471,0.768662,0.890328
C1-d0-s0,planned run,D0,probe,194,240,0.482748,0.849993,0.840683,0.757634,0.797001,0.435409,0.433601,0.452433,0.609547,0.860146,0.776993,0.832184,0.930648
C1-d0-s0,planned run,D0,control,213,260,0.543618,0.907386,0.900954,0.869831,0.885119,0.532556,0.497045,0.495285,0.649586,0.903636,0.948794,0.863489,0.913627
C0-d0-s1,planned run,D0,overall,407,500,0.531416,0.884976,0.871169,0.844857,0.857811,0.529295,0.483261,0.480707,0.6324,0.92147,0.84634,0.867557,0.904538
C0-d0-s1,planned run,D0,source:dspcbsd-plus,177,248,0.513345,0.895823,0.872965,0.874732,0.873848,0.542553,0.500445,0.463298,0.547084,0.923106,0.825076,0.913741,0.921368
C0-d0-s1,planned run,D0,source:pcb-defect,59,60,0.509297,0.964634,0.930876,0.932686,0.93178,0.520014,0.441672,0.327388,0.748114,0.995,0.995,0.873535,0.995
C0-d0-s1,planned run,D0,source:pcb-ind,171,192,0.572568,0.867158,0.877294,0.790363,0.831562,0.573329,0.497703,0.530486,0.688753,0.881739,0.88547,0.814587,0.886834
C0-d0-s1,planned run,D0,probe,194,240,0.531836,0.872464,0.840046,0.8365,0.838269,0.547511,0.489504,0.458887,0.631443,0.932583,0.796838,0.83355,0.926885
C0-d0-s1,planned run,D0,control,213,260,0.541857,0.90697,0.88738,0.868175,0.877672,0.520983,0.498594,0.503528,0.644325,0.915804,0.912026,0.902161,0.897888
C1-d0-s1,planned run,D0,overall,407,500,0.507864,0.87528,0.874461,0.809937,0.840963,0.479003,0.479591,0.467502,0.605359,0.891448,0.85681,0.842452,0.910408
C1-d0-s1,planned run,D0,source:dspcbsd-plus,177,248,0.499796,0.89136,0.884125,0.837239,0.860044,0.49413,0.501596,0.469614,0.533842,0.876601,0.857514,0.895724,0.9356
C1-d0-s1,planned run,D0,source:pcb-defect,59,60,0.474606,0.967865,0.897871,0.966974,0.931142,0.5014,0.406349,0.27648,0.714196,0.995,0.985909,0.895551,0.995
C1-d0-s1,planned run,D0,source:pcb-ind,171,192,0.518615,0.81009,0.810488,0.714063,0.759226,0.47738,0.424861,0.518613,0.653606,0.813228,0.781507,0.761918,0.883707
C1-d0-s1,planned run,D0,probe,194,240,0.468475,0.841797,0.854492,0.774977,0.812794,0.448412,0.435034,0.424875,0.56558,0.875511,0.790758,0.792274,0.908644
C1-d0-s1,planned run,D0,control,213,260,0.555843,0.911393,0.900924,0.856769,0.878292,0.536953,0.540866,0.504566,0.640989,0.907293,0.936159,0.888187,0.913932
C0-d0-s2,planned run,D0,overall,407,500,0.530766,0.888611,0.875909,0.861858,0.868826,0.509841,0.486021,0.496019,0.631183,0.89418,0.864855,0.865349,0.930059
C0-d0-s2,planned run,D0,source:dspcbsd-plus,177,248,0.518001,0.92498,0.927645,0.865235,0.895354,0.522233,0.520936,0.474237,0.554597,0.927622,0.874609,0.927822,0.969867
C0-d0-s2,planned run,D0,source:pcb-defect,59,60,0.496991,0.916911,0.87757,0.923913,0.900145,0.514694,0.402533,0.292862,0.777875,0.995,0.995,0.682643,0.995
C0-d0-s2,planned run,D0,source:pcb-ind,171,192,0.557125,0.829714,0.800966,0.840313,0.820168,0.530586,0.455736,0.567752,0.674424,0.820157,0.786032,0.817682,0.894986
C0-d0-s2,planned run,D0,probe,194,240,0.521191,0.874887,0.848352,0.873484,0.860734,0.51195,0.474571,0.468242,0.63,0.901248,0.828039,0.825133,0.945129
C0-d0-s2,planned run,D0,control,213,260,0.553388,0.916112,0.866788,0.887274,0.876911,0.522524,0.525311,0.52007,0.645649,0.896421,0.940424,0.898816,0.928787
C1-d0-s2,planned run,D0,overall,407,500,0.519171,0.870571,0.860567,0.800094,0.829229,0.486954,0.485232,0.488072,0.616425,0.903216,0.830415,0.842068,0.906587
C1-d0-s2,planned run,D0,source:dspcbsd-plus,177,248,0.505088,0.892483,0.826976,0.862283,0.84426,0.474581,0.517266,0.485397,0.543108,0.890114,0.835373,0.911601,0.932843
C1-d0-s2,planned run,D0,source:pcb-defect,59,60,0.489617,0.88093,0.84885,0.918311,0.882215,0.519441,0.413677,0.287275,0.738076,0.995,0.881316,0.652402,0.995
C1-d0-s2,planned run,D0,source:pcb-ind,171,192,0.519856,0.81,0.86948,0.726486,0.791577,0.501772,0.38029,0.540433,0.656928,0.843642,0.734635,0.78663,0.87509
C1-d0-s2,planned run,D0,probe,194,240,0.503765,0.851879,0.856854,0.77084,0.811574,0.47052,0.501361,0.467026,0.576155,0.890997,0.805501,0.807351,0.903667
C1-d0-s2,planned run,D0,control,213,260,0.538768,0.896452,0.826709,0.887811,0.856171,0.511495,0.481122,0.509006,0.65345,0.918652,0.879794,0.874041,0.913322
C0-d1-s0,planned run,D1,overall,408,488,0.54475,0.885087,0.888781,0.82811,0.857374,0.565091,0.495888,0.498161,0.619861,0.878701,0.900327,0.844371,0.916948
C0-d1-s0,planned run,D1,source:dspcbsd-plus,177,240,0.508022,0.880023,0.881784,0.823393,0.851589,0.510078,0.509829,0.484281,0.5279,0.791088,0.893773,0.919,0.91623
C0-d1-s0,planned run,D1,source:pcb-defect,60,65,0.529259,0.932135,0.915892,0.912039,0.913961,0.565305,0.406197,0.386324,0.759209,0.95075,0.995,0.78779,0.995
C0-d1-s0,planned run,D1,source:pcb-ind,171,183,0.618245,0.866834,0.921668,0.760648,0.833452,0.6207,0.607591,0.550243,0.694446,0.891983,0.852917,0.805227,0.917211
C0-d1-s0,planned run,D1,probe,193,247,0.567529,0.908467,0.890337,0.858309,0.87403,0.571171,0.52676,0.507602,0.664584,0.886906,0.949218,0.877568,0.920177
C0-d1-s0,planned run,D1,control,215,241,0.528509,0.86738,0.875788,0.810383,0.841817,0.575246,0.469896,0.494153,0.574742,0.876292,0.858651,0.818367,0.916208
C1-d1-s0,planned run,D1,overall,408,488,0.50773,0.859086,0.878239,0.804236,0.83961,0.473729,0.487389,0.473216,0.596587,0.859914,0.885798,0.810459,0.880173
C1-d1-s0,planned run,D1,source:dspcbsd-plus,177,240,0.476293,0.850834,0.783084,0.854432,0.817204,0.418144,0.508935,0.461645,0.516447,0.734179,0.891079,0.891794,0.886283
C1-d1-s0,planned run,D1,source:pcb-defect,60,65,0.516802,0.942962,0.934537,0.913921,0.924114,0.514468,0.44322,0.397292,0.712227,0.9595,0.99,0.827349,0.995
C1-d1-s0,planned run,D1,source:pcb-ind,171,183,0.541662,0.807851,0.848534,0.756393,0.799818,0.505139,0.47642,0.514213,0.670875,0.883802,0.724164,0.752039,0.871399
C1-d1-s0,planned run,D1,probe,193,247,0.528171,0.877848,0.896514,0.809197,0.850621,0.478891,0.483155,0.505293,0.645345,0.86569,0.876869,0.871335,0.897499
C1-d1-s0,planned run,D1,control,215,241,0.497577,0.850871,0.831996,0.835368,0.833678,0.488135,0.508714,0.453436,0.540021,0.85601,0.914077,0.76807,0.865325
C0-d2-s0,planned run,D2,overall,409,499,0.530389,0.884614,0.86732,0.80876,0.837017,0.57045,0.487103,0.489662,0.574341,0.933655,0.860185,0.878654,0.865963
C0-d2-s0,planned run,D2,source:dspcbsd-plus,177,254,0.519373,0.912172,0.870936,0.857483,0.864157,0.560207,0.498633,0.457204,0.561447,0.95527,0.849646,0.89681,0.946964
C0-d2-s0,planned run,D2,source:pcb-defect,59,64,0.472248,0.918439,0.854868,0.897179,0.875513,0.499933,0.370682,0.314323,0.704052,0.9418,0.986207,0.750748,0.995
C0-d2-s0,planned run,D2,source:pcb-ind,173,181,0.620854,0.868396,0.890835,0.776722,0.829874,0.674248,0.64492,0.578965,0.585281,0.888513,0.881757,0.8993,0.804014
C0-d2-s0,planned run,D2,probe,194,243,0.557906,0.910439,0.853388,0.882727,0.867809,0.609023,0.51795,0.499402,0.60525,0.960498,0.910787,0.893316,0.877154
C0-d2-s0,planned run,D2,control,215,256,0.503146,0.851313,0.844076,0.765791,0.80303,0.507413,0.461501,0.485753,0.55792,0.868521,0.799758,0.867816,0.869156
C1-d2-s0,planned run,D2,overall,409,499,0.503529,0.87014,0.861356,0.821897,0.841164,0.488441,0.45855,0.499236,0.567889,0.886033,0.824442,0.873546,0.89654
C1-d2-s0,planned run,D2,source:dspcbsd-plus,177,254,0.498322,0.894286,0.892832,0.851367,0.871606,0.474309,0.481622,0.483029,0.554328,0.875682,0.830946,0.91754,0.952976
C1-d2-s0,planned run,D2,source:pcb-defect,59,64,0.485297,0.93386,0.867463,0.905088,0.885876,0.519197,0.396898,0.372807,0.652285,0.9458,0.946057,0.848583,0.995
C1-d2-s0,planned run,D2,source:pcb-ind,173,181,0.552316,0.815985,0.744695,0.816346,0.778876,0.538243,0.514562,0.569288,0.587169,0.826767,0.727038,0.855084,0.855049
C1-d2-s0,planned run,D2,probe,194,243,0.511898,0.884538,0.862438,0.827283,0.844495,0.52743,0.459469,0.485237,0.575458,0.933498,0.860933,0.869557,0.874167
C1-d2-s0,planned run,D2,control,215,256,0.502961,0.856443,0.859821,0.816469,0.837584,0.454581,0.477944,0.517179,0.562141,0.823749,0.801263,0.882931,0.917827
A0-s0,planned run,A0,overall,438,520,0.554261,0.894756,0.87311,0.859238,0.866118,0.604708,0.524157,0.463162,0.625018,0.957689,0.857547,0.814617,0.949172
A0-s0,planned run,A0,source:dspcbsd-plus,175,249,0.503216,0.877943,0.865507,0.830325,0.847551,0.472835,0.548666,0.420614,0.570749,0.829624,0.888389,0.830895,0.962864
A0-s0,planned run,A0,source:pcb-defect,93,94,0.476181,0.894408,0.861338,0.882206,0.871647,0.551137,0.514042,0.28508,0.554467,0.995,0.965233,0.630731,0.986667
A0-s0,planned run,A0,source:pcb-ind,170,177,0.6197,0.848589,0.881093,0.807311,0.84259,0.71344,0.465224,0.586384,0.713752,0.962272,0.630387,0.860044,0.941653
A1-s0,planned run,A1,overall,369,479,0.527279,0.858949,0.828901,0.798564,0.81345,0.505381,0.544162,0.527677,0.531897,0.868897,0.885298,0.843314,0.838287
A1-s0,planned run,A1,source:dspcbsd-plus,191,297,0.437415,0.805014,0.763449,0.773837,0.768608,0.308427,0.55171,0.400684,0.488838,0.712392,0.889701,0.768945,0.849017
A1-s0,planned run,A1,source:pcb-ind,178,182,0.568185,0.855901,0.9041,0.713336,0.797469,0.594948,0.416564,0.647096,0.614134,0.924669,0.745,0.902992,0.850944
B-strict-dspcbsd-plus-s0,planned run,B-dspcbsd-plus,overall,1768,2472,0.163689,0.449936,0.51335,0.454947,0.482388,0.187979,0.15955,0.084159,0.223069,0.474772,0.466764,0.295689,0.562519
B-strict-pcb-defect-s0,planned run,B-pcb-defect,overall,939,971,0.003314,0.008296,0.761699,0.041667,0.079011,0.0,0.0,0.000809,0.012449,0.0,0.0,0.003793,0.029392
B-strict-pcb-ind-s0,planned run,B-pcb-ind,overall,1713,1854,0.191682,0.482152,0.603951,0.54495,0.572936,0.195465,0.111395,0.148791,0.311075,0.515638,0.261045,0.48942,0.662507
B-natural-dspcbsd-plus-s0,planned run,B-dspcbsd-plus,overall,1768,2472,0.15214,0.41258,0.44366,0.449565,0.446593,0.159605,0.159594,0.079178,0.210182,0.40479,0.479054,0.274945,0.491532
B-natural-pcb-ind-s0,planned run,B-pcb-ind,overall,1713,1854,0.197166,0.490815,0.596734,0.537887,0.565784,0.256366,0.094634,0.130893,0.30677,0.644386,0.242722,0.445842,0.630312
noise/C1-d0-s0__r1,training-noise replicate (not in the estimator),D0,overall,407,500,0.512218,0.859618,0.836825,0.834697,0.835759,0.456002,0.495304,0.479683,0.617882,0.825921,0.864785,0.84969,0.898075
noise/C1-d0-s0__r1,training-noise replicate (not in the estimator),D0,source:dspcbsd-plus,177,248,0.487546,0.862448,0.88669,0.833533,0.85929,0.414751,0.51734,0.47187,0.546224,0.728586,0.859552,0.905395,0.956258
noise/C1-d0-s0__r1,training-noise replicate (not in the estimator),D0,source:pcb-defect,59,60,0.523672,0.962741,0.905852,0.978261,0.940665,0.515994,0.454639,0.362513,0.761542,0.995,0.995,0.865964,0.995
noise/C1-d0-s0__r1,training-noise replicate (not in the estimator),D0,source:pcb-ind,171,192,0.520887,0.794312,0.783465,0.733477,0.757647,0.469981,0.427985,0.529723,0.655856,0.770605,0.777401,0.782864,0.846381
noise/C1-d0-s0__r1,training-noise replicate (not in the estimator),D0,probe,194,240,0.483401,0.837765,0.822489,0.816539,0.819503,0.435924,0.467945,0.437188,0.592549,0.848707,0.803504,0.791834,0.907014
noise/C1-d0-s0__r1,training-noise replicate (not in the estimator),D0,control,213,260,0.555696,0.896115,0.851397,0.85412,0.852756,0.505212,0.548522,0.524756,0.644292,0.816956,0.962883,0.907794,0.896825
noise/C0-d1-s1__r1,training-noise replicate (not in the estimator),D1,overall,408,488,0.533944,0.895665,0.891932,0.842177,0.866341,0.55883,0.498839,0.47635,0.601757,0.918241,0.910785,0.830433,0.923199
noise/C0-d1-s1__r1,training-noise replicate (not in the estimator),D1,source:dspcbsd-plus,177,240,0.502955,0.887311,0.867855,0.828061,0.847491,0.529131,0.520157,0.458756,0.503776,0.831246,0.923174,0.887774,0.90705
noise/C0-d1-s1__r1,training-noise replicate (not in the estimator),D1,source:pcb-defect,60,65,0.485694,0.903789,0.887429,0.855556,0.871201,0.539474,0.391499,0.317912,0.69389,0.955045,0.94338,0.721732,0.995
noise/C0-d1-s1__r1,training-noise replicate (not in the estimator),D1,source:pcb-ind,171,183,0.622913,0.883901,0.85334,0.834616,0.843874,0.627045,0.630874,0.529775,0.703957,0.943141,0.826734,0.811822,0.953907
noise/C0-d1-s1__r1,training-noise replicate (not in the estimator),D1,probe,193,247,0.572115,0.933562,0.921134,0.884061,0.902217,0.601297,0.519903,0.51245,0.65481,0.949415,0.945959,0.898507,0.940365
noise/C0-d1-s1__r1,training-noise replicate (not in the estimator),D1,control,215,241,0.500758,0.860108,0.86233,0.81001,0.835351,0.532658,0.482666,0.449323,0.538384,0.893161,0.874369,0.772103,0.900798
noise/C0-d1-s1__r2,training-noise replicate (not in the estimator),D1,overall,408,488,0.545202,0.891156,0.881267,0.848886,0.864774,0.583825,0.493252,0.482487,0.621244,0.911935,0.905752,0.833553,0.913383
noise/C0-d1-s1__r2,training-noise replicate (not in the estimator),D1,source:dspcbsd-plus,177,240,0.53114,0.898377,0.906904,0.84285,0.873705,0.623716,0.495317,0.465077,0.540451,0.870047,0.90168,0.894358,0.927424
noise/C0-d1-s1__r2,training-noise replicate (not in the estimator),D1,source:pcb-defect,60,65,0.504407,0.938073,0.92378,0.92482,0.9243,0.515698,0.432225,0.350132,0.719573,0.953375,0.995,0.808915,0.995
noise/C0-d1-s1__r2,training-noise replicate (not in the estimator),D1,source:pcb-ind,171,183,0.642792,0.884159,0.856071,0.80722,0.830928,0.63837,0.688267,0.537202,0.707329,0.914118,0.8905,0.810733,0.921286
noise/C0-d1-s1__r2,training-noise replicate (not in the estimator),D1,probe,193,247,0.574597,0.913672,0.901317,0.853692,0.876859,0.640986,0.499292,0.497525,0.660584,0.940861,0.928096,0.858824,0.926908
noise/C0-d1-s1__r2,training-noise replicate (not in the estimator),D1,control,215,241,0.522926,0.875297,0.859059,0.862625,0.860838,0.531851,0.506307,0.473453,0.580094,0.886832,0.894155,0.819528,0.900675
