design,seed,subset,images,boxes,C0_mAP50_95,C1_mAP50_95,delta_mAP50_95,ci_low,ci_high,C0_mAP50,C1_mAP50,delta_mAP50
0,0,overall,407,500,0.523456,0.505923,0.017533,-0.001968,0.042781,0.880208,0.87387,0.006337
0,0,probe,194,240,0.519274,0.482748,0.036527,0.008531,0.067719,0.874605,0.849993,0.024612
0,0,control,213,260,0.537983,0.543618,-0.005635,-0.028071,0.024867,0.89585,0.907386,-0.011536
0,1,overall,407,500,0.531416,0.507864,0.023552,-0.000681,0.050726,0.884976,0.87528,0.009697
0,1,probe,194,240,0.531836,0.468475,0.063361,0.024011,0.097789,0.872464,0.841797,0.030667
0,1,control,213,260,0.541857,0.555843,-0.013986,-0.040028,0.01217,0.90697,0.911393,-0.004423
0,2,overall,407,500,0.530766,0.519171,0.011595,-0.006,0.035826,0.888611,0.870571,0.018039
0,2,probe,194,240,0.521191,0.503765,0.017425,-0.010446,0.052898,0.874887,0.851879,0.023008
0,2,control,213,260,0.553388,0.538768,0.01462,-0.007682,0.045573,0.916112,0.896452,0.01966
1,0,overall,408,488,0.54475,0.50773,0.03702,0.016145,0.061431,0.885087,0.859086,0.026
1,0,probe,193,247,0.567529,0.528171,0.039358,0.008701,0.079038,0.908467,0.877848,0.030619
1,0,control,215,241,0.528509,0.497577,0.030933,0.003728,0.06669,0.86738,0.850871,0.016509
2,0,overall,409,499,0.530389,0.503529,0.02686,0.006594,0.047224,0.884614,0.87014,0.014474
2,0,probe,194,243,0.557906,0.511898,0.046008,0.0167,0.072863,0.910439,0.884538,0.0259
2,0,control,215,256,0.503146,0.502961,0.000185,-0.022985,0.028711,0.851313,0.856443,-0.00513
0,mean,overall,,,,,0.01756,0.002435,0.038199,,,0.011358
0,mean,probe,,,,,0.039104,0.013777,0.067581,,,0.026096
0,mean,control,,,,,-0.001667,-0.016563,0.018625,,,0.001234
0,0,probe - control,,,,,0.042162,0.000296,0.081318,,,0.036148
0,1,probe - control,,,,,0.077347,0.032323,0.116974,,,0.03509
0,2,probe - control,,,,,0.002805,-0.036825,0.048616,,,0.003349
0,mean,probe - control,,,,,0.040771,0.010595,0.073312,,,0.024862
1,0,probe - control,,,,,0.008426,-0.043075,0.052506,,,0.01411
2,0,probe - control,,,,,0.045823,0.005622,0.080259,,,0.03103
