held_out,regime,model,test_images,test_boxes,mAP50_95,mAP50,precision,recall,F1,AP50_95_short,AP50_95_open,AP50_95_mouse_bite,AP50_95_spurious_copper,AP50_short,AP50_open,AP50_mouse_bite,AP50_spurious_copper,ci_low,ci_high
dspcbsd-plus,B-strict,B-strict-dspcbsd-plus-s0,1768,2472,0.163689,0.449936,0.51335,0.454947,0.482388,0.187979,0.15955,0.084159,0.223069,0.474772,0.466764,0.295689,0.562519,,
dspcbsd-plus,B-natural,B-natural-dspcbsd-plus-s0,1768,2472,0.15214,0.41258,0.44366,0.449565,0.446593,0.159605,0.159594,0.079178,0.210182,0.40479,0.479054,0.274945,0.491532,,
dspcbsd-plus,"A1 (in-distribution reference, different test items)",A1-s0,191,297,0.437415,0.805014,0.763449,0.773837,0.768608,0.308427,0.55171,0.400684,0.488838,0.712392,0.889701,0.768945,0.849017,,
dspcbsd-plus,"A0 (in-distribution reference, different test items)",A0-s0,175,249,0.503216,0.877943,0.865507,0.830325,0.847551,0.472835,0.548666,0.420614,0.570749,0.829624,0.888389,0.830895,0.962864,,
dspcbsd-plus,"natural - strict (paired, same test items)",,,,-0.01155,,,,,,,,,,,,,-0.020724,-0.003842
pcb-defect,B-strict,B-strict-pcb-defect-s0,939,971,0.003314,0.008296,0.761699,0.041667,0.079011,0.0,0.0,0.000809,0.012449,0.0,0.0,0.003793,0.029392,,
pcb-defect,"A0 (in-distribution reference, different test items)",A0-s0,93,94,0.476181,0.894408,0.861338,0.882206,0.871647,0.551137,0.514042,0.28508,0.554467,0.995,0.965233,0.630731,0.986667,,
pcb-ind,B-strict,B-strict-pcb-ind-s0,1713,1854,0.191682,0.482152,0.603951,0.54495,0.572936,0.195465,0.111395,0.148791,0.311075,0.515638,0.261045,0.48942,0.662507,,
pcb-ind,B-natural,B-natural-pcb-ind-s0,1713,1854,0.197166,0.490815,0.596734,0.537887,0.565784,0.256366,0.094634,0.130893,0.30677,0.644386,0.242722,0.445842,0.630312,,
pcb-ind,"A1 (in-distribution reference, different test items)",A1-s0,178,182,0.568185,0.855901,0.9041,0.713336,0.797469,0.594948,0.416564,0.647096,0.614134,0.924669,0.745,0.902992,0.850944,,
pcb-ind,"A0 (in-distribution reference, different test items)",A0-s0,170,177,0.6197,0.848589,0.881093,0.807311,0.84259,0.71344,0.465224,0.586384,0.713752,0.962272,0.630387,0.860044,0.941653,,
pcb-ind,"natural - strict (paired, same test items)",,,,0.005484,,,,,,,,,,,,,-0.007418,0.023527
