control_id,kind,a,b,expected,A_label,A_confidence,B_label,B_confidence,A_rationale,B_rationale
POS-SYN-15,positive_synthetic,dspcbsd-plus/Data_COCO/train2017/S_12331871.jpg,__syn__/syn_15.jpg,A (B acceptable),D,MEDIUM,A,MEDIUM,generic pad-plus-trace shape; extra trace on one side; framing differs,same ring pad with identical trace texture; zoomed/cropped copy
POS-SYN-09,positive_synthetic,dspcbsd-plus/Data_COCO/train2017/Y_002151.jpg,__syn__/syn_09.jpg,A (B acceptable),A,MEDIUM,A,HIGH,"horizontally mirrored copy; same L-trace, dots, slot and curved scratch","horizontally mirrored copy incl. slot, L-trace, dots and curved mark"
POS-SYN-16,positive_synthetic,pcb-defect/PCB_Defect/images/pcb_defect_091.jpg,__syn__/syn_16.jpg,A (B acceptable),B,MEDIUM,A,HIGH,same board layout trace for trace and same capture look; different small defect marks,identical board image; crop/brightness change only
POS-SYN-02,positive_synthetic,pcb-ind/YOLO/images/train/9284_t_575.jpg,__syn__/syn_02.jpg,A (B acceptable),D,MEDIUM,D,MEDIUM,similar edge protrusion; positions and lower bands differ,edge protrusion at different positions; bands differ
NEG-W-01,negative_random_within_source,pcb-defect/PCB_Defect/images/pcb_defect_152.jpg,pcb-defect/PCB_Defect/images/pcb_defect_087.jpg,D or E,D,HIGH,D,HIGH,different bare-board layouts,different board layouts
POS-SYN-04,positive_synthetic,pcb-defect/PCB_Defect/images/pcb_defect_126.jpg,__syn__/syn_04.jpg,A (B acceptable),D,MEDIUM,A,MEDIUM,similar two-row pin layout; routing differs,whole board appears horizontally mirrored (pin columns and routing mirror)
NEG-X-07,negative_cross_source,pcb-ind/YOLO/images/test/6216_t_010.jpg,pcb-defect/PCB_Defect/images/pcb_defect_226.jpg,E (D acceptable),E,HIGH,E,HIGH,dark AOI crop vs whole bare board; different sources/looks,AOI close-up vs whole board
POS-SYN-12,positive_synthetic,__syn__/syn_12.jpg,dspcbsd-plus/Data_COCO/train2017/Y_000111.jpg,A (B acceptable),B,HIGH,A,MEDIUM,"same hole pair, trace nodes and curved copper mark; vertically shifted crop","same rings, traces with bumps and pour edge; near-identical, brightness and small shift"
NEG-W-03,negative_random_within_source,dspcbsd-plus/Data_COCO/train2017/0063146.jpg,dspcbsd-plus/Data_COCO/train2017/S_12243957.jpg,D or E,E,HIGH,E,HIGH,different structures and colours,copper edge with line vs ring pad on dark with diagonal traces
POS-SYN-14,positive_synthetic,pcb-ind/YOLO/images/train/6506_t_006.jpg,__syn__/syn_14.jpg,A (B acceptable),A,HIGH,A,HIGH,"same holes, ring pad and in-hole defect at identical positions",same hole grid with identical in-hole defect; brightness/crop change only
NEG-W-05,negative_random_within_source,pcb-ind/YOLO/images/train/6374_t_001.jpg,pcb-ind/YOLO/images/train/6404_b_002.jpg,D or E,D,MEDIUM,D,MEDIUM,different trace layouts with small pinholes,different trace layouts
NEG-W-10,negative_random_within_source,pcb-defect/PCB_Defect/images/pcb_defect_219.jpg,pcb-defect/PCB_Defect/images/pcb_defect_191.jpg,D or E,D,HIGH,D,HIGH,different bare-board layouts,different board layouts
NEG-W-00,negative_random_within_source,dspcbsd-plus/Data_COCO/train2017/Y_010333.jpg,dspcbsd-plus/Data_COCO/train2017/E_000099.jpg,D or E,E,MEDIUM,E,MEDIUM,plain copper with stain vs ring pads,stain on plain copper vs ring pads
NEG-W-11,negative_random_within_source,pcb-ind/YOLO/images/test/5824_t_002.jpg,pcb-ind/YOLO/images/train/6254_b_014.jpg,D or E,E,MEDIUM,E,MEDIUM,pad array vs diagonal trace edge,pad/hole layout vs diagonal trace edge
POS-SYN-05,positive_synthetic,__syn__/syn_05.jpg,pcb-ind/YOLO/images/train/6374_t_001.jpg,A (B acceptable),B,HIGH,A,MEDIUM,same pad-ended trace with identical pinhole at same position; small shift,same pad and pinhole; near-identical with small shift
NEG-W-02,negative_random_within_source,pcb-ind/YOLO/images/train/6242_b_008.jpg,pcb-ind/YOLO/images/train/6514_b_020.jpg,D or E,E,MEDIUM,E,MEDIUM,trace pair vs large hole edge,dark trace pair vs large hole edge on copper
NEG-X-01,negative_cross_source,dspcbsd-plus/Data_COCO/train2017/Y_001971.jpg,pcb-defect/PCB_Defect/images/pcb_defect_081.jpg,E (D acceptable),E,HIGH,E,HIGH,ring pad close-up vs whole bare board,ring pad close-up vs whole board
NEG-W-04,negative_random_within_source,pcb-defect/PCB_Defect/images/pcb_defect_135.jpg,pcb-defect/PCB_Defect/images/pcb_defect_168.jpg,D or E,C,LOW,C,LOW,two-pin-row layout possibly rotated 90 degrees; routing correspondence uncertain,two-pin-row layout possibly rotated 90 degrees; uncertain
NEG-X-00,negative_cross_source,dspcbsd-plus/Data_COCO/train2017/S_12617221.jpg,pcb-ind/YOLO/images/train/6179_t_003.jpg,E (D acceptable),E,HIGH,E,MEDIUM,pad array vs dark copper edge,pads on dark vs copper edge with defect
NEG-X-03,negative_cross_source,pcb-ind/YOLO/images/train/6334_b_260.jpg,pcb-defect/PCB_Defect/images/pcb_defect_075.jpg,E (D acceptable),E,HIGH,E,HIGH,dark AOI crop vs whole bare board,AOI close-up vs whole board
POS-SYN-10,positive_synthetic,__syn__/syn_10.jpg,pcb-defect/PCB_Defect/images/pcb_defect_067.jpg,A (B acceptable),C,MEDIUM,A,MEDIUM,same board layout (pad groups and routing); one image is a cropped/zoomed capture,whole board appears horizontally mirrored incl. marker glyph and pad rows
NEG-X-05,negative_cross_source,dspcbsd-plus/Data_COCO/train2017/S_11462209.jpg,pcb-defect/PCB_Defect/images/pcb_defect_124.jpg,E (D acceptable),E,HIGH,E,HIGH,dark AOI crop vs whole bare board,AOI close-up vs whole bare board
NEG-X-09,negative_cross_source,pcb-ind/YOLO/images/train/6528_b_004.jpg,pcb-defect/PCB_Defect/images/pcb_defect_126.jpg,E (D acceptable),E,HIGH,E,HIGH,copper close-up with holes vs whole bare board,copper close-up with holes vs whole board
NEG-W-08,negative_random_within_source,pcb-ind/YOLO/images/train/5807_b_003.jpg,pcb-ind/YOLO/images/val/6224_b_007.jpg,D or E,E,MEDIUM,E,MEDIUM,parallel traces with stains vs ring pad on dark,parallel traces with stains vs ring pad
POS-SYN-00,positive_synthetic,dspcbsd-plus/Data_COCO/train2017/S_10392764.jpg,__syn__/syn_00.jpg,A (B acceptable),A,HIGH,A,HIGH,"horizontally mirrored copy: traces, cut defect, reflections and hairline scratch all mirror",horizontally mirrored copy incl. trace crack and glare
NEG-X-08,negative_cross_source,pcb-defect/PCB_Defect/images/pcb_defect_218.jpg,pcb-ind/YOLO/images/train/6425_b_005.jpg,E (D acceptable),E,HIGH,E,HIGH,whole bare board vs large-hole close-up,whole board vs large-hole close-up
POS-SYN-17,positive_synthetic,__syn__/syn_17.jpg,pcb-ind/YOLO/images/train/6331_b_228.jpg,A (B acceptable),B,HIGH,B,HIGH,same textured dark region with matching edge contour and spots; shifted crop,same textured dark region with matching contour and spots; shifted
POS-SYN-11,positive_synthetic,__syn__/syn_11.jpg,pcb-ind/YOLO/images/train/6636_b_024.jpg,A (B acceptable),A,MEDIUM,A,MEDIUM,horizontally mirrored copy of a dark rounded opening incl. rim nick,dark rounded opening with rim nick appears horizontally mirrored
POS-SYN-06,positive_synthetic,dspcbsd-plus/Data_COCO/train2017/0373444.jpg,__syn__/syn_06.jpg,A (B acceptable),B,HIGH,B,HIGH,"same trace bend, three holes and small trace nick at same spot; shifted crop","same trace bend, holes and trace nick; shifted crop"
NEG-X-02,negative_cross_source,pcb-ind/YOLO/images/train/6651_b_008.jpg,dspcbsd-plus/Data_COCO/val2017/0034036.jpg,E (D acceptable),E,MEDIUM,E,MEDIUM,small hole in trace field vs large hole with sliver,small hole in trace field vs large hole with sliver
POS-SYN-03,positive_synthetic,__syn__/syn_03.jpg,dspcbsd-plus/Data_COCO/train2017/E_003575.jpg,A (B acceptable),B,MEDIUM,B,MEDIUM,same thin trace pair with bright marks at matching spacing and nick on lower trace; shifted,same thin trace pair with bright marks at matching spacing and nick
POS-SYN-01,positive_synthetic,pcb-defect/PCB_Defect/images/pcb_defect_070.jpg,__syn__/syn_01.jpg,A (B acceptable),B,MEDIUM,B,MEDIUM,same board layout incl. pad groups; same capture look; slight zoom difference,same board layout incl. pad groups; slight zoom difference
NEG-X-04,negative_cross_source,pcb-defect/PCB_Defect/images/pcb_defect_070.jpg,pcb-ind/YOLO/images/val/5799_t_020.jpg,E (D acceptable),E,HIGH,E,HIGH,whole bare board vs AOI close-up,whole board vs AOI close-up
NEG-W-06,negative_random_within_source,dspcbsd-plus/Data_COCO/train2017/S_10098787.jpg,dspcbsd-plus/Data_COCO/train2017/0377497.jpg,D or E,E,MEDIUM,E,MEDIUM,slotted ring around hole vs parallel thin traces,slotted ring vs thin parallel traces
POS-SYN-07,positive_synthetic,__syn__/syn_07.jpg,pcb-defect/PCB_Defect/images/pcb_defect_017.jpg,A (B acceptable),B,LOW,B,LOW,same board layout; one image is a zoomed/cropped capture,same board layout; one image zoomed/cropped
NEG-W-09,negative_random_within_source,dspcbsd-plus/Data_COCO/train2017/S_12462885.jpg,dspcbsd-plus/Data_COCO/train2017/Y_001141.jpg,D or E,E,HIGH,E,HIGH,single wide trace edge vs pads and traces,single wide trace edge vs pads and traces
POS-SYN-13,positive_synthetic,__syn__/syn_13.jpg,pcb-defect/PCB_Defect/images/pcb_defect_201.jpg,A (B acceptable),A,HIGH,A,HIGH,"whole bare board horizontally mirrored: square pads, X-routing and pad positions mirror exactly",whole board horizontally mirrored
NEG-X-10,negative_cross_source,pcb-ind/YOLO/images/train/6412_t_001.jpg,pcb-defect/PCB_Defect/images/pcb_defect_044.jpg,E (D acceptable),E,HIGH,E,HIGH,AOI close-up vs whole bare board,AOI close-up vs whole board
NEG-X-11,negative_cross_source,pcb-ind/YOLO/images/test/6133_b_001.jpg,dspcbsd-plus/Data_COCO/train2017/S_12154240.jpg,E (D acceptable),E,HIGH,E,HIGH,dark pads vs ring pad on bright copper,dark pads vs ring pad on bright copper
NEG-W-07,negative_random_within_source,pcb-defect/PCB_Defect/images/pcb_defect_146.jpg,pcb-defect/PCB_Defect/images/pcb_defect_133.jpg,D or E,D,HIGH,E,HIGH,different bare-board layouts,different board layouts
NEG-X-06,negative_cross_source,pcb-defect/PCB_Defect/images/pcb_defect_201.jpg,pcb-ind/YOLO/images/test/6108_t_013.jpg,E (D acceptable),E,HIGH,E,HIGH,whole bare board vs AOI close-up,whole board vs AOI close-up
POS-SYN-08,positive_synthetic,pcb-ind/YOLO/images/train/6253_b_005.jpg,__syn__/syn_08.jpg,A (B acceptable),B,HIGH,B,HIGH,same trace with identical bump next to ring pad; shifted crop,same trace with identical bump next to ring pad; shifted crop
