pair_id,stratum,source,source_a,image_a,split_a,metadata_group_a,metadata_subgroup_a,source_b,image_b,split_b,metadata_group_b,metadata_subgroup_b,cosine,phash_distance,dhash_distance,machine_category,component_near,component_family,human_decision,human_notes
R-0001,across|BELOW_REVIEW|cross-split|no-key,dspcbsd-plus|pcb-ind,dspcbsd-plus,Data_COCO/train2017/S_11154074.jpg,train,,,pcb-ind,YOLO/images/test/6384_b_002.jpg,test,6384,6384_b,0.903404,36,32,BELOW_REVIEW,,,,
R-0002,across|BELOW_REVIEW|cross-split|no-key,dspcbsd-plus|pcb-ind,dspcbsd-plus,Data_COCO/val2017/S_10279746.jpg,val,,,pcb-ind,YOLO/images/train/6409_t_002.jpg,train,6409,6409_t,0.890875,26,34,BELOW_REVIEW,,,,
R-0003,across|BELOW_REVIEW|cross-split|no-key,dspcbsd-plus|pcb-ind,dspcbsd-plus,Data_COCO/val2017/S_11832989.jpg,val,,,pcb-ind,YOLO/images/train/6563_t_028.jpg,train,6563,6563_t,0.847398,28,33,BELOW_REVIEW,,,,
R-0004,across|BELOW_REVIEW|cross-split|no-key,dspcbsd-plus|pcb-ind,dspcbsd-plus,Data_COCO/val2017/Y_002095.jpg,val,,,pcb-ind,YOLO/images/train/6428_b_007.jpg,train,6428,6428_b,0.835419,26,30,BELOW_REVIEW,,,,
R-0005,across|BELOW_REVIEW|cross-split|no-key,dspcbsd-plus|pcb-ind,dspcbsd-plus,Data_COCO/val2017/S_11040529.jpg,val,,,pcb-ind,YOLO/images/train/6585_b_028.jpg,train,6585,6585_b,0.830877,28,25,BELOW_REVIEW,,,,
R-0006,across|BELOW_REVIEW|cross-split|no-key,dspcbsd-plus|pcb-ind,dspcbsd-plus,Data_COCO/val2017/S_10078158.jpg,val,,,pcb-ind,YOLO/images/test/6334_t_169.jpg,test,6334,6334_t,0.813991,32,29,BELOW_REVIEW,,,,
R-0007,across|BELOW_REVIEW|cross-split|no-key,dspcbsd-plus|pcb-ind,dspcbsd-plus,Data_COCO/train2017/1347_data.jpg,train,,,pcb-ind,YOLO/images/test/6339_b_003.jpg,test,6339,6339_b,0.797071,40,32,BELOW_REVIEW,,,,
R-0008,across|BELOW_REVIEW|cross-split|no-key,dspcbsd-plus|pcb-ind,dspcbsd-plus,Data_COCO/val2017/Y_004002.jpg,val,,,pcb-ind,YOLO/images/test/6576_b_012.jpg,test,6576,6576_b,0.791061,28,35,BELOW_REVIEW,,,,
R-0009,across|BELOW_REVIEW|cross-split|no-key,dspcbsd-plus|pcb-ind,dspcbsd-plus,Data_COCO/train2017/2761_data.jpg,train,,,pcb-ind,YOLO/images/test/6630_b_002.jpg,test,6630,6630_b,0.713634,38,32,BELOW_REVIEW,,,,
R-0010,across|BELOW_REVIEW|same-split|no-key,dspcbsd-plus|pcb-ind,dspcbsd-plus,Data_COCO/train2017/S_10097562.jpg,train,,,pcb-ind,YOLO/images/train/6409_t_002.jpg,train,6409,6409_t,0.874287,26,21,BELOW_REVIEW,,,,
R-0011,across|BELOW_REVIEW|same-split|no-key,dspcbsd-plus|pcb-ind,dspcbsd-plus,Data_COCO/train2017/S_11841488.jpg,train,,,pcb-ind,YOLO/images/train/5830_b_012.jpg,train,5830,5830_b,0.844487,38,40,BELOW_REVIEW,,,,
R-0012,across|BELOW_REVIEW|same-split|no-key,dspcbsd-plus|pcb-ind,dspcbsd-plus,Data_COCO/train2017/1335_data.jpg,train,,,pcb-ind,YOLO/images/train/6527_b_003.jpg,train,6527,6527_b,0.821922,28,28,BELOW_REVIEW,,,,
R-0013,across|BELOW_REVIEW|same-split|no-key,dspcbsd-plus|pcb-ind,dspcbsd-plus,Data_COCO/train2017/S_10004760.jpg,train,,,pcb-ind,YOLO/images/train/6585_b_028.jpg,train,6585,6585_b,0.807661,26,29,BELOW_REVIEW,,,,
R-0014,across|BELOW_REVIEW|same-split|no-key,dspcbsd-plus|pcb-ind,dspcbsd-plus,Data_COCO/train2017/S_11844601.jpg,train,,,pcb-ind,YOLO/images/train/6589_t_004.jpg,train,6589,6589_t,0.804406,34,32,BELOW_REVIEW,,,,
R-0015,across|BELOW_REVIEW|same-split|no-key,dspcbsd-plus|pcb-ind,dspcbsd-plus,Data_COCO/train2017/S_10041552.jpg,train,,,pcb-ind,YOLO/images/train/6340_b_006.jpg,train,6340,6340_b,0.802382,30,28,BELOW_REVIEW,,,,
R-0016,across|BELOW_REVIEW|same-split|no-key,dspcbsd-plus|pcb-ind,dspcbsd-plus,Data_COCO/train2017/S_10104127.jpg,train,,,pcb-ind,YOLO/images/train/6483_t_002.jpg,train,6483,6483_t,0.794400,36,39,BELOW_REVIEW,,,,
R-0017,across|BELOW_REVIEW|same-split|no-key,dspcbsd-plus|pcb-ind,dspcbsd-plus,Data_COCO/train2017/S_10099391.jpg,train,,,pcb-ind,YOLO/images/train/6324_t_004.jpg,train,6324,6324_t,0.787271,34,36,BELOW_REVIEW,,,,
R-0018,across|BELOW_REVIEW|same-split|no-key,dspcbsd-plus|pcb-ind,dspcbsd-plus,Data_COCO/train2017/S_11016435.jpg,train,,,pcb-ind,YOLO/images/train/6393_t_005.jpg,train,6393,6393_t,0.751785,28,20,BELOW_REVIEW,,,,
R-0019,across|NEAR_DUPLICATE|cross-split|no-key,dspcbsd-plus|pcb-ind,dspcbsd-plus,Data_COCO/val2017/Y_001992.jpg,val,,,pcb-ind,YOLO/images/train/5811_b_002.jpg,train,5811,5811_b,0.943214,30,56,NEAR_DUPLICATE,VSG-near-00036,VSG-family-00016,,
R-0020,across|NEAR_DUPLICATE|cross-split|no-key,dspcbsd-plus|pcb-ind,dspcbsd-plus,Data_COCO/train2017/Y_002017.jpg,train,,,pcb-ind,YOLO/images/test/6485_b_006.jpg,test,6485,6485_b,0.934801,36,37,NEAR_DUPLICATE,VSG-near-00036,VSG-family-00016,,
R-0021,across|NEAR_DUPLICATE|cross-split|no-key,dspcbsd-plus|pcb-ind,dspcbsd-plus,Data_COCO/train2017/Y_002088.jpg,train,,,pcb-ind,YOLO/images/test/6485_b_006.jpg,test,6485,6485_b,0.934452,32,37,NEAR_DUPLICATE,VSG-near-00036,VSG-family-00016,,
R-0022,across|NEAR_DUPLICATE|same-split|no-key,dspcbsd-plus|pcb-ind,dspcbsd-plus,Data_COCO/train2017/Y_002088.jpg,train,,,pcb-ind,YOLO/images/train/5811_b_002.jpg,train,5811,5811_b,0.952208,30,64,NEAR_DUPLICATE,VSG-near-00036,VSG-family-00016,,
R-0023,across|NEAR_DUPLICATE|same-split|no-key,dspcbsd-plus|pcb-ind,dspcbsd-plus,Data_COCO/train2017/Y_001995.jpg,train,,,pcb-ind,YOLO/images/train/5811_b_002.jpg,train,5811,5811_b,0.941783,34,64,NEAR_DUPLICATE,VSG-near-00036,VSG-family-00016,,
R-0024,across|NEAR_DUPLICATE|same-split|no-key,dspcbsd-plus|pcb-ind,dspcbsd-plus,Data_COCO/train2017/Y_002017.jpg,train,,,pcb-ind,YOLO/images/train/5811_b_002.jpg,train,5811,5811_b,0.940056,26,64,NEAR_DUPLICATE,VSG-near-00036,VSG-family-00016,,
R-0025,across|NEAR_DUPLICATE|same-split|no-key,dspcbsd-plus|pcb-ind,dspcbsd-plus,Data_COCO/train2017/E_003960.jpg,train,,,pcb-ind,YOLO/images/train/6651_b_006.jpg,train,6651,6651_b,0.935731,36,41,NEAR_DUPLICATE,VSG-near-00036,VSG-family-00016,,
R-0026,across|NEAR_DUPLICATE|same-split|no-key,dspcbsd-plus|pcb-ind,dspcbsd-plus,Data_COCO/train2017/Y_002088.jpg,train,,,pcb-ind,YOLO/images/train/6651_b_006.jpg,train,6651,6651_b,0.935356,30,39,NEAR_DUPLICATE,VSG-near-00036,VSG-family-00016,,
R-0027,across|NEAR_DUPLICATE|same-split|no-key,dspcbsd-plus|pcb-ind,dspcbsd-plus,Data_COCO/train2017/E_003960.jpg,train,,,pcb-ind,YOLO/images/train/5811_b_002.jpg,train,5811,5811_b,0.935330,22,24,NEAR_DUPLICATE,VSG-near-00036,VSG-family-00016,,
R-0028,across|NEAR_DUPLICATE|same-split|no-key,dspcbsd-plus|pcb-ind,dspcbsd-plus,Data_COCO/train2017/E_003960.jpg,train,,,pcb-ind,YOLO/images/train/6492_b_009.jpg,train,6492,6492_b,0.934314,32,37,NEAR_DUPLICATE,VSG-near-00036,VSG-family-00016,,
R-0029,across|NEAR_DUPLICATE|same-split|no-key,dspcbsd-plus|pcb-ind,dspcbsd-plus,Data_COCO/train2017/Y_002017.jpg,train,,,pcb-ind,YOLO/images/train/6651_b_006.jpg,train,6651,6651_b,0.934281,22,39,NEAR_DUPLICATE,VSG-near-00036,VSG-family-00016,,
R-0030,across|NEAR_DUPLICATE|same-split|no-key,dspcbsd-plus|pcb-ind,dspcbsd-plus,Data_COCO/train2017/E_003960.jpg,train,,,pcb-ind,YOLO/images/train/6544_b_006.jpg,train,6544,6544_b,0.933988,26,31,NEAR_DUPLICATE,VSG-near-00036,VSG-family-00016,,
R-0031,across|REVIEW_REQUIRED|cross-split|no-key,dspcbsd-plus|pcb-ind,dspcbsd-plus,Data_COCO/val2017/S_10100007.jpg,val,,,pcb-ind,YOLO/images/train/6568_b_010.jpg,train,6568,6568_b,0.778970,4,21,REVIEW_REQUIRED,,,,
R-0032,across|REVIEW_REQUIRED|cross-split|no-key,dspcbsd-plus|pcb-ind,dspcbsd-plus,Data_COCO/val2017/Y_000869.jpg,val,,,pcb-ind,YOLO/images/train/6225_b_061.jpg,train,6225,6225_b,0.599774,4,14,REVIEW_REQUIRED,,,,
R-0033,across|REVIEW_REQUIRED|cross-split|no-key,dspcbsd-plus|pcb-ind,dspcbsd-plus,Data_COCO/val2017/0396169.jpg,val,,,pcb-ind,YOLO/images/train/6376_t_015.jpg,train,6376,6376_t,0.584291,4,25,REVIEW_REQUIRED,,,,
R-0034,across|REVIEW_REQUIRED|cross-split|no-key,dspcbsd-plus|pcb-ind,dspcbsd-plus,Data_COCO/train2017/S_11765215.jpg,train,,,pcb-ind,YOLO/images/val/5913_b_032.jpg,val,5913,5913_b,0.480206,4,22,REVIEW_REQUIRED,,,,
R-0035,across|REVIEW_REQUIRED|cross-split|no-key,dspcbsd-plus|pcb-ind,dspcbsd-plus,Data_COCO/val2017/S_11351553.jpg,val,,,pcb-ind,YOLO/images/train/6225_t_022.jpg,train,6225,6225_t,0.459075,2,26,REVIEW_REQUIRED,,,,
R-0036,across|REVIEW_REQUIRED|cross-split|no-key,dspcbsd-plus|pcb-ind,dspcbsd-plus,Data_COCO/train2017/S_10196873.jpg,train,,,pcb-ind,YOLO/images/val/5913_b_032.jpg,val,5913,5913_b,0.447244,0,24,REVIEW_REQUIRED,,,,
R-0037,across|REVIEW_REQUIRED|cross-split|no-key,dspcbsd-plus|pcb-ind,dspcbsd-plus,Data_COCO/train2017/0370549.jpg,train,,,pcb-ind,YOLO/images/val/5913_b_032.jpg,val,5913,5913_b,0.432157,0,18,REVIEW_REQUIRED,,,,
R-0038,across|REVIEW_REQUIRED|cross-split|no-key,dspcbsd-plus|pcb-ind,dspcbsd-plus,Data_COCO/val2017/S_10097171.jpg,val,,,pcb-ind,YOLO/images/train/6111_b_003.jpg,train,6111,6111_b,0.399039,2,24,REVIEW_REQUIRED,,,,
R-0039,across|REVIEW_REQUIRED|cross-split|no-key,dspcbsd-plus|pcb-ind,dspcbsd-plus,Data_COCO/val2017/E_008554.jpg,val,,,pcb-ind,YOLO/images/train/6225_t_022.jpg,train,6225,6225_t,0.391710,0,18,REVIEW_REQUIRED,,,,
R-0040,across|REVIEW_REQUIRED|same-split|no-key,dspcbsd-plus|pcb-ind,dspcbsd-plus,Data_COCO/train2017/S_10293255.jpg,train,,,pcb-ind,YOLO/images/train/6320_t_006.jpg,train,6320,6320_t,0.758151,4,34,REVIEW_REQUIRED,,,,
R-0041,across|REVIEW_REQUIRED|same-split|no-key,dspcbsd-plus|pcb-ind,dspcbsd-plus,Data_COCO/train2017/S_11502854.jpg,train,,,pcb-ind,YOLO/images/train/6225_t_043.jpg,train,6225,6225_t,0.732139,4,22,REVIEW_REQUIRED,,,,
R-0042,across|REVIEW_REQUIRED|same-split|no-key,dspcbsd-plus|pcb-ind,dspcbsd-plus,Data_COCO/train2017/S_11765272.jpg,train,,,pcb-ind,YOLO/images/train/6336_b_013.jpg,train,6336,6336_b,0.656315,4,31,REVIEW_REQUIRED,,,,
R-0043,across|REVIEW_REQUIRED|same-split|no-key,dspcbsd-plus|pcb-ind,dspcbsd-plus,Data_COCO/train2017/S_10068197.jpg,train,,,pcb-ind,YOLO/images/train/6225_t_043.jpg,train,6225,6225_t,0.639623,4,21,REVIEW_REQUIRED,,,,
R-0044,across|REVIEW_REQUIRED|same-split|no-key,dspcbsd-plus|pcb-ind,dspcbsd-plus,Data_COCO/train2017/S_11504682.jpg,train,,,pcb-ind,YOLO/images/train/6225_b_215.jpg,train,6225,6225_b,0.609160,4,28,REVIEW_REQUIRED,,,,
R-0045,across|REVIEW_REQUIRED|same-split|no-key,dspcbsd-plus|pcb-ind,dspcbsd-plus,Data_COCO/train2017/S_11031412.jpg,train,,,pcb-ind,YOLO/images/train/6240_b_021.jpg,train,6240,6240_b,0.532987,4,23,REVIEW_REQUIRED,,,,
R-0046,across|REVIEW_REQUIRED|same-split|no-key,dspcbsd-plus|pcb-ind,dspcbsd-plus,Data_COCO/train2017/0370549.jpg,train,,,pcb-ind,YOLO/images/train/6588_t_001.jpg,train,6588,6588_t,0.520384,4,25,REVIEW_REQUIRED,,,,
R-0047,across|REVIEW_REQUIRED|same-split|no-key,dspcbsd-plus|pcb-ind,dspcbsd-plus,Data_COCO/train2017/Y_001906.jpg,train,,,pcb-ind,YOLO/images/train/6225_t_022.jpg,train,6225,6225_t,0.466214,2,21,REVIEW_REQUIRED,,,,
R-0048,across|REVIEW_REQUIRED|same-split|no-key,dspcbsd-plus|pcb-ind,dspcbsd-plus,Data_COCO/train2017/Y_002099.jpg,train,,,pcb-ind,YOLO/images/train/6626_t_019.jpg,train,6626,6626_t,0.376724,4,22,REVIEW_REQUIRED,,,,
R-0049,across|SAME_FAMILY_OR_SCENE|cross-split|no-key,dspcbsd-plus|pcb-ind,dspcbsd-plus,Data_COCO/train2017/E_003960.jpg,train,,,pcb-ind,YOLO/images/val/6560_b_020.jpg,val,6560,6560_b,0.930302,30,43,SAME_FAMILY_OR_SCENE,VSG-near-00036,VSG-family-00016,,
R-0050,across|SAME_FAMILY_OR_SCENE|cross-split|no-key,dspcbsd-plus|pcb-ind,dspcbsd-plus,Data_COCO/val2017/S_11841389.jpg,val,,,pcb-ind,YOLO/images/train/6108_b_001.jpg,train,6108,6108_b,0.929106,50,36,SAME_FAMILY_OR_SCENE,,VSG-family-00009,,
R-0051,across|SAME_FAMILY_OR_SCENE|cross-split|no-key,dspcbsd-plus|pcb-ind,dspcbsd-plus,Data_COCO/val2017/S_11153835.jpg,val,,,pcb-ind,YOLO/images/train/5813_b_005.jpg,train,5813,5813_b,0.927321,34,18,SAME_FAMILY_OR_SCENE,VSG-near-00036,VSG-family-00016,,
R-0052,across|SAME_FAMILY_OR_SCENE|cross-split|no-key,dspcbsd-plus|pcb-ind,dspcbsd-plus,Data_COCO/val2017/S_11153835.jpg,val,,,pcb-ind,YOLO/images/train/6651_b_006.jpg,train,6651,6651_b,0.925566,30,23,SAME_FAMILY_OR_SCENE,VSG-near-00036,VSG-family-00016,,
R-0053,across|SAME_FAMILY_OR_SCENE|cross-split|no-key,dspcbsd-plus|pcb-ind,dspcbsd-plus,Data_COCO/val2017/Y_001992.jpg,val,,,pcb-ind,YOLO/images/test/6485_b_006.jpg,test,6485,6485_b,0.924830,32,29,SAME_FAMILY_OR_SCENE,VSG-near-00036,VSG-family-00016,,
R-0054,across|SAME_FAMILY_OR_SCENE|cross-split|no-key,dspcbsd-plus|pcb-ind,dspcbsd-plus,Data_COCO/train2017/Y_002082.jpg,train,,,pcb-ind,YOLO/images/test/6485_b_006.jpg,test,6485,6485_b,0.923572,34,38,SAME_FAMILY_OR_SCENE,VSG-near-00036,VSG-family-00016,,
R-0055,across|SAME_FAMILY_OR_SCENE|cross-split|no-key,dspcbsd-plus|pcb-ind,dspcbsd-plus,Data_COCO/train2017/Y_002017.jpg,train,,,pcb-ind,YOLO/images/val/6469_b_006.jpg,val,6469,6469_b,0.921356,38,36,SAME_FAMILY_OR_SCENE,VSG-near-00036,VSG-family-00016,,
R-0056,across|SAME_FAMILY_OR_SCENE|cross-split|no-key,dspcbsd-plus|pcb-ind,dspcbsd-plus,Data_COCO/train2017/Y_002088.jpg,train,,,pcb-ind,YOLO/images/val/6469_b_006.jpg,val,6469,6469_b,0.920042,38,36,SAME_FAMILY_OR_SCENE,VSG-near-00036,VSG-family-00016,,
R-0057,across|SAME_FAMILY_OR_SCENE|cross-split|no-key,dspcbsd-plus|pcb-ind,dspcbsd-plus,Data_COCO/val2017/S_10059352.jpg,val,,,pcb-ind,YOLO/images/train/5813_b_005.jpg,train,5813,5813_b,0.918191,24,32,SAME_FAMILY_OR_SCENE,VSG-near-00036,VSG-family-00016,,
R-0058,across|SAME_FAMILY_OR_SCENE|same-split|no-key,dspcbsd-plus|pcb-ind,dspcbsd-plus,Data_COCO/train2017/Y_002088.jpg,train,,,pcb-ind,YOLO/images/train/6544_b_006.jpg,train,6544,6544_b,0.931878,32,41,SAME_FAMILY_OR_SCENE,VSG-near-00036,VSG-family-00016,,
R-0059,across|SAME_FAMILY_OR_SCENE|same-split|no-key,dspcbsd-plus|pcb-ind,dspcbsd-plus,Data_COCO/train2017/Y_002017.jpg,train,,,pcb-ind,YOLO/images/train/6595_b_006.jpg,train,6595,6595_b,0.931323,36,30,SAME_FAMILY_OR_SCENE,VSG-near-00036,VSG-family-00016,,
R-0060,across|SAME_FAMILY_OR_SCENE|same-split|no-key,dspcbsd-plus|pcb-ind,dspcbsd-plus,Data_COCO/train2017/Y_002017.jpg,train,,,pcb-ind,YOLO/images/train/6452_b_006.jpg,train,6452,6452_b,0.928271,38,30,SAME_FAMILY_OR_SCENE,VSG-near-00036,VSG-family-00016,,
R-0061,across|SAME_FAMILY_OR_SCENE|same-split|no-key,dspcbsd-plus|pcb-ind,dspcbsd-plus,Data_COCO/train2017/E_003960.jpg,train,,,pcb-ind,YOLO/images/train/6540_b_006.jpg,train,6540,6540_b,0.926648,22,34,SAME_FAMILY_OR_SCENE,VSG-near-00036,VSG-family-00016,,
R-0062,across|SAME_FAMILY_OR_SCENE|same-split|no-key,dspcbsd-plus|pcb-ind,dspcbsd-plus,Data_COCO/train2017/S_10031704.jpg,train,,,pcb-ind,YOLO/images/train/6603_b_016.jpg,train,6603,6603_b,0.925424,40,40,SAME_FAMILY_OR_SCENE,,VSG-family-00013,,
R-0063,across|SAME_FAMILY_OR_SCENE|same-split|no-key,dspcbsd-plus|pcb-ind,dspcbsd-plus,Data_COCO/train2017/Y_002017.jpg,train,,,pcb-ind,YOLO/images/train/6514_b_007.jpg,train,6514,6514_b,0.924554,40,33,SAME_FAMILY_OR_SCENE,VSG-near-00036,VSG-family-00016,,
R-0064,across|SAME_FAMILY_OR_SCENE|same-split|no-key,dspcbsd-plus|pcb-ind,dspcbsd-plus,Data_COCO/train2017/Y_002088.jpg,train,,,pcb-ind,YOLO/images/train/5822_b_002.jpg,train,5822,5822_b,0.923490,30,64,SAME_FAMILY_OR_SCENE,VSG-near-00036,VSG-family-00016,,
R-0065,across|SAME_FAMILY_OR_SCENE|same-split|no-key,dspcbsd-plus|pcb-ind,dspcbsd-plus,Data_COCO/train2017/Y_002088.jpg,train,,,pcb-ind,YOLO/images/train/5814_b_001.jpg,train,5814,5814_b,0.920729,34,64,SAME_FAMILY_OR_SCENE,VSG-near-00036,VSG-family-00016,,
R-0066,across|SAME_FAMILY_OR_SCENE|same-split|no-key,dspcbsd-plus|pcb-ind,dspcbsd-plus,Data_COCO/train2017/Y_002442.jpg,train,,,pcb-ind,YOLO/images/train/6243_b_003.jpg,train,6243,6243_b,0.918756,34,22,SAME_FAMILY_OR_SCENE,,VSG-family-00013,,
R-0067,within:dspcbsd-plus|BELOW_REVIEW|cross-split|no-key,dspcbsd-plus,dspcbsd-plus,Data_COCO/train2017/0034016.jpg,train,,,dspcbsd-plus,Data_COCO/val2017/Y_001180.jpg,val,,,0.892852,28,28,BELOW_REVIEW,,,,
R-0068,within:dspcbsd-plus|BELOW_REVIEW|cross-split|no-key,dspcbsd-plus,dspcbsd-plus,Data_COCO/train2017/S_11011678.jpg,train,,,dspcbsd-plus,Data_COCO/val2017/S_12156154.jpg,val,,,0.884581,34,33,BELOW_REVIEW,,,,
R-0069,within:dspcbsd-plus|BELOW_REVIEW|cross-split|no-key,dspcbsd-plus,dspcbsd-plus,Data_COCO/train2017/S_10346352.jpg,train,,,dspcbsd-plus,Data_COCO/val2017/S_12560598.jpg,val,,,0.882209,32,36,BELOW_REVIEW,,,,
R-0070,within:dspcbsd-plus|BELOW_REVIEW|cross-split|no-key,dspcbsd-plus,dspcbsd-plus,Data_COCO/train2017/0108074.jpg,train,,,dspcbsd-plus,Data_COCO/val2017/S_11016685.jpg,val,,,0.855627,32,25,BELOW_REVIEW,,,,
R-0071,within:dspcbsd-plus|BELOW_REVIEW|cross-split|no-key,dspcbsd-plus,dspcbsd-plus,Data_COCO/train2017/S_11086300.jpg,train,,,dspcbsd-plus,Data_COCO/val2017/S_12614617.jpg,val,,,0.854068,34,31,BELOW_REVIEW,,,,
R-0072,within:dspcbsd-plus|BELOW_REVIEW|cross-split|no-key,dspcbsd-plus,dspcbsd-plus,Data_COCO/train2017/S_11761403.jpg,train,,,dspcbsd-plus,Data_COCO/val2017/S_12072861.jpg,val,,,0.853912,26,31,BELOW_REVIEW,,,,
R-0073,within:dspcbsd-plus|BELOW_REVIEW|cross-split|no-key,dspcbsd-plus,dspcbsd-plus,Data_COCO/train2017/0035753.jpg,train,,,dspcbsd-plus,Data_COCO/val2017/Y_001786.jpg,val,,,0.812940,24,39,BELOW_REVIEW,,,,
R-0074,within:dspcbsd-plus|BELOW_REVIEW|cross-split|no-key,dspcbsd-plus,dspcbsd-plus,Data_COCO/train2017/Y_002248.jpg,train,,,dspcbsd-plus,Data_COCO/val2017/Y_002235.jpg,val,,,0.765194,26,48,BELOW_REVIEW,,,,
R-0075,within:dspcbsd-plus|BELOW_REVIEW|cross-split|no-key,dspcbsd-plus,dspcbsd-plus,Data_COCO/train2017/S_11024618.jpg,train,,,dspcbsd-plus,Data_COCO/val2017/S_11029665.jpg,val,,,0.629235,36,29,BELOW_REVIEW,,,,
R-0076,within:dspcbsd-plus|BELOW_REVIEW|same-split|no-key,dspcbsd-plus,dspcbsd-plus,Data_COCO/val2017/0376664.jpg,val,,,dspcbsd-plus,Data_COCO/val2017/S_12603602.jpg,val,,,0.912660,34,37,BELOW_REVIEW,,,,
R-0077,within:dspcbsd-plus|BELOW_REVIEW|same-split|no-key,dspcbsd-plus,dspcbsd-plus,Data_COCO/train2017/S_11925051.jpg,train,,,dspcbsd-plus,Data_COCO/train2017/S_12408563.jpg,train,,,0.908373,28,40,BELOW_REVIEW,,,,
R-0078,within:dspcbsd-plus|BELOW_REVIEW|same-split|no-key,dspcbsd-plus,dspcbsd-plus,Data_COCO/train2017/S_10469224.jpg,train,,,dspcbsd-plus,Data_COCO/train2017/S_11463321.jpg,train,,,0.899274,24,24,BELOW_REVIEW,,,,
R-0079,within:dspcbsd-plus|BELOW_REVIEW|same-split|no-key,dspcbsd-plus,dspcbsd-plus,Data_COCO/train2017/S_11215696.jpg,train,,,dspcbsd-plus,Data_COCO/train2017/Y_001021.jpg,train,,,0.885173,12,23,BELOW_REVIEW,,,,
R-0080,within:dspcbsd-plus|BELOW_REVIEW|same-split|no-key,dspcbsd-plus,dspcbsd-plus,Data_COCO/train2017/S_11863806.jpg,train,,,dspcbsd-plus,Data_COCO/train2017/Y_001994.jpg,train,,,0.814809,34,37,BELOW_REVIEW,,,,
R-0081,within:dspcbsd-plus|BELOW_REVIEW|same-split|no-key,dspcbsd-plus,dspcbsd-plus,Data_COCO/train2017/S_10376859.jpg,train,,,dspcbsd-plus,Data_COCO/train2017/Y_001790.jpg,train,,,0.775531,32,29,BELOW_REVIEW,,,,
R-0082,within:dspcbsd-plus|BELOW_REVIEW|same-split|no-key,dspcbsd-plus,dspcbsd-plus,Data_COCO/val2017/S_10279866.jpg,val,,,dspcbsd-plus,Data_COCO/val2017/S_10279867.jpg,val,,,0.756713,32,32,BELOW_REVIEW,,,,
R-0083,within:dspcbsd-plus|BELOW_REVIEW|same-split|no-key,dspcbsd-plus,dspcbsd-plus,Data_COCO/train2017/S_10442721.jpg,train,,,dspcbsd-plus,Data_COCO/train2017/S_12522848.jpg,train,,,0.716905,28,20,BELOW_REVIEW,,,,
R-0084,within:dspcbsd-plus|BELOW_REVIEW|same-split|no-key,dspcbsd-plus,dspcbsd-plus,Data_COCO/train2017/S_11834088.jpg,train,,,dspcbsd-plus,Data_COCO/train2017/S_11844787.jpg,train,,,0.703197,26,26,BELOW_REVIEW,,,,
R-0085,within:dspcbsd-plus|NEAR_DUPLICATE|cross-split|no-key,dspcbsd-plus,dspcbsd-plus,Data_COCO/train2017/S_11007025.jpg,train,,,dspcbsd-plus,Data_COCO/val2017/S_11046870.jpg,val,,,0.955458,16,18,NEAR_DUPLICATE,VSG-near-00035,VSG-family-00005,,
R-0086,within:dspcbsd-plus|NEAR_DUPLICATE|cross-split|no-key,dspcbsd-plus,dspcbsd-plus,Data_COCO/train2017/S_10360577.jpg,train,,,dspcbsd-plus,Data_COCO/val2017/S_11006781.jpg,val,,,0.948886,20,15,NEAR_DUPLICATE,VSG-near-00008,VSG-family-00013,,
R-0087,within:dspcbsd-plus|NEAR_DUPLICATE|cross-split|no-key,dspcbsd-plus,dspcbsd-plus,Data_COCO/train2017/S_11891496.jpg,train,,,dspcbsd-plus,Data_COCO/val2017/S_11886061.jpg,val,,,0.945212,6,2,NEAR_DUPLICATE,VSG-near-00301,VSG-family-00350,,
R-0088,within:dspcbsd-plus|NEAR_DUPLICATE|cross-split|no-key,dspcbsd-plus,dspcbsd-plus,Data_COCO/train2017/S_10100963.jpg,train,,,dspcbsd-plus,Data_COCO/val2017/S_10098502.jpg,val,,,0.940867,4,4,NEAR_DUPLICATE,VSG-near-00094,VSG-family-00105,,
R-0089,within:dspcbsd-plus|NEAR_DUPLICATE|cross-split|no-key,dspcbsd-plus,dspcbsd-plus,Data_COCO/train2017/S_11896428.jpg,train,,,dspcbsd-plus,Data_COCO/val2017/S_11897381.jpg,val,,,0.940457,4,3,NEAR_DUPLICATE,VSG-near-00301,VSG-family-00350,,
R-0090,within:dspcbsd-plus|NEAR_DUPLICATE|cross-split|no-key,dspcbsd-plus,dspcbsd-plus,Data_COCO/train2017/Y_000667.jpg,train,,,dspcbsd-plus,Data_COCO/val2017/Y_000958.jpg,val,,,0.938091,22,11,NEAR_DUPLICATE,VSG-near-00383,VSG-family-00295,,
R-0091,within:dspcbsd-plus|NEAR_DUPLICATE|cross-split|no-key,dspcbsd-plus,dspcbsd-plus,Data_COCO/train2017/Y_000711.jpg,train,,,dspcbsd-plus,Data_COCO/val2017/Y_000816.jpg,val,,,0.937994,16,7,NEAR_DUPLICATE,VSG-near-00376,VSG-family-00295,,
R-0092,within:dspcbsd-plus|NEAR_DUPLICATE|cross-split|no-key,dspcbsd-plus,dspcbsd-plus,Data_COCO/train2017/S_10010658.jpg,train,,,dspcbsd-plus,Data_COCO/val2017/S_11462716.jpg,val,,,0.937365,26,13,NEAR_DUPLICATE,VSG-near-00008,VSG-family-00013,,
R-0093,within:dspcbsd-plus|NEAR_DUPLICATE|cross-split|no-key,dspcbsd-plus,dspcbsd-plus,Data_COCO/train2017/S_11049443.jpg,train,,,dspcbsd-plus,Data_COCO/val2017/S_11049444.jpg,val,,,0.934113,34,22,NEAR_DUPLICATE,VSG-near-00181,VSG-family-00200,,
R-0094,within:dspcbsd-plus|NEAR_DUPLICATE|same-split|no-key,dspcbsd-plus,dspcbsd-plus,Data_COCO/train2017/Y_000711.jpg,train,,,dspcbsd-plus,Data_COCO/train2017/Y_000888.jpg,train,,,0.978678,4,0,NEAR_DUPLICATE,VSG-near-00376,VSG-family-00295,,
R-0095,within:dspcbsd-plus|NEAR_DUPLICATE|same-split|no-key,dspcbsd-plus,dspcbsd-plus,Data_COCO/train2017/Y_000204.jpg,train,,,dspcbsd-plus,Data_COCO/train2017/Y_000205.jpg,train,,,0.969046,22,0,NEAR_DUPLICATE,VSG-near-00372,VSG-family-00424,,
R-0096,within:dspcbsd-plus|NEAR_DUPLICATE|same-split|no-key,dspcbsd-plus,dspcbsd-plus,Data_COCO/train2017/0375964.jpg,train,,,dspcbsd-plus,Data_COCO/train2017/E_003531.jpg,train,,,0.961567,20,9,NEAR_DUPLICATE,VSG-near-00038,VSG-family-00005,,
R-0097,within:dspcbsd-plus|NEAR_DUPLICATE|same-split|no-key,dspcbsd-plus,dspcbsd-plus,Data_COCO/train2017/S_11873037.jpg,train,,,dspcbsd-plus,Data_COCO/train2017/S_11917429.jpg,train,,,0.960196,34,43,NEAR_DUPLICATE,VSG-near-00292,VSG-family-00342,,
R-0098,within:dspcbsd-plus|NEAR_DUPLICATE|same-split|no-key,dspcbsd-plus,dspcbsd-plus,Data_COCO/train2017/S_11894552.jpg,train,,,dspcbsd-plus,Data_COCO/train2017/S_11896428.jpg,train,,,0.959811,4,2,NEAR_DUPLICATE,VSG-near-00301,VSG-family-00350,,
R-0099,within:dspcbsd-plus|NEAR_DUPLICATE|same-split|no-key,dspcbsd-plus,dspcbsd-plus,Data_COCO/train2017/Y_000592.jpg,train,,,dspcbsd-plus,Data_COCO/train2017/Y_000952.jpg,train,,,0.953318,26,18,NEAR_DUPLICATE,VSG-near-00057,VSG-family-00062,,
R-0100,within:dspcbsd-plus|NEAR_DUPLICATE|same-split|no-key,dspcbsd-plus,dspcbsd-plus,Data_COCO/train2017/Y_000817.jpg,train,,,dspcbsd-plus,Data_COCO/train2017/Y_000929.jpg,train,,,0.950828,22,3,NEAR_DUPLICATE,VSG-near-00376,VSG-family-00295,,
R-0101,within:dspcbsd-plus|NEAR_DUPLICATE|same-split|no-key,dspcbsd-plus,dspcbsd-plus,Data_COCO/train2017/S_11941530.jpg,train,,,dspcbsd-plus,Data_COCO/train2017/S_11943735.jpg,train,,,0.942845,22,28,NEAR_DUPLICATE,VSG-near-00296,VSG-family-00036,,
R-0102,within:dspcbsd-plus|NEAR_DUPLICATE|same-split|no-key,dspcbsd-plus,dspcbsd-plus,Data_COCO/train2017/S_11049590.jpg,train,,,dspcbsd-plus,Data_COCO/train2017/S_11049616.jpg,train,,,0.942186,24,43,NEAR_DUPLICATE,VSG-near-00184,VSG-family-00202,,
R-0103,within:dspcbsd-plus|REVIEW_REQUIRED|cross-split|no-key,dspcbsd-plus,dspcbsd-plus,Data_COCO/train2017/S_12096565.jpg,train,,,dspcbsd-plus,Data_COCO/val2017/Y_003624.jpg,val,,,0.894781,4,4,REVIEW_REQUIRED,VSG-near-00003,VSG-family-00004,,
R-0104,within:dspcbsd-plus|REVIEW_REQUIRED|cross-split|no-key,dspcbsd-plus,dspcbsd-plus,Data_COCO/train2017/S_12096545.jpg,train,,,dspcbsd-plus,Data_COCO/val2017/S_10028781.jpg,val,,,0.756850,4,39,REVIEW_REQUIRED,,,,
R-0105,within:dspcbsd-plus|REVIEW_REQUIRED|cross-split|no-key,dspcbsd-plus,dspcbsd-plus,Data_COCO/train2017/S_10433105.jpg,train,,,dspcbsd-plus,Data_COCO/val2017/0058315.jpg,val,,,0.741105,2,16,REVIEW_REQUIRED,,,,
R-0106,within:dspcbsd-plus|REVIEW_REQUIRED|cross-split|no-key,dspcbsd-plus,dspcbsd-plus,Data_COCO/train2017/0107802.jpg,train,,,dspcbsd-plus,Data_COCO/val2017/0378107.jpg,val,,,0.703054,4,22,REVIEW_REQUIRED,,,,
R-0107,within:dspcbsd-plus|REVIEW_REQUIRED|cross-split|no-key,dspcbsd-plus,dspcbsd-plus,Data_COCO/train2017/0080748.jpg,train,,,dspcbsd-plus,Data_COCO/val2017/S_11232688.jpg,val,,,0.667206,4,19,REVIEW_REQUIRED,,,,
R-0108,within:dspcbsd-plus|REVIEW_REQUIRED|cross-split|no-key,dspcbsd-plus,dspcbsd-plus,Data_COCO/train2017/0032400.jpg,train,,,dspcbsd-plus,Data_COCO/val2017/0378601.jpg,val,,,0.619103,4,14,REVIEW_REQUIRED,,,,
R-0109,within:dspcbsd-plus|REVIEW_REQUIRED|cross-split|no-key,dspcbsd-plus,dspcbsd-plus,Data_COCO/train2017/Y_002535.jpg,train,,,dspcbsd-plus,Data_COCO/val2017/S_10028781.jpg,val,,,0.615687,4,10,REVIEW_REQUIRED,,,,
R-0110,within:dspcbsd-plus|REVIEW_REQUIRED|cross-split|no-key,dspcbsd-plus,dspcbsd-plus,Data_COCO/train2017/0102043.jpg,train,,,dspcbsd-plus,Data_COCO/val2017/0378601.jpg,val,,,0.612479,4,16,REVIEW_REQUIRED,,,,
R-0111,within:dspcbsd-plus|REVIEW_REQUIRED|cross-split|no-key,dspcbsd-plus,dspcbsd-plus,Data_COCO/train2017/0058380.jpg,train,,,dspcbsd-plus,Data_COCO/val2017/S_10304853.jpg,val,,,0.377280,4,46,REVIEW_REQUIRED,,,,
R-0112,within:dspcbsd-plus|REVIEW_REQUIRED|same-split|no-key,dspcbsd-plus,dspcbsd-plus,Data_COCO/train2017/S_10347137.jpg,train,,,dspcbsd-plus,Data_COCO/train2017/S_10433107.jpg,train,,,0.882436,4,11,REVIEW_REQUIRED,,,,
R-0113,within:dspcbsd-plus|REVIEW_REQUIRED|same-split|no-key,dspcbsd-plus,dspcbsd-plus,Data_COCO/train2017/0032227.jpg,train,,,dspcbsd-plus,Data_COCO/train2017/S_11233902.jpg,train,,,0.818178,4,20,REVIEW_REQUIRED,,,,
R-0114,within:dspcbsd-plus|REVIEW_REQUIRED|same-split|no-key,dspcbsd-plus,dspcbsd-plus,Data_COCO/train2017/S_10433107.jpg,train,,,dspcbsd-plus,Data_COCO/train2017/S_12222008.jpg,train,,,0.763523,2,15,REVIEW_REQUIRED,,,,
R-0115,within:dspcbsd-plus|REVIEW_REQUIRED|same-split|no-key,dspcbsd-plus,dspcbsd-plus,Data_COCO/train2017/0067978.jpg,train,,,dspcbsd-plus,Data_COCO/train2017/S_11350461.jpg,train,,,0.742446,4,17,REVIEW_REQUIRED,,,,
R-0116,within:dspcbsd-plus|REVIEW_REQUIRED|same-split|no-key,dspcbsd-plus,dspcbsd-plus,Data_COCO/train2017/0032281.jpg,train,,,dspcbsd-plus,Data_COCO/train2017/0107802.jpg,train,,,0.695456,2,15,REVIEW_REQUIRED,,,,
R-0117,within:dspcbsd-plus|REVIEW_REQUIRED|same-split|no-key,dspcbsd-plus,dspcbsd-plus,Data_COCO/train2017/S_11233902.jpg,train,,,dspcbsd-plus,Data_COCO/train2017/Y_000422.jpg,train,,,0.695085,0,11,REVIEW_REQUIRED,,,,
R-0118,within:dspcbsd-plus|REVIEW_REQUIRED|same-split|no-key,dspcbsd-plus,dspcbsd-plus,Data_COCO/train2017/S_11232701.jpg,train,,,dspcbsd-plus,Data_COCO/train2017/Y_001037.jpg,train,,,0.688050,4,23,REVIEW_REQUIRED,,,,
R-0119,within:dspcbsd-plus|REVIEW_REQUIRED|same-split|no-key,dspcbsd-plus,dspcbsd-plus,Data_COCO/train2017/Y_000235.jpg,train,,,dspcbsd-plus,Data_COCO/train2017/Y_001294.jpg,train,,,0.573614,4,27,REVIEW_REQUIRED,,,,
R-0120,within:dspcbsd-plus|REVIEW_REQUIRED|same-split|no-key,dspcbsd-plus,dspcbsd-plus,Data_COCO/val2017/E_008554.jpg,val,,,dspcbsd-plus,Data_COCO/val2017/Y_002485.jpg,val,,,0.411090,4,17,REVIEW_REQUIRED,,,,
R-0121,within:dspcbsd-plus|SAME_FAMILY_OR_SCENE|cross-split|no-key,dspcbsd-plus,dspcbsd-plus,Data_COCO/train2017/S_10292569.jpg,train,,,dspcbsd-plus,Data_COCO/val2017/S_10214962.jpg,val,,,0.930493,26,18,SAME_FAMILY_OR_SCENE,VSG-near-00008,VSG-family-00013,,
R-0122,within:dspcbsd-plus|SAME_FAMILY_OR_SCENE|cross-split|no-key,dspcbsd-plus,dspcbsd-plus,Data_COCO/train2017/S_10306356.jpg,train,,,dspcbsd-plus,Data_COCO/val2017/S_11049478.jpg,val,,,0.929124,32,26,SAME_FAMILY_OR_SCENE,VSG-near-00008,VSG-family-00013,,
R-0123,within:dspcbsd-plus|SAME_FAMILY_OR_SCENE|cross-split|no-key,dspcbsd-plus,dspcbsd-plus,Data_COCO/train2017/Y_002325.jpg,train,,,dspcbsd-plus,Data_COCO/val2017/Y_000553.jpg,val,,,0.926039,28,18,SAME_FAMILY_OR_SCENE,,VSG-family-00503,,
R-0124,within:dspcbsd-plus|SAME_FAMILY_OR_SCENE|cross-split|no-key,dspcbsd-plus,dspcbsd-plus,Data_COCO/train2017/S_10436091.jpg,train,,,dspcbsd-plus,Data_COCO/val2017/S_11463147.jpg,val,,,0.924243,28,11,SAME_FAMILY_OR_SCENE,VSG-near-00008,VSG-family-00013,,
R-0125,within:dspcbsd-plus|SAME_FAMILY_OR_SCENE|cross-split|no-key,dspcbsd-plus,dspcbsd-plus,Data_COCO/train2017/S_11903794.jpg,train,,,dspcbsd-plus,Data_COCO/val2017/S_11903669.jpg,val,,,0.923570,26,11,SAME_FAMILY_OR_SCENE,VSG-near-00306,VSG-family-00049,,
R-0126,within:dspcbsd-plus|SAME_FAMILY_OR_SCENE|cross-split|no-key,dspcbsd-plus,dspcbsd-plus,Data_COCO/train2017/S_11189994.jpg,train,,,dspcbsd-plus,Data_COCO/val2017/S_11197478.jpg,val,,,0.923360,26,30,SAME_FAMILY_OR_SCENE,,VSG-family-00261,,
R-0127,within:dspcbsd-plus|SAME_FAMILY_OR_SCENE|cross-split|no-key,dspcbsd-plus,dspcbsd-plus,Data_COCO/train2017/S_11218086.jpg,train,,,dspcbsd-plus,Data_COCO/val2017/S_10222980.jpg,val,,,0.921596,26,16,SAME_FAMILY_OR_SCENE,VSG-near-00008,VSG-family-00013,,
R-0128,within:dspcbsd-plus|SAME_FAMILY_OR_SCENE|cross-split|no-key,dspcbsd-plus,dspcbsd-plus,Data_COCO/train2017/Y_000949.jpg,train,,,dspcbsd-plus,Data_COCO/val2017/Y_000686.jpg,val,,,0.920977,20,9,SAME_FAMILY_OR_SCENE,VSG-near-00376,VSG-family-00295,,
R-0129,within:dspcbsd-plus|SAME_FAMILY_OR_SCENE|cross-split|no-key,dspcbsd-plus,dspcbsd-plus,Data_COCO/train2017/S_10270731.jpg,train,,,dspcbsd-plus,Data_COCO/val2017/S_10270746.jpg,val,,,0.920943,24,22,SAME_FAMILY_OR_SCENE,,VSG-family-00126,,
R-0130,within:dspcbsd-plus|SAME_FAMILY_OR_SCENE|same-split|no-key,dspcbsd-plus,dspcbsd-plus,Data_COCO/train2017/S_10306177.jpg,train,,,dspcbsd-plus,Data_COCO/train2017/S_10310620.jpg,train,,,0.933028,36,29,SAME_FAMILY_OR_SCENE,,VSG-family-00014,,
R-0131,within:dspcbsd-plus|SAME_FAMILY_OR_SCENE|same-split|no-key,dspcbsd-plus,dspcbsd-plus,Data_COCO/train2017/S_10370078.jpg,train,,,dspcbsd-plus,Data_COCO/train2017/S_11046881.jpg,train,,,0.932482,26,19,SAME_FAMILY_OR_SCENE,VSG-near-00008,VSG-family-00013,,
R-0132,within:dspcbsd-plus|SAME_FAMILY_OR_SCENE|same-split|no-key,dspcbsd-plus,dspcbsd-plus,Data_COCO/train2017/E_003490.jpg,train,,,dspcbsd-plus,Data_COCO/train2017/E_003533.jpg,train,,,0.930500,26,24,SAME_FAMILY_OR_SCENE,,VSG-family-00013,,
R-0133,within:dspcbsd-plus|SAME_FAMILY_OR_SCENE|same-split|no-key,dspcbsd-plus,dspcbsd-plus,Data_COCO/train2017/2372_data.jpg,train,,,dspcbsd-plus,Data_COCO/train2017/2375_data.jpg,train,,,0.927613,32,33,SAME_FAMILY_OR_SCENE,,VSG-family-00067,,
R-0134,within:dspcbsd-plus|SAME_FAMILY_OR_SCENE|same-split|no-key,dspcbsd-plus,dspcbsd-plus,Data_COCO/train2017/S_11005584.jpg,train,,,dspcbsd-plus,Data_COCO/train2017/S_11215327.jpg,train,,,0.922266,24,19,SAME_FAMILY_OR_SCENE,VSG-near-00008,VSG-family-00013,,
R-0135,within:dspcbsd-plus|SAME_FAMILY_OR_SCENE|same-split|no-key,dspcbsd-plus,dspcbsd-plus,Data_COCO/train2017/S_11189994.jpg,train,,,dspcbsd-plus,Data_COCO/train2017/S_11197391.jpg,train,,,0.921840,32,28,SAME_FAMILY_OR_SCENE,,VSG-family-00261,,
R-0136,within:dspcbsd-plus|SAME_FAMILY_OR_SCENE|same-split|no-key,dspcbsd-plus,dspcbsd-plus,Data_COCO/train2017/S_11001666.jpg,train,,,dspcbsd-plus,Data_COCO/train2017/S_11462880.jpg,train,,,0.919397,32,28,SAME_FAMILY_OR_SCENE,VSG-near-00008,VSG-family-00013,,
R-0137,within:dspcbsd-plus|SAME_FAMILY_OR_SCENE|same-split|no-key,dspcbsd-plus,dspcbsd-plus,Data_COCO/train2017/S_10010574.jpg,train,,,dspcbsd-plus,Data_COCO/train2017/S_10377880.jpg,train,,,0.918543,42,35,SAME_FAMILY_OR_SCENE,VSG-near-00035,VSG-family-00005,,
R-0138,within:dspcbsd-plus|SAME_FAMILY_OR_SCENE|same-split|no-key,dspcbsd-plus,dspcbsd-plus,Data_COCO/train2017/0106200.jpg,train,,,dspcbsd-plus,Data_COCO/train2017/S_11625944.jpg,train,,,0.918317,32,33,SAME_FAMILY_OR_SCENE,,VSG-family-00009,,
R-0139,within:pcb-defect|BELOW_REVIEW|no-split|other-group,pcb-defect,pcb-defect,PCB_Defect/images/pcb_defect_015.jpg,,51,51-1,pcb-defect,PCB_Defect/images/pcb_defect_221.jpg,,80,80-2,0.917977,22,24,BELOW_REVIEW,,,,
R-0140,within:pcb-defect|BELOW_REVIEW|no-split|other-group,pcb-defect,pcb-defect,PCB_Defect/images/pcb_defect_029.jpg,,52,52-1,pcb-defect,PCB_Defect/images/pcb_defect_209.jpg,,68,68-2,0.917789,26,30,BELOW_REVIEW,,,,
R-0141,within:pcb-defect|BELOW_REVIEW|no-split|other-group,pcb-defect,pcb-defect,PCB_Defect/images/pcb_defect_006.jpg,,50,50-1,pcb-defect,PCB_Defect/images/pcb_defect_028.jpg,,51,51-2,0.917051,26,28,BELOW_REVIEW,,,,
R-0142,within:pcb-defect|BELOW_REVIEW|no-split|other-group,pcb-defect,pcb-defect,PCB_Defect/images/pcb_defect_076.jpg,,55,55-1,pcb-defect,PCB_Defect/images/pcb_defect_089.jpg,,56,56-1,0.916916,32,28,BELOW_REVIEW,,,,
R-0143,within:pcb-defect|BELOW_REVIEW|no-split|other-group,pcb-defect,pcb-defect,PCB_Defect/images/pcb_defect_048.jpg,,53,53-1,pcb-defect,PCB_Defect/images/pcb_defect_145.jpg,,62,62-2,0.912799,26,22,BELOW_REVIEW,,,,
R-0144,within:pcb-defect|BELOW_REVIEW|no-split|other-group,pcb-defect,pcb-defect,PCB_Defect/images/pcb_defect_044.jpg,,52,52-2,pcb-defect,PCB_Defect/images/pcb_defect_078.jpg,,55,55-1,0.912402,38,23,BELOW_REVIEW,,,,
R-0145,within:pcb-defect|BELOW_REVIEW|no-split|other-group,pcb-defect,pcb-defect,PCB_Defect/images/pcb_defect_008.jpg,,50,50-2,pcb-defect,PCB_Defect/images/pcb_defect_032.jpg,,52,52-1,0.912186,34,40,BELOW_REVIEW,,,,
R-0146,within:pcb-defect|BELOW_REVIEW|no-split|other-group,pcb-defect,pcb-defect,PCB_Defect/images/pcb_defect_083.jpg,,55,55-2,pcb-defect,PCB_Defect/images/pcb_defect_222.jpg,,81,81-1,0.901170,24,27,BELOW_REVIEW,,,,
R-0147,within:pcb-defect|BELOW_REVIEW|no-split|other-group,pcb-defect,pcb-defect,PCB_Defect/images/pcb_defect_007.jpg,,50,50-2,pcb-defect,PCB_Defect/images/pcb_defect_028.jpg,,51,51-2,0.897011,26,27,BELOW_REVIEW,,,,
R-0148,within:pcb-defect|BELOW_REVIEW|no-split|same-group,pcb-defect,pcb-defect,PCB_Defect/images/pcb_defect_023.jpg,,51,51-2,pcb-defect,PCB_Defect/images/pcb_defect_024.jpg,,51,51-2,0.914183,16,15,BELOW_REVIEW,,,,
R-0149,within:pcb-defect|BELOW_REVIEW|no-split|same-group,pcb-defect,pcb-defect,PCB_Defect/images/pcb_defect_164.jpg,,64,64-1,pcb-defect,PCB_Defect/images/pcb_defect_168.jpg,,64,64-2,0.913108,34,32,BELOW_REVIEW,,,,
R-0150,within:pcb-defect|BELOW_REVIEW|no-split|same-group,pcb-defect,pcb-defect,PCB_Defect/images/pcb_defect_083.jpg,,55,55-2,pcb-defect,PCB_Defect/images/pcb_defect_084.jpg,,55,55-2,0.911284,28,26,BELOW_REVIEW,,,,
R-0151,within:pcb-defect|BELOW_REVIEW|no-split|same-group,pcb-defect,pcb-defect,PCB_Defect/images/pcb_defect_085.jpg,,56,56-1,pcb-defect,PCB_Defect/images/pcb_defect_087.jpg,,56,56-1,0.908299,20,20,BELOW_REVIEW,,,,
R-0152,within:pcb-defect|BELOW_REVIEW|no-split|same-group,pcb-defect,pcb-defect,PCB_Defect/images/pcb_defect_218.jpg,,80,80-2,pcb-defect,PCB_Defect/images/pcb_defect_219.jpg,,80,80-2,0.900281,20,25,BELOW_REVIEW,,,,
R-0153,within:pcb-defect|NEAR_DUPLICATE|no-split|other-group,pcb-defect,pcb-defect,PCB_Defect/images/pcb_defect_100.jpg,,59,59-1,pcb-defect,PCB_Defect/images/pcb_defect_111.jpg,,60,60-1,0.970755,28,32,NEAR_DUPLICATE,VSG-near-00510,VSG-family-00550,,
R-0154,within:pcb-defect|NEAR_DUPLICATE|no-split|other-group,pcb-defect,pcb-defect,PCB_Defect/images/pcb_defect_144.jpg,,62,62-2,pcb-defect,PCB_Defect/images/pcb_defect_149.jpg,,63,63-1,0.962816,14,11,NEAR_DUPLICATE,VSG-near-00510,VSG-family-00550,,
R-0155,within:pcb-defect|NEAR_DUPLICATE|no-split|other-group,pcb-defect,pcb-defect,PCB_Defect/images/pcb_defect_099.jpg,,58,58-2,pcb-defect,PCB_Defect/images/pcb_defect_112.jpg,,60,60-2,0.952532,30,22,NEAR_DUPLICATE,VSG-near-00522,VSG-family-00550,,
R-0156,within:pcb-defect|NEAR_DUPLICATE|no-split|other-group,pcb-defect,pcb-defect,PCB_Defect/images/pcb_defect_198.jpg,,67,67-1,pcb-defect,PCB_Defect/images/pcb_defect_208.jpg,,68,68-2,0.946511,34,35,NEAR_DUPLICATE,VSG-near-00510,VSG-family-00550,,
R-0157,within:pcb-defect|NEAR_DUPLICATE|no-split|other-group,pcb-defect,pcb-defect,PCB_Defect/images/pcb_defect_076.jpg,,55,55-1,pcb-defect,PCB_Defect/images/pcb_defect_121.jpg,,61,61-1,0.943491,32,29,NEAR_DUPLICATE,VSG-near-00510,VSG-family-00550,,
R-0158,within:pcb-defect|NEAR_DUPLICATE|no-split|other-group,pcb-defect,pcb-defect,PCB_Defect/images/pcb_defect_014.jpg,,51,51-1,pcb-defect,PCB_Defect/images/pcb_defect_100.jpg,,59,59-1,0.940990,30,31,NEAR_DUPLICATE,VSG-near-00510,VSG-family-00550,,
R-0159,within:pcb-defect|NEAR_DUPLICATE|no-split|other-group,pcb-defect,pcb-defect,PCB_Defect/images/pcb_defect_123.jpg,,61,61-1,pcb-defect,PCB_Defect/images/pcb_defect_138.jpg,,62,62-2,0.937361,26,30,NEAR_DUPLICATE,VSG-near-00510,VSG-family-00550,,
R-0160,within:pcb-defect|NEAR_DUPLICATE|no-split|other-group,pcb-defect,pcb-defect,PCB_Defect/images/pcb_defect_031.jpg,,52,52-1,pcb-defect,PCB_Defect/images/pcb_defect_051.jpg,,53,53-1,0.936139,24,24,NEAR_DUPLICATE,VSG-near-00514,VSG-family-00550,,
R-0161,within:pcb-defect|NEAR_DUPLICATE|no-split|other-group,pcb-defect,pcb-defect,PCB_Defect/images/pcb_defect_095.jpg,,57,57-1,pcb-defect,PCB_Defect/images/pcb_defect_102.jpg,,59,59-1,0.935703,26,30,NEAR_DUPLICATE,VSG-near-00510,VSG-family-00550,,
R-0162,within:pcb-defect|NEAR_DUPLICATE|no-split|same-group,pcb-defect,pcb-defect,PCB_Defect/images/pcb_defect_114.jpg,,60,60-2,pcb-defect,PCB_Defect/images/pcb_defect_116.jpg,,60,60-2,0.966406,14,13,NEAR_DUPLICATE,VSG-near-00523,VSG-family-00550,,
R-0163,within:pcb-defect|NEAR_DUPLICATE|no-split|same-group,pcb-defect,pcb-defect,PCB_Defect/images/pcb_defect_125.jpg,,61,61-2,pcb-defect,PCB_Defect/images/pcb_defect_127.jpg,,61,61-2,0.960533,8,7,NEAR_DUPLICATE,VSG-near-00525,VSG-family-00555,,
R-0164,within:pcb-defect|NEAR_DUPLICATE|no-split|same-group,pcb-defect,pcb-defect,PCB_Defect/images/pcb_defect_021.jpg,,51,51-2,pcb-defect,PCB_Defect/images/pcb_defect_022.jpg,,51,51-2,0.957003,4,5,NEAR_DUPLICATE,VSG-near-00513,VSG-family-00550,,
R-0165,within:pcb-defect|NEAR_DUPLICATE|no-split|same-group,pcb-defect,pcb-defect,PCB_Defect/images/pcb_defect_156.jpg,,63,63-2,pcb-defect,PCB_Defect/images/pcb_defect_159.jpg,,63,63-2,0.952754,40,32,NEAR_DUPLICATE,VSG-near-00510,VSG-family-00550,,
R-0166,within:pcb-defect|NEAR_DUPLICATE|no-split|same-group,pcb-defect,pcb-defect,PCB_Defect/images/pcb_defect_067.jpg,,54,54-2,pcb-defect,PCB_Defect/images/pcb_defect_068.jpg,,54,54-2,0.952112,10,16,NEAR_DUPLICATE,VSG-near-00519,VSG-family-00553,,
R-0167,within:pcb-defect|NEAR_DUPLICATE|no-split|same-group,pcb-defect,pcb-defect,PCB_Defect/images/pcb_defect_065.jpg,,54,54-1,pcb-defect,PCB_Defect/images/pcb_defect_066.jpg,,54,54-1,0.945686,18,28,NEAR_DUPLICATE,VSG-near-00517,VSG-family-00550,,
R-0168,within:pcb-defect|NEAR_DUPLICATE|no-split|same-group,pcb-defect,pcb-defect,PCB_Defect/images/pcb_defect_148.jpg,,63,63-1,pcb-defect,PCB_Defect/images/pcb_defect_150.jpg,,63,63-1,0.944851,24,21,NEAR_DUPLICATE,VSG-near-00510,VSG-family-00550,,
R-0169,within:pcb-defect|NEAR_DUPLICATE|no-split|same-group,pcb-defect,pcb-defect,PCB_Defect/images/pcb_defect_176.jpg,,65,65-1,pcb-defect,PCB_Defect/images/pcb_defect_179.jpg,,65,65-1,0.941673,32,24,NEAR_DUPLICATE,VSG-near-00510,VSG-family-00550,,
R-0170,within:pcb-defect|NEAR_DUPLICATE|no-split|same-group,pcb-defect,pcb-defect,PCB_Defect/images/pcb_defect_177.jpg,,65,65-1,pcb-defect,PCB_Defect/images/pcb_defect_179.jpg,,65,65-1,0.934834,8,15,NEAR_DUPLICATE,VSG-near-00510,VSG-family-00550,,
R-0171,within:pcb-defect|SAME_FAMILY_OR_SCENE|no-split|other-group,pcb-defect,pcb-defect,PCB_Defect/images/pcb_defect_014.jpg,,51,51-1,pcb-defect,PCB_Defect/images/pcb_defect_174.jpg,,65,65-1,0.931220,30,27,SAME_FAMILY_OR_SCENE,VSG-near-00510,VSG-family-00550,,
R-0172,within:pcb-defect|SAME_FAMILY_OR_SCENE|no-split|other-group,pcb-defect,pcb-defect,PCB_Defect/images/pcb_defect_111.jpg,,60,60-1,pcb-defect,PCB_Defect/images/pcb_defect_211.jpg,,68,68-2,0.927576,20,27,SAME_FAMILY_OR_SCENE,VSG-near-00510,VSG-family-00550,,
R-0173,within:pcb-defect|SAME_FAMILY_OR_SCENE|no-split|other-group,pcb-defect,pcb-defect,PCB_Defect/images/pcb_defect_094.jpg,,57,57-1,pcb-defect,PCB_Defect/images/pcb_defect_184.jpg,,65,65-2,0.922689,28,30,SAME_FAMILY_OR_SCENE,VSG-near-00510,VSG-family-00550,,
R-0174,within:pcb-defect|SAME_FAMILY_OR_SCENE|no-split|other-group,pcb-defect,pcb-defect,PCB_Defect/images/pcb_defect_077.jpg,,55,55-1,pcb-defect,PCB_Defect/images/pcb_defect_088.jpg,,56,56-1,0.921721,22,24,SAME_FAMILY_OR_SCENE,VSG-near-00510,VSG-family-00550,,
R-0175,within:pcb-defect|SAME_FAMILY_OR_SCENE|no-split|other-group,pcb-defect,pcb-defect,PCB_Defect/images/pcb_defect_101.jpg,,59,59-1,pcb-defect,PCB_Defect/images/pcb_defect_212.jpg,,68,68-2,0.920928,42,37,SAME_FAMILY_OR_SCENE,VSG-near-00510,VSG-family-00550,,
R-0176,within:pcb-defect|SAME_FAMILY_OR_SCENE|no-split|other-group,pcb-defect,pcb-defect,PCB_Defect/images/pcb_defect_004.jpg,,50,50-1,pcb-defect,PCB_Defect/images/pcb_defect_057.jpg,,53,53-2,0.920484,28,28,SAME_FAMILY_OR_SCENE,,VSG-family-00550,,
R-0177,within:pcb-defect|SAME_FAMILY_OR_SCENE|no-split|other-group,pcb-defect,pcb-defect,PCB_Defect/images/pcb_defect_076.jpg,,55,55-1,pcb-defect,PCB_Defect/images/pcb_defect_157.jpg,,63,63-2,0.920108,32,29,SAME_FAMILY_OR_SCENE,VSG-near-00510,VSG-family-00550,,
R-0178,within:pcb-defect|SAME_FAMILY_OR_SCENE|no-split|other-group,pcb-defect,pcb-defect,PCB_Defect/images/pcb_defect_188.jpg,,66,66-1,pcb-defect,PCB_Defect/images/pcb_defect_200.jpg,,67,67-1,0.918625,34,30,SAME_FAMILY_OR_SCENE,,VSG-family-00550,,
R-0179,within:pcb-defect|SAME_FAMILY_OR_SCENE|no-split|other-group,pcb-defect,pcb-defect,PCB_Defect/images/pcb_defect_121.jpg,,61,61-1,pcb-defect,PCB_Defect/images/pcb_defect_224.jpg,,81,81-1,0.918457,22,30,SAME_FAMILY_OR_SCENE,VSG-near-00510,VSG-family-00550,,
R-0180,within:pcb-defect|SAME_FAMILY_OR_SCENE|no-split|same-group,pcb-defect,pcb-defect,PCB_Defect/images/pcb_defect_148.jpg,,63,63-1,pcb-defect,PCB_Defect/images/pcb_defect_149.jpg,,63,63-1,0.929968,36,28,SAME_FAMILY_OR_SCENE,VSG-near-00510,VSG-family-00550,,
R-0181,within:pcb-defect|SAME_FAMILY_OR_SCENE|no-split|same-group,pcb-defect,pcb-defect,PCB_Defect/images/pcb_defect_141.jpg,,62,62-2,pcb-defect,PCB_Defect/images/pcb_defect_145.jpg,,62,62-2,0.929556,26,27,SAME_FAMILY_OR_SCENE,VSG-near-00510,VSG-family-00550,,
R-0182,within:pcb-defect|SAME_FAMILY_OR_SCENE|no-split|same-group,pcb-defect,pcb-defect,PCB_Defect/images/pcb_defect_159.jpg,,63,63-2,pcb-defect,PCB_Defect/images/pcb_defect_160.jpg,,63,63-2,0.926881,36,32,SAME_FAMILY_OR_SCENE,VSG-near-00510,VSG-family-00550,,
R-0183,within:pcb-defect|SAME_FAMILY_OR_SCENE|no-split|same-group,pcb-defect,pcb-defect,PCB_Defect/images/pcb_defect_146.jpg,,63,63-1,pcb-defect,PCB_Defect/images/pcb_defect_160.jpg,,63,63-2,0.925302,30,33,SAME_FAMILY_OR_SCENE,VSG-near-00510,VSG-family-00550,,
R-0184,within:pcb-defect|SAME_FAMILY_OR_SCENE|no-split|same-group,pcb-defect,pcb-defect,PCB_Defect/images/pcb_defect_146.jpg,,63,63-1,pcb-defect,PCB_Defect/images/pcb_defect_161.jpg,,63,63-2,0.924264,28,28,SAME_FAMILY_OR_SCENE,VSG-near-00510,VSG-family-00550,,
R-0185,within:pcb-defect|SAME_FAMILY_OR_SCENE|no-split|same-group,pcb-defect,pcb-defect,PCB_Defect/images/pcb_defect_058.jpg,,53,53-2,pcb-defect,PCB_Defect/images/pcb_defect_059.jpg,,53,53-2,0.923757,32,26,SAME_FAMILY_OR_SCENE,VSG-near-00517,VSG-family-00550,,
R-0186,within:pcb-defect|SAME_FAMILY_OR_SCENE|no-split|same-group,pcb-defect,pcb-defect,PCB_Defect/images/pcb_defect_049.jpg,,53,53-1,pcb-defect,PCB_Defect/images/pcb_defect_053.jpg,,53,53-1,0.920130,30,30,SAME_FAMILY_OR_SCENE,,VSG-family-00550,,
R-0187,within:pcb-defect|SAME_FAMILY_OR_SCENE|no-split|same-group,pcb-defect,pcb-defect,PCB_Defect/images/pcb_defect_073.jpg,,55,55-1,pcb-defect,PCB_Defect/images/pcb_defect_076.jpg,,55,55-1,0.919149,34,31,SAME_FAMILY_OR_SCENE,VSG-near-00510,VSG-family-00550,,
R-0188,within:pcb-defect|SAME_FAMILY_OR_SCENE|no-split|same-group,pcb-defect,pcb-defect,PCB_Defect/images/pcb_defect_022.jpg,,51,51-2,pcb-defect,PCB_Defect/images/pcb_defect_023.jpg,,51,51-2,0.919072,22,29,SAME_FAMILY_OR_SCENE,,VSG-family-00550,,
R-0189,within:pcb-ind|BELOW_REVIEW|cross-split|other-group,pcb-ind,pcb-ind,YOLO/images/test/6608_b_004.jpg,test,6608,6608_b,pcb-ind,YOLO/images/val/6394_b_009.jpg,val,6394,6394_b,0.901403,30,33,BELOW_REVIEW,,,,
R-0190,within:pcb-ind|BELOW_REVIEW|cross-split|other-group,pcb-ind,pcb-ind,YOLO/images/test/6571_b_016.jpg,test,6571,6571_b,pcb-ind,YOLO/images/train/6316_b_011.jpg,train,6316,6316_b,0.897650,10,15,BELOW_REVIEW,,,,
R-0191,within:pcb-ind|BELOW_REVIEW|cross-split|other-group,pcb-ind,pcb-ind,YOLO/images/train/6406_b_116.jpg,train,6406,6406_b,pcb-ind,YOLO/images/val/6463_b_023.jpg,val,6463,6463_b,0.894503,20,18,BELOW_REVIEW,,,,
R-0192,within:pcb-ind|BELOW_REVIEW|cross-split|other-group,pcb-ind,pcb-ind,YOLO/images/test/6445_b_004.jpg,test,6445,6445_b,pcb-ind,YOLO/images/train/6353_b_004.jpg,train,6353,6353_b,0.871655,38,37,BELOW_REVIEW,,,,
R-0193,within:pcb-ind|BELOW_REVIEW|cross-split|other-group,pcb-ind,pcb-ind,YOLO/images/test/6166_b_003.jpg,test,6166,6166_b,pcb-ind,YOLO/images/train/6176_b_005.jpg,train,6176,6176_b,0.861105,26,37,BELOW_REVIEW,,,,
R-0194,within:pcb-ind|BELOW_REVIEW|cross-split|other-group,pcb-ind,pcb-ind,YOLO/images/test/5831_b_004.jpg,test,5831,5831_b,pcb-ind,YOLO/images/val/5805_b_004.jpg,val,5805,5805_b,0.848808,36,35,BELOW_REVIEW,,,,
R-0195,within:pcb-ind|BELOW_REVIEW|cross-split|other-group,pcb-ind,pcb-ind,YOLO/images/train/6486_b_021.jpg,train,6486,6486_b,pcb-ind,YOLO/images/val/6448_b_008.jpg,val,6448,6448_b,0.794463,30,34,BELOW_REVIEW,,,,
R-0196,within:pcb-ind|BELOW_REVIEW|cross-split|other-group,pcb-ind,pcb-ind,YOLO/images/test/6334_t_136.jpg,test,6334,6334_t,pcb-ind,YOLO/images/train/6176_b_012.jpg,train,6176,6176_b,0.700260,36,35,BELOW_REVIEW,,,,
R-0197,within:pcb-ind|BELOW_REVIEW|cross-split|other-group,pcb-ind,pcb-ind,YOLO/images/test/6166_b_002.jpg,test,6166,6166_b,pcb-ind,YOLO/images/train/6110_t_002.jpg,train,6110,6110_t,0.643476,28,33,BELOW_REVIEW,,,,
R-0198,within:pcb-ind|BELOW_REVIEW|cross-split|same-group,pcb-ind,pcb-ind,YOLO/images/train/6594_b_006.jpg,train,6594,6594_b,pcb-ind,YOLO/images/val/6594_t_007.jpg,val,6594,6594_t,0.916072,28,27,BELOW_REVIEW,,,,
R-0199,within:pcb-ind|BELOW_REVIEW|cross-split|same-group,pcb-ind,pcb-ind,YOLO/images/test/6334_t_192.jpg,test,6334,6334_t,pcb-ind,YOLO/images/train/6334_b_227.jpg,train,6334,6334_b,0.898270,30,28,BELOW_REVIEW,,,,
R-0200,within:pcb-ind|BELOW_REVIEW|cross-split|same-group,pcb-ind,pcb-ind,YOLO/images/test/6334_t_168.jpg,test,6334,6334_t,pcb-ind,YOLO/images/train/6334_b_224.jpg,train,6334,6334_b,0.865779,32,37,BELOW_REVIEW,,,,
R-0201,within:pcb-ind|BELOW_REVIEW|cross-split|same-group,pcb-ind,pcb-ind,YOLO/images/test/6334_t_115.jpg,test,6334,6334_t,pcb-ind,YOLO/images/train/6334_b_237.jpg,train,6334,6334_b,0.796093,28,28,BELOW_REVIEW,,,,
R-0202,within:pcb-ind|BELOW_REVIEW|cross-split|same-group,pcb-ind,pcb-ind,YOLO/images/test/6334_t_191.jpg,test,6334,6334_t,pcb-ind,YOLO/images/train/6334_b_235.jpg,train,6334,6334_b,0.785113,28,31,BELOW_REVIEW,,,,
R-0203,within:pcb-ind|BELOW_REVIEW|cross-split|same-group,pcb-ind,pcb-ind,YOLO/images/test/6216_t_007.jpg,test,6216,6216_t,pcb-ind,YOLO/images/train/6216_b_026.jpg,train,6216,6216_b,0.776450,30,32,BELOW_REVIEW,,,,
R-0204,within:pcb-ind|BELOW_REVIEW|cross-split|same-group,pcb-ind,pcb-ind,YOLO/images/test/6334_t_178.jpg,test,6334,6334_t,pcb-ind,YOLO/images/train/6334_b_166.jpg,train,6334,6334_b,0.768398,28,33,BELOW_REVIEW,,,,
R-0205,within:pcb-ind|BELOW_REVIEW|cross-split|same-group,pcb-ind,pcb-ind,YOLO/images/train/6248_b_024.jpg,train,6248,6248_b,pcb-ind,YOLO/images/val/6248_t_017.jpg,val,6248,6248_t,0.753172,28,25,BELOW_REVIEW,,,,
R-0206,within:pcb-ind|BELOW_REVIEW|cross-split|same-group,pcb-ind,pcb-ind,YOLO/images/test/6334_t_191.jpg,test,6334,6334_t,pcb-ind,YOLO/images/train/6334_b_239.jpg,train,6334,6334_b,0.751638,22,23,BELOW_REVIEW,,,,
R-0207,within:pcb-ind|BELOW_REVIEW|same-split|other-group,pcb-ind,pcb-ind,YOLO/images/train/6153_b_001.jpg,train,6153,6153_b,pcb-ind,YOLO/images/train/6216_b_004.jpg,train,6216,6216_b,0.907274,24,29,BELOW_REVIEW,,,,
R-0208,within:pcb-ind|BELOW_REVIEW|same-split|other-group,pcb-ind,pcb-ind,YOLO/images/train/6108_b_018.jpg,train,6108,6108_b,pcb-ind,YOLO/images/train/6202_t_002.jpg,train,6202,6202_t,0.896491,26,20,BELOW_REVIEW,,,,
R-0209,within:pcb-ind|BELOW_REVIEW|same-split|other-group,pcb-ind,pcb-ind,YOLO/images/train/6233_b_087.jpg,train,6233,6233_b,pcb-ind,YOLO/images/train/6296_b_009.jpg,train,6296,6296_b,0.891932,32,23,BELOW_REVIEW,,,,
R-0210,within:pcb-ind|BELOW_REVIEW|same-split|other-group,pcb-ind,pcb-ind,YOLO/images/train/6497_b_018.jpg,train,6497,6497_b,pcb-ind,YOLO/images/train/6541_b_009.jpg,train,6541,6541_b,0.888480,24,23,BELOW_REVIEW,,,,
R-0211,within:pcb-ind|BELOW_REVIEW|same-split|other-group,pcb-ind,pcb-ind,YOLO/images/train/6311_b_004.jpg,train,6311,6311_b,pcb-ind,YOLO/images/train/6462_b_001.jpg,train,6462,6462_b,0.870555,30,18,BELOW_REVIEW,,,,
R-0212,within:pcb-ind|BELOW_REVIEW|same-split|other-group,pcb-ind,pcb-ind,YOLO/images/val/6412_b_008.jpg,val,6412,6412_b,pcb-ind,YOLO/images/val/6561_b_013.jpg,val,6561,6561_b,0.840088,30,36,BELOW_REVIEW,,,,
R-0213,within:pcb-ind|BELOW_REVIEW|same-split|other-group,pcb-ind,pcb-ind,YOLO/images/train/6353_b_009.jpg,train,6353,6353_b,pcb-ind,YOLO/images/train/6509_b_005.jpg,train,6509,6509_b,0.817639,34,35,BELOW_REVIEW,,,,
R-0214,within:pcb-ind|BELOW_REVIEW|same-split|other-group,pcb-ind,pcb-ind,YOLO/images/train/6240_b_019.jpg,train,6240,6240_b,pcb-ind,YOLO/images/train/6583_b_014.jpg,train,6583,6583_b,0.812089,30,30,BELOW_REVIEW,,,,
R-0215,within:pcb-ind|BELOW_REVIEW|same-split|other-group,pcb-ind,pcb-ind,YOLO/images/train/6334_b_249.jpg,train,6334,6334_b,pcb-ind,YOLO/images/train/6406_b_094.jpg,train,6406,6406_b,0.798939,36,34,BELOW_REVIEW,,,,
R-0216,within:pcb-ind|BELOW_REVIEW|same-split|same-group,pcb-ind,pcb-ind,YOLO/images/train/6225_b_174.jpg,train,6225,6225_b,pcb-ind,YOLO/images/train/6225_b_215.jpg,train,6225,6225_b,0.882225,12,13,BELOW_REVIEW,,,,
R-0217,within:pcb-ind|BELOW_REVIEW|same-split|same-group,pcb-ind,pcb-ind,YOLO/images/train/6578_b_019.jpg,train,6578,6578_b,pcb-ind,YOLO/images/train/6578_b_067.jpg,train,6578,6578_b,0.872114,36,40,BELOW_REVIEW,,,,
R-0218,within:pcb-ind|BELOW_REVIEW|same-split|same-group,pcb-ind,pcb-ind,YOLO/images/train/6329_b_070.jpg,train,6329,6329_b,pcb-ind,YOLO/images/train/6329_b_079.jpg,train,6329,6329_b,0.867464,24,24,BELOW_REVIEW,,,,
R-0219,within:pcb-ind|BELOW_REVIEW|same-split|same-group,pcb-ind,pcb-ind,YOLO/images/train/6334_b_223.jpg,train,6334,6334_b,pcb-ind,YOLO/images/train/6334_b_225.jpg,train,6334,6334_b,0.859497,24,26,BELOW_REVIEW,,,,
R-0220,within:pcb-ind|BELOW_REVIEW|same-split|same-group,pcb-ind,pcb-ind,YOLO/images/train/6189_t_001.jpg,train,6189,6189_t,pcb-ind,YOLO/images/train/6189_t_002.jpg,train,6189,6189_t,0.858473,36,31,BELOW_REVIEW,,,,
R-0221,within:pcb-ind|BELOW_REVIEW|same-split|same-group,pcb-ind,pcb-ind,YOLO/images/test/6334_t_113.jpg,test,6334,6334_t,pcb-ind,YOLO/images/test/6334_t_172.jpg,test,6334,6334_t,0.857614,30,41,BELOW_REVIEW,,,,
R-0222,within:pcb-ind|BELOW_REVIEW|same-split|same-group,pcb-ind,pcb-ind,YOLO/images/train/6406_b_017.jpg,train,6406,6406_b,pcb-ind,YOLO/images/train/6406_b_128.jpg,train,6406,6406_b,0.848051,32,29,BELOW_REVIEW,,,,
R-0223,within:pcb-ind|BELOW_REVIEW|same-split|same-group,pcb-ind,pcb-ind,YOLO/images/val/6581_b_066.jpg,val,6581,6581_b,pcb-ind,YOLO/images/val/6581_b_070.jpg,val,6581,6581_b,0.842536,28,29,BELOW_REVIEW,,,,
R-0224,within:pcb-ind|BELOW_REVIEW|same-split|same-group,pcb-ind,pcb-ind,YOLO/images/test/6108_t_014.jpg,test,6108,6108_t,pcb-ind,YOLO/images/test/6108_t_017.jpg,test,6108,6108_t,0.773392,20,32,BELOW_REVIEW,,,,
R-0225,within:pcb-ind|NEAR_DUPLICATE|cross-split|other-group,pcb-ind,pcb-ind,YOLO/images/train/6374_b_003.jpg,train,6374,6374_b,pcb-ind,YOLO/images/val/6534_b_001.jpg,val,6534,6534_b,0.961066,4,2,NEAR_DUPLICATE,VSG-near-00672,VSG-family-00716,,
R-0226,within:pcb-ind|NEAR_DUPLICATE|cross-split|other-group,pcb-ind,pcb-ind,YOLO/images/train/6275_t_003.jpg,train,6275,6275_t,pcb-ind,YOLO/images/val/6169_t_002.jpg,val,6169,6169_t,0.959670,30,26,NEAR_DUPLICATE,VSG-near-00543,VSG-family-00569,,
R-0227,within:pcb-ind|NEAR_DUPLICATE|cross-split|other-group,pcb-ind,pcb-ind,YOLO/images/train/6343_t_012.jpg,train,6343,6343_t,pcb-ind,YOLO/images/val/6317_t_009.jpg,val,6317,6317_t,0.946907,2,25,NEAR_DUPLICATE,VSG-near-00548,VSG-family-00563,,
R-0228,within:pcb-ind|NEAR_DUPLICATE|cross-split|other-group,pcb-ind,pcb-ind,YOLO/images/train/6540_b_001.jpg,train,6540,6540_b,pcb-ind,YOLO/images/val/6487_b_001.jpg,val,6487,6487_b,0.946877,28,31,NEAR_DUPLICATE,VSG-near-00538,VSG-family-00014,,
R-0229,within:pcb-ind|NEAR_DUPLICATE|cross-split|other-group,pcb-ind,pcb-ind,YOLO/images/test/6333_t_005.jpg,test,6333,6333_t,pcb-ind,YOLO/images/train/6381_b_010.jpg,train,6381,6381_b,0.945563,30,32,NEAR_DUPLICATE,VSG-near-00537,VSG-family-00563,,
R-0230,within:pcb-ind|NEAR_DUPLICATE|cross-split|other-group,pcb-ind,pcb-ind,YOLO/images/test/6608_b_010.jpg,test,6608,6608_b,pcb-ind,YOLO/images/train/6220_t_017.jpg,train,6220,6220_t,0.942562,30,31,NEAR_DUPLICATE,VSG-near-00554,VSG-family-00013,,
R-0231,within:pcb-ind|NEAR_DUPLICATE|cross-split|other-group,pcb-ind,pcb-ind,YOLO/images/test/6101_b_032.jpg,test,6101,6101_b,pcb-ind,YOLO/images/train/6120_b_008.jpg,train,6120,6120_b,0.941844,18,11,NEAR_DUPLICATE,VSG-near-00541,VSG-family-00567,,
R-0232,within:pcb-ind|NEAR_DUPLICATE|cross-split|other-group,pcb-ind,pcb-ind,YOLO/images/test/6187_b_001.jpg,test,6187,6187_b,pcb-ind,YOLO/images/train/5807_b_004.jpg,train,5807,5807_b,0.938229,24,0,NEAR_DUPLICATE,VSG-near-00036,VSG-family-00016,,
R-0233,within:pcb-ind|NEAR_DUPLICATE|cross-split|other-group,pcb-ind,pcb-ind,YOLO/images/test/6581_t_018.jpg,test,6581,6581_t,pcb-ind,YOLO/images/train/6482_t_005.jpg,train,6482,6482_t,0.935671,34,33,NEAR_DUPLICATE,VSG-near-00548,VSG-family-00563,,
R-0234,within:pcb-ind|NEAR_DUPLICATE|same-split|other-group,pcb-ind,pcb-ind,YOLO/images/train/6347_b_005.jpg,train,6347,6347_b,pcb-ind,YOLO/images/train/6450_b_012.jpg,train,6450,6450_b,0.947931,24,19,NEAR_DUPLICATE,VSG-near-00554,VSG-family-00013,,
R-0235,within:pcb-ind|NEAR_DUPLICATE|same-split|other-group,pcb-ind,pcb-ind,YOLO/images/val/6469_b_006.jpg,val,6469,6469_b,pcb-ind,YOLO/images/val/6534_b_002.jpg,val,6534,6534_b,0.945906,38,39,NEAR_DUPLICATE,VSG-near-00036,VSG-family-00016,,
R-0236,within:pcb-ind|NEAR_DUPLICATE|same-split|other-group,pcb-ind,pcb-ind,YOLO/images/train/6600_b_016.jpg,train,6600,6600_b,pcb-ind,YOLO/images/train/6631_b_012.jpg,train,6631,6631_b,0.945614,14,25,NEAR_DUPLICATE,VSG-near-00688,VSG-family-00563,,
R-0237,within:pcb-ind|NEAR_DUPLICATE|same-split|other-group,pcb-ind,pcb-ind,YOLO/images/train/5812_b_020.jpg,train,5812,5812_b,pcb-ind,YOLO/images/train/5830_b_042.jpg,train,5830,5830_b,0.944704,12,22,NEAR_DUPLICATE,VSG-near-00535,VSG-family-00561,,
R-0238,within:pcb-ind|NEAR_DUPLICATE|same-split|other-group,pcb-ind,pcb-ind,YOLO/images/train/6314_b_005.jpg,train,6314,6314_b,pcb-ind,YOLO/images/train/6470_b_018.jpg,train,6470,6470_b,0.942720,26,41,NEAR_DUPLICATE,VSG-near-00563,VSG-family-00009,,
R-0239,within:pcb-ind|NEAR_DUPLICATE|same-split|other-group,pcb-ind,pcb-ind,YOLO/images/train/6477_t_004.jpg,train,6477,6477_t,pcb-ind,YOLO/images/train/6483_t_010.jpg,train,6483,6483_t,0.940078,34,28,NEAR_DUPLICATE,VSG-near-00568,VSG-family-00563,,
R-0240,within:pcb-ind|NEAR_DUPLICATE|same-split|other-group,pcb-ind,pcb-ind,YOLO/images/train/6579_b_003.jpg,train,6579,6579_b,pcb-ind,YOLO/images/train/6652_b_019.jpg,train,6652,6652_b,0.939962,28,24,NEAR_DUPLICATE,VSG-near-00036,VSG-family-00016,,
R-0241,within:pcb-ind|NEAR_DUPLICATE|same-split|other-group,pcb-ind,pcb-ind,YOLO/images/train/6202_b_001.jpg,train,6202,6202_b,pcb-ind,YOLO/images/train/6535_b_008.jpg,train,6535,6535_b,0.935183,26,30,NEAR_DUPLICATE,VSG-near-00547,VSG-family-00009,,
R-0242,within:pcb-ind|NEAR_DUPLICATE|same-split|other-group,pcb-ind,pcb-ind,YOLO/images/train/5811_b_004.jpg,train,5811,5811_b,pcb-ind,YOLO/images/train/5813_b_008.jpg,train,5813,5813_b,0.934291,12,6,NEAR_DUPLICATE,VSG-near-00601,VSG-family-00638,,
R-0243,within:pcb-ind|NEAR_DUPLICATE|same-split|same-group,pcb-ind,pcb-ind,YOLO/images/val/6629_b_006.jpg,val,6629,6629_b,pcb-ind,YOLO/images/val/6629_b_012.jpg,val,6629,6629_b,0.983083,8,9,NEAR_DUPLICATE,VSG-near-00748,VSG-family-00787,,
R-0244,within:pcb-ind|NEAR_DUPLICATE|same-split|same-group,pcb-ind,pcb-ind,YOLO/images/train/5830_b_043.jpg,train,5830,5830_b,pcb-ind,YOLO/images/train/5830_b_048.jpg,train,5830,5830_b,0.962207,20,30,NEAR_DUPLICATE,VSG-near-00535,VSG-family-00561,,
R-0245,within:pcb-ind|NEAR_DUPLICATE|same-split|same-group,pcb-ind,pcb-ind,YOLO/images/train/6142_t_001.jpg,train,6142,6142_t,pcb-ind,YOLO/images/train/6142_t_005.jpg,train,6142,6142_t,0.952502,38,29,NEAR_DUPLICATE,VSG-near-00624,VSG-family-00664,,
R-0246,within:pcb-ind|NEAR_DUPLICATE|same-split|same-group,pcb-ind,pcb-ind,YOLO/images/train/6254_b_025.jpg,train,6254,6254_b,pcb-ind,YOLO/images/train/6254_b_026.jpg,train,6254,6254_b,0.945827,32,27,NEAR_DUPLICATE,VSG-near-00645,VSG-family-00567,,
R-0247,within:pcb-ind|NEAR_DUPLICATE|same-split|same-group,pcb-ind,pcb-ind,YOLO/images/test/6637_b_006.jpg,test,6637,6637_b,pcb-ind,YOLO/images/test/6637_b_010.jpg,test,6637,6637_b,0.942295,36,24,NEAR_DUPLICATE,VSG-near-00576,VSG-family-00603,,
R-0248,within:pcb-ind|NEAR_DUPLICATE|same-split|same-group,pcb-ind,pcb-ind,YOLO/images/train/6578_b_015.jpg,train,6578,6578_b,pcb-ind,YOLO/images/train/6578_b_016.jpg,train,6578,6578_b,0.939472,32,34,NEAR_DUPLICATE,VSG-near-00715,VSG-family-00756,,
R-0249,within:pcb-ind|NEAR_DUPLICATE|same-split|same-group,pcb-ind,pcb-ind,YOLO/images/train/5802_t_153.jpg,train,5802,5802_t,pcb-ind,YOLO/images/train/5802_t_204.jpg,train,5802,5802_t,0.938561,22,21,NEAR_DUPLICATE,VSG-near-00582,VSG-family-00611,,
R-0250,within:pcb-ind|NEAR_DUPLICATE|same-split|same-group,pcb-ind,pcb-ind,YOLO/images/train/5802_t_038.jpg,train,5802,5802_t,pcb-ind,YOLO/images/train/5802_t_067.jpg,train,5802,5802_t,0.935537,26,32,NEAR_DUPLICATE,VSG-near-00582,VSG-family-00611,,
R-0251,within:pcb-ind|NEAR_DUPLICATE|same-split|same-group,pcb-ind,pcb-ind,YOLO/images/train/5802_b_048.jpg,train,5802,5802_b,pcb-ind,YOLO/images/train/5802_t_158.jpg,train,5802,5802_t,0.934948,28,23,NEAR_DUPLICATE,VSG-near-00582,VSG-family-00611,,
R-0252,within:pcb-ind|REVIEW_REQUIRED|cross-split|other-group,pcb-ind,pcb-ind,YOLO/images/train/6644_b_001.jpg,train,6644,6644_b,pcb-ind,YOLO/images/val/6561_b_001.jpg,val,6561,6561_b,0.910853,0,3,REVIEW_REQUIRED,,VSG-family-00716,,
R-0253,within:pcb-ind|REVIEW_REQUIRED|cross-split|other-group,pcb-ind,pcb-ind,YOLO/images/test/6503_t_011.jpg,test,6503,6503_t,pcb-ind,YOLO/images/train/6376_t_002.jpg,train,6376,6376_t,0.865682,2,26,REVIEW_REQUIRED,,VSG-family-00563,,
R-0254,within:pcb-ind|REVIEW_REQUIRED|cross-split|other-group,pcb-ind,pcb-ind,YOLO/images/train/6611_b_024.jpg,train,6611,6611_b,pcb-ind,YOLO/images/val/6322_t_004.jpg,val,6322,6322_t,0.855651,4,18,REVIEW_REQUIRED,,,,
R-0255,within:pcb-ind|REVIEW_REQUIRED|cross-split|other-group,pcb-ind,pcb-ind,YOLO/images/test/6330_t_002.jpg,test,6330,6330_t,pcb-ind,YOLO/images/train/6482_t_005.jpg,train,6482,6482_t,0.845243,0,33,REVIEW_REQUIRED,VSG-near-00548,VSG-family-00563,,
R-0256,within:pcb-ind|REVIEW_REQUIRED|cross-split|other-group,pcb-ind,pcb-ind,YOLO/images/test/6330_t_002.jpg,test,6330,6330_t,pcb-ind,YOLO/images/train/6652_t_009.jpg,train,6652,6652_t,0.768354,0,26,REVIEW_REQUIRED,,VSG-family-00563,,
R-0257,within:pcb-ind|REVIEW_REQUIRED|cross-split|other-group,pcb-ind,pcb-ind,YOLO/images/train/6364_t_002.jpg,train,6364,6364_t,pcb-ind,YOLO/images/val/5913_b_032.jpg,val,5913,5913_b,0.766547,4,23,REVIEW_REQUIRED,,,,
R-0258,within:pcb-ind|REVIEW_REQUIRED|cross-split|other-group,pcb-ind,pcb-ind,YOLO/images/test/5810_t_002.jpg,test,5810,5810_t,pcb-ind,YOLO/images/train/5802_t_164.jpg,train,5802,5802_t,0.723483,4,14,REVIEW_REQUIRED,,,,
R-0259,within:pcb-ind|REVIEW_REQUIRED|cross-split|other-group,pcb-ind,pcb-ind,YOLO/images/train/6616_b_019.jpg,train,6616,6616_b,pcb-ind,YOLO/images/val/6463_b_021.jpg,val,6463,6463_b,0.705085,4,26,REVIEW_REQUIRED,,,,
R-0260,within:pcb-ind|REVIEW_REQUIRED|cross-split|other-group,pcb-ind,pcb-ind,YOLO/images/train/6417_t_006.jpg,train,6417,6417_t,pcb-ind,YOLO/images/val/6635_t_011.jpg,val,6635,6635_t,0.598880,4,27,REVIEW_REQUIRED,,,,
R-0261,within:pcb-ind|REVIEW_REQUIRED|same-split|other-group,pcb-ind,pcb-ind,YOLO/images/train/6276_b_004.jpg,train,6276,6276_b,pcb-ind,YOLO/images/train/6376_t_002.jpg,train,6376,6376_t,0.907459,0,25,REVIEW_REQUIRED,VSG-near-00548,VSG-family-00563,,
R-0262,within:pcb-ind|REVIEW_REQUIRED|same-split|other-group,pcb-ind,pcb-ind,YOLO/images/train/6233_b_086.jpg,train,6233,6233_b,pcb-ind,YOLO/images/train/6342_t_005.jpg,train,6342,6342_t,0.818435,4,39,REVIEW_REQUIRED,,,,
R-0263,within:pcb-ind|REVIEW_REQUIRED|same-split|other-group,pcb-ind,pcb-ind,YOLO/images/train/5808_b_011.jpg,train,5808,5808_b,pcb-ind,YOLO/images/train/5811_b_003.jpg,train,5811,5811_b,0.794611,0,11,REVIEW_REQUIRED,,,,
R-0264,within:pcb-ind|REVIEW_REQUIRED|same-split|other-group,pcb-ind,pcb-ind,YOLO/images/train/6622_b_015.jpg,train,6622,6622_b,pcb-ind,YOLO/images/train/6648_b_014.jpg,train,6648,6648_b,0.763938,4,13,REVIEW_REQUIRED,,,,
R-0265,within:pcb-ind|REVIEW_REQUIRED|same-split|other-group,pcb-ind,pcb-ind,YOLO/images/train/6433_b_014.jpg,train,6433,6433_b,pcb-ind,YOLO/images/train/6538_b_021.jpg,train,6538,6538_b,0.744349,4,19,REVIEW_REQUIRED,,,,
R-0266,within:pcb-ind|REVIEW_REQUIRED|same-split|other-group,pcb-ind,pcb-ind,YOLO/images/train/5805_t_005.jpg,train,5805,5805_t,pcb-ind,YOLO/images/train/5809_t_040.jpg,train,5809,5809_t,0.721928,4,13,REVIEW_REQUIRED,,,,
R-0267,within:pcb-ind|REVIEW_REQUIRED|same-split|other-group,pcb-ind,pcb-ind,YOLO/images/train/5802_t_130.jpg,train,5802,5802_t,pcb-ind,YOLO/images/train/5805_t_005.jpg,train,5805,5805_t,0.691749,2,22,REVIEW_REQUIRED,,,,
R-0268,within:pcb-ind|REVIEW_REQUIRED|same-split|other-group,pcb-ind,pcb-ind,YOLO/images/train/6219_t_048.jpg,train,6219,6219_t,pcb-ind,YOLO/images/train/6240_b_018.jpg,train,6240,6240_b,0.654475,2,21,REVIEW_REQUIRED,,,,
R-0269,within:pcb-ind|REVIEW_REQUIRED|same-split|same-group,pcb-ind,pcb-ind,YOLO/images/train/5803_b_016.jpg,train,5803,5803_b,pcb-ind,YOLO/images/train/5803_b_017.jpg,train,5803,5803_b,0.915181,4,5,REVIEW_REQUIRED,,,,
R-0270,within:pcb-ind|REVIEW_REQUIRED|same-split|same-group,pcb-ind,pcb-ind,YOLO/images/train/5802_b_044.jpg,train,5802,5802_b,pcb-ind,YOLO/images/train/5802_b_058.jpg,train,5802,5802_b,0.876428,4,5,REVIEW_REQUIRED,,,,
R-0271,within:pcb-ind|REVIEW_REQUIRED|same-split|same-group,pcb-ind,pcb-ind,YOLO/images/train/5813_b_006.jpg,train,5813,5813_b,pcb-ind,YOLO/images/train/5813_b_013.jpg,train,5813,5813_b,0.863402,4,17,REVIEW_REQUIRED,,,,
R-0272,within:pcb-ind|REVIEW_REQUIRED|same-split|same-group,pcb-ind,pcb-ind,YOLO/images/train/5802_t_070.jpg,train,5802,5802_t,pcb-ind,YOLO/images/train/5802_t_224.jpg,train,5802,5802_t,0.844788,4,16,REVIEW_REQUIRED,,,,
R-0273,within:pcb-ind|REVIEW_REQUIRED|same-split|same-group,pcb-ind,pcb-ind,YOLO/images/train/6225_b_020.jpg,train,6225,6225_b,pcb-ind,YOLO/images/train/6225_b_061.jpg,train,6225,6225_b,0.815371,4,22,REVIEW_REQUIRED,,,,
R-0274,within:pcb-ind|REVIEW_REQUIRED|same-split|same-group,pcb-ind,pcb-ind,YOLO/images/train/5802_t_057.jpg,train,5802,5802_t,pcb-ind,YOLO/images/train/5802_t_168.jpg,train,5802,5802_t,0.798490,4,11,REVIEW_REQUIRED,,,,
R-0275,within:pcb-ind|REVIEW_REQUIRED|same-split|same-group,pcb-ind,pcb-ind,YOLO/images/train/6334_b_183.jpg,train,6334,6334_b,pcb-ind,YOLO/images/train/6334_b_206.jpg,train,6334,6334_b,0.766333,4,17,REVIEW_REQUIRED,,,,
R-0276,within:pcb-ind|REVIEW_REQUIRED|same-split|same-group,pcb-ind,pcb-ind,YOLO/images/train/6245_b_022.jpg,train,6245,6245_b,pcb-ind,YOLO/images/train/6245_b_030.jpg,train,6245,6245_b,0.579082,4,14,REVIEW_REQUIRED,,,,
R-0277,within:pcb-ind|SAME_FAMILY_OR_SCENE|cross-split|other-group,pcb-ind,pcb-ind,YOLO/images/test/6133_b_011.jpg,test,6133,6133_b,pcb-ind,YOLO/images/val/6271_b_002.jpg,val,6271,6271_b,0.929480,16,12,SAME_FAMILY_OR_SCENE,VSG-near-00541,VSG-family-00567,,
R-0278,within:pcb-ind|SAME_FAMILY_OR_SCENE|cross-split|other-group,pcb-ind,pcb-ind,YOLO/images/train/6470_b_013.jpg,train,6470,6470_b,pcb-ind,YOLO/images/val/5805_b_003.jpg,val,5805,5805_b,0.929052,30,31,SAME_FAMILY_OR_SCENE,VSG-near-00036,VSG-family-00016,,
R-0279,within:pcb-ind|SAME_FAMILY_OR_SCENE|cross-split|other-group,pcb-ind,pcb-ind,YOLO/images/train/6540_b_003.jpg,train,6540,6540_b,pcb-ind,YOLO/images/val/6487_b_001.jpg,val,6487,6487_b,0.926633,32,38,SAME_FAMILY_OR_SCENE,VSG-near-00538,VSG-family-00014,,
R-0280,within:pcb-ind|SAME_FAMILY_OR_SCENE|cross-split|other-group,pcb-ind,pcb-ind,YOLO/images/test/6576_b_007.jpg,test,6576,6576_b,pcb-ind,YOLO/images/train/6318_b_002.jpg,train,6318,6318_b,0.923357,30,33,SAME_FAMILY_OR_SCENE,VSG-near-00538,VSG-family-00014,,
R-0281,within:pcb-ind|SAME_FAMILY_OR_SCENE|cross-split|other-group,pcb-ind,pcb-ind,YOLO/images/test/6163_b_003.jpg,test,6163,6163_b,pcb-ind,YOLO/images/train/6452_b_006.jpg,train,6452,6452_b,0.922307,30,34,SAME_FAMILY_OR_SCENE,VSG-near-00036,VSG-family-00016,,
R-0282,within:pcb-ind|SAME_FAMILY_OR_SCENE|cross-split|other-group,pcb-ind,pcb-ind,YOLO/images/train/6441_b_015.jpg,train,6441,6441_b,pcb-ind,YOLO/images/val/6642_t_014.jpg,val,6642,6642_t,0.920545,34,35,SAME_FAMILY_OR_SCENE,VSG-near-00688,VSG-family-00563,,
R-0283,within:pcb-ind|SAME_FAMILY_OR_SCENE|cross-split|other-group,pcb-ind,pcb-ind,YOLO/images/test/6643_b_003.jpg,test,6643,6643_b,pcb-ind,YOLO/images/train/6582_b_047.jpg,train,6582,6582_b,0.920483,32,32,SAME_FAMILY_OR_SCENE,VSG-near-00554,VSG-family-00013,,
R-0284,within:pcb-ind|SAME_FAMILY_OR_SCENE|cross-split|other-group,pcb-ind,pcb-ind,YOLO/images/test/5831_b_025.jpg,test,5831,5831_b,pcb-ind,YOLO/images/train/5830_b_043.jpg,train,5830,5830_b,0.918901,4,10,SAME_FAMILY_OR_SCENE,VSG-near-00535,VSG-family-00561,,
R-0285,within:pcb-ind|SAME_FAMILY_OR_SCENE|same-split|other-group,pcb-ind,pcb-ind,YOLO/images/train/5918_t_001.jpg,train,5918,5918_t,pcb-ind,YOLO/images/train/6314_t_007.jpg,train,6314,6314_t,0.930000,26,30,SAME_FAMILY_OR_SCENE,VSG-near-00537,VSG-family-00563,,
R-0286,within:pcb-ind|SAME_FAMILY_OR_SCENE|same-split|other-group,pcb-ind,pcb-ind,YOLO/images/val/6455_b_006.jpg,val,6455,6455_b,pcb-ind,YOLO/images/val/6488_b_001.jpg,val,6488,6488_b,0.929042,34,42,SAME_FAMILY_OR_SCENE,,VSG-family-00585,,
R-0287,within:pcb-ind|SAME_FAMILY_OR_SCENE|same-split|other-group,pcb-ind,pcb-ind,YOLO/images/train/6523_b_009.jpg,train,6523,6523_b,pcb-ind,YOLO/images/train/6599_b_007.jpg,train,6599,6599_b,0.928850,16,3,SAME_FAMILY_OR_SCENE,VSG-near-00685,VSG-family-00528,,
R-0288,within:pcb-ind|SAME_FAMILY_OR_SCENE|same-split|other-group,pcb-ind,pcb-ind,YOLO/images/train/5810_b_007.jpg,train,5810,5810_b,pcb-ind,YOLO/images/train/5813_b_013.jpg,train,5813,5813_b,0.926507,12,16,SAME_FAMILY_OR_SCENE,,VSG-family-00607,,
R-0289,within:pcb-ind|SAME_FAMILY_OR_SCENE|same-split|other-group,pcb-ind,pcb-ind,YOLO/images/train/6470_b_016.jpg,train,6470,6470_b,pcb-ind,YOLO/images/train/6623_b_010.jpg,train,6623,6623_b,0.926483,32,44,SAME_FAMILY_OR_SCENE,VSG-near-00559,VSG-family-00073,,
R-0290,within:pcb-ind|SAME_FAMILY_OR_SCENE|same-split|other-group,pcb-ind,pcb-ind,YOLO/images/train/6441_b_015.jpg,train,6441,6441_b,pcb-ind,YOLO/images/train/6591_t_002.jpg,train,6591,6591_t,0.924666,30,27,SAME_FAMILY_OR_SCENE,,VSG-family-00563,,
R-0291,within:pcb-ind|SAME_FAMILY_OR_SCENE|same-split|other-group,pcb-ind,pcb-ind,YOLO/images/train/6558_b_003.jpg,train,6558,6558_b,pcb-ind,YOLO/images/train/6599_b_004.jpg,train,6599,6599_b,0.922607,28,34,SAME_FAMILY_OR_SCENE,,VSG-family-00009,,
R-0292,within:pcb-ind|SAME_FAMILY_OR_SCENE|same-split|other-group,pcb-ind,pcb-ind,YOLO/images/train/5803_b_001.jpg,train,5803,5803_b,pcb-ind,YOLO/images/train/5807_b_004.jpg,train,5807,5807_b,0.918907,20,0,SAME_FAMILY_OR_SCENE,,VSG-family-00016,,
R-0293,within:pcb-ind|SAME_FAMILY_OR_SCENE|same-split|same-group,pcb-ind,pcb-ind,YOLO/images/train/5802_t_220.jpg,train,5802,5802_t,pcb-ind,YOLO/images/train/5802_t_222.jpg,train,5802,5802_t,0.932069,32,32,SAME_FAMILY_OR_SCENE,VSG-near-00582,VSG-family-00611,,
R-0294,within:pcb-ind|SAME_FAMILY_OR_SCENE|same-split|same-group,pcb-ind,pcb-ind,YOLO/images/train/5802_t_141.jpg,train,5802,5802_t,pcb-ind,YOLO/images/train/5802_t_250.jpg,train,5802,5802_t,0.930779,30,29,SAME_FAMILY_OR_SCENE,VSG-near-00582,VSG-family-00611,,
R-0295,within:pcb-ind|SAME_FAMILY_OR_SCENE|same-split|same-group,pcb-ind,pcb-ind,YOLO/images/train/5802_t_072.jpg,train,5802,5802_t,pcb-ind,YOLO/images/train/5802_t_141.jpg,train,5802,5802_t,0.930594,8,16,SAME_FAMILY_OR_SCENE,VSG-near-00582,VSG-family-00611,,
R-0296,within:pcb-ind|SAME_FAMILY_OR_SCENE|same-split|same-group,pcb-ind,pcb-ind,YOLO/images/train/5802_t_158.jpg,train,5802,5802_t,pcb-ind,YOLO/images/train/5802_t_166.jpg,train,5802,5802_t,0.928964,36,23,SAME_FAMILY_OR_SCENE,VSG-near-00582,VSG-family-00611,,
R-0297,within:pcb-ind|SAME_FAMILY_OR_SCENE|same-split|same-group,pcb-ind,pcb-ind,YOLO/images/train/6408_b_027.jpg,train,6408,6408_b,pcb-ind,YOLO/images/train/6408_b_028.jpg,train,6408,6408_b,0.927828,26,30,SAME_FAMILY_OR_SCENE,,VSG-family-00729,,
R-0298,within:pcb-ind|SAME_FAMILY_OR_SCENE|same-split|same-group,pcb-ind,pcb-ind,YOLO/images/train/5802_t_099.jpg,train,5802,5802_t,pcb-ind,YOLO/images/train/5802_t_242.jpg,train,5802,5802_t,0.923398,30,29,SAME_FAMILY_OR_SCENE,VSG-near-00582,VSG-family-00611,,
R-0299,within:pcb-ind|SAME_FAMILY_OR_SCENE|same-split|same-group,pcb-ind,pcb-ind,YOLO/images/train/5806_b_003.jpg,train,5806,5806_b,pcb-ind,YOLO/images/train/5806_b_014.jpg,train,5806,5806_b,0.921891,30,32,SAME_FAMILY_OR_SCENE,,VSG-family-00636,,
R-0300,within:pcb-ind|SAME_FAMILY_OR_SCENE|same-split|same-group,pcb-ind,pcb-ind,YOLO/images/train/5802_t_013.jpg,train,5802,5802_t,pcb-ind,YOLO/images/train/5802_t_198.jpg,train,5802,5802_t,0.920337,32,41,SAME_FAMILY_OR_SCENE,,VSG-family-00611,,
