source_a,image_a,source_b,image_b,cosine
dspcbsd-plus,Data_COCO/train2017/0375814.jpg,dspcbsd-plus,Data_COCO/train2017/E_003570.jpg,0.965274
dspcbsd-plus,Data_COCO/train2017/0377762.jpg,dspcbsd-plus,Data_COCO/train2017/E_003570.jpg,0.969894
dspcbsd-plus,Data_COCO/train2017/0417761.jpg,dspcbsd-plus,Data_COCO/train2017/E_003638.jpg,0.968614
dspcbsd-plus,Data_COCO/train2017/E_003568.jpg,dspcbsd-plus,Data_COCO/train2017/S_11462659.jpg,0.959507
dspcbsd-plus,Data_COCO/train2017/E_010377.jpg,dspcbsd-plus,Data_COCO/train2017/S_11463393.jpg,0.965794
dspcbsd-plus,Data_COCO/train2017/S_10288541.jpg,dspcbsd-plus,Data_COCO/train2017/S_10288588.jpg,0.982783
dspcbsd-plus,Data_COCO/train2017/S_10416780.jpg,dspcbsd-plus,Data_COCO/train2017/Y_001346.jpg,0.959585
dspcbsd-plus,Data_COCO/train2017/S_11031377.jpg,dspcbsd-plus,Data_COCO/train2017/S_11031629.jpg,0.958764
dspcbsd-plus,Data_COCO/train2017/S_11048363.jpg,dspcbsd-plus,Data_COCO/val2017/S_11048241.jpg,0.982861
dspcbsd-plus,Data_COCO/train2017/S_11235377.jpg,dspcbsd-plus,Data_COCO/val2017/S_11235381.jpg,0.973663
dspcbsd-plus,Data_COCO/train2017/S_11462856.jpg,dspcbsd-plus,Data_COCO/train2017/S_11462868.jpg,0.95816
dspcbsd-plus,Data_COCO/train2017/S_11463386.jpg,dspcbsd-plus,Data_COCO/val2017/S_11462936.jpg,0.975154
dspcbsd-plus,Data_COCO/train2017/S_11463387.jpg,dspcbsd-plus,Data_COCO/val2017/S_11462936.jpg,0.973178
dspcbsd-plus,Data_COCO/train2017/S_11463561.jpg,dspcbsd-plus,Data_COCO/val2017/S_11462936.jpg,0.960212
dspcbsd-plus,Data_COCO/train2017/S_12160522.jpg,dspcbsd-plus,Data_COCO/val2017/S_12160855.jpg,0.959602
dspcbsd-plus,Data_COCO/val2017/0378253.jpg,dspcbsd-plus,Data_COCO/val2017/E_003578.jpg,0.966715
dspcbsd-plus,Data_COCO/val2017/S_10377859.jpg,dspcbsd-plus,Data_COCO/val2017/S_11462936.jpg,0.964686
pcb-defect,PCB_Defect/images/pcb_defect_001.jpg,pcb-defect,PCB_Defect/images/pcb_defect_004.jpg,0.966315
pcb-defect,PCB_Defect/images/pcb_defect_001.jpg,pcb-defect,PCB_Defect/images/pcb_defect_040.jpg,0.96174
pcb-defect,PCB_Defect/images/pcb_defect_001.jpg,pcb-defect,PCB_Defect/images/pcb_defect_047.jpg,0.962487
pcb-defect,PCB_Defect/images/pcb_defect_001.jpg,pcb-defect,PCB_Defect/images/pcb_defect_052.jpg,0.958048
pcb-defect,PCB_Defect/images/pcb_defect_004.jpg,pcb-defect,PCB_Defect/images/pcb_defect_035.jpg,0.959141
pcb-defect,PCB_Defect/images/pcb_defect_004.jpg,pcb-defect,PCB_Defect/images/pcb_defect_045.jpg,0.958301
pcb-defect,PCB_Defect/images/pcb_defect_005.jpg,pcb-defect,PCB_Defect/images/pcb_defect_006.jpg,0.961374
pcb-defect,PCB_Defect/images/pcb_defect_009.jpg,pcb-defect,PCB_Defect/images/pcb_defect_095.jpg,0.960348
pcb-defect,PCB_Defect/images/pcb_defect_010.jpg,pcb-defect,PCB_Defect/images/pcb_defect_011.jpg,0.959516
pcb-defect,PCB_Defect/images/pcb_defect_010.jpg,pcb-defect,PCB_Defect/images/pcb_defect_012.jpg,0.968123
pcb-defect,PCB_Defect/images/pcb_defect_013.jpg,pcb-defect,PCB_Defect/images/pcb_defect_014.jpg,0.982898
pcb-defect,PCB_Defect/images/pcb_defect_013.jpg,pcb-defect,PCB_Defect/images/pcb_defect_016.jpg,0.959738
pcb-defect,PCB_Defect/images/pcb_defect_013.jpg,pcb-defect,PCB_Defect/images/pcb_defect_017.jpg,0.963385
pcb-defect,PCB_Defect/images/pcb_defect_014.jpg,pcb-defect,PCB_Defect/images/pcb_defect_016.jpg,0.960841
pcb-defect,PCB_Defect/images/pcb_defect_014.jpg,pcb-defect,PCB_Defect/images/pcb_defect_110.jpg,0.958202
pcb-defect,PCB_Defect/images/pcb_defect_016.jpg,pcb-defect,PCB_Defect/images/pcb_defect_017.jpg,0.965544
pcb-defect,PCB_Defect/images/pcb_defect_016.jpg,pcb-defect,PCB_Defect/images/pcb_defect_108.jpg,0.961137
pcb-defect,PCB_Defect/images/pcb_defect_016.jpg,pcb-defect,PCB_Defect/images/pcb_defect_230.jpg,0.960799
pcb-defect,PCB_Defect/images/pcb_defect_021.jpg,pcb-defect,PCB_Defect/images/pcb_defect_022.jpg,0.964461
pcb-defect,PCB_Defect/images/pcb_defect_021.jpg,pcb-defect,PCB_Defect/images/pcb_defect_023.jpg,0.958553
pcb-defect,PCB_Defect/images/pcb_defect_021.jpg,pcb-defect,PCB_Defect/images/pcb_defect_045.jpg,0.962583
pcb-defect,PCB_Defect/images/pcb_defect_021.jpg,pcb-defect,PCB_Defect/images/pcb_defect_052.jpg,0.959646
pcb-defect,PCB_Defect/images/pcb_defect_026.jpg,pcb-defect,PCB_Defect/images/pcb_defect_095.jpg,0.958314
pcb-defect,PCB_Defect/images/pcb_defect_026.jpg,pcb-defect,PCB_Defect/images/pcb_defect_143.jpg,0.958486
pcb-defect,PCB_Defect/images/pcb_defect_032.jpg,pcb-defect,PCB_Defect/images/pcb_defect_033.jpg,0.967347
pcb-defect,PCB_Defect/images/pcb_defect_033.jpg,pcb-defect,PCB_Defect/images/pcb_defect_045.jpg,0.965282
pcb-defect,PCB_Defect/images/pcb_defect_033.jpg,pcb-defect,PCB_Defect/images/pcb_defect_086.jpg,0.96267
pcb-defect,PCB_Defect/images/pcb_defect_033.jpg,pcb-defect,PCB_Defect/images/pcb_defect_091.jpg,0.959819
pcb-defect,PCB_Defect/images/pcb_defect_033.jpg,pcb-defect,PCB_Defect/images/pcb_defect_143.jpg,0.958442
pcb-defect,PCB_Defect/images/pcb_defect_033.jpg,pcb-defect,PCB_Defect/images/pcb_defect_201.jpg,0.958515
pcb-defect,PCB_Defect/images/pcb_defect_034.jpg,pcb-defect,PCB_Defect/images/pcb_defect_035.jpg,0.962245
pcb-defect,PCB_Defect/images/pcb_defect_035.jpg,pcb-defect,PCB_Defect/images/pcb_defect_045.jpg,0.960704
pcb-defect,PCB_Defect/images/pcb_defect_038.jpg,pcb-defect,PCB_Defect/images/pcb_defect_039.jpg,0.958198
pcb-defect,PCB_Defect/images/pcb_defect_040.jpg,pcb-defect,PCB_Defect/images/pcb_defect_052.jpg,0.958789
pcb-defect,PCB_Defect/images/pcb_defect_041.jpg,pcb-defect,PCB_Defect/images/pcb_defect_043.jpg,0.962974
pcb-defect,PCB_Defect/images/pcb_defect_041.jpg,pcb-defect,PCB_Defect/images/pcb_defect_058.jpg,0.960279
pcb-defect,PCB_Defect/images/pcb_defect_042.jpg,pcb-defect,PCB_Defect/images/pcb_defect_052.jpg,0.964045
pcb-defect,PCB_Defect/images/pcb_defect_044.jpg,pcb-defect,PCB_Defect/images/pcb_defect_074.jpg,0.964006
pcb-defect,PCB_Defect/images/pcb_defect_044.jpg,pcb-defect,PCB_Defect/images/pcb_defect_076.jpg,0.964042
pcb-defect,PCB_Defect/images/pcb_defect_044.jpg,pcb-defect,PCB_Defect/images/pcb_defect_121.jpg,0.964234
pcb-defect,PCB_Defect/images/pcb_defect_044.jpg,pcb-defect,PCB_Defect/images/pcb_defect_123.jpg,0.958266
pcb-defect,PCB_Defect/images/pcb_defect_044.jpg,pcb-defect,PCB_Defect/images/pcb_defect_130.jpg,0.961313
pcb-defect,PCB_Defect/images/pcb_defect_044.jpg,pcb-defect,PCB_Defect/images/pcb_defect_137.jpg,0.961758
pcb-defect,PCB_Defect/images/pcb_defect_045.jpg,pcb-defect,PCB_Defect/images/pcb_defect_046.jpg,0.972578
pcb-defect,PCB_Defect/images/pcb_defect_046.jpg,pcb-defect,PCB_Defect/images/pcb_defect_052.jpg,0.967161
pcb-defect,PCB_Defect/images/pcb_defect_047.jpg,pcb-defect,PCB_Defect/images/pcb_defect_049.jpg,0.980647
pcb-defect,PCB_Defect/images/pcb_defect_047.jpg,pcb-defect,PCB_Defect/images/pcb_defect_051.jpg,0.959644
pcb-defect,PCB_Defect/images/pcb_defect_047.jpg,pcb-defect,PCB_Defect/images/pcb_defect_053.jpg,0.974588
pcb-defect,PCB_Defect/images/pcb_defect_047.jpg,pcb-defect,PCB_Defect/images/pcb_defect_071.jpg,0.959453
pcb-defect,PCB_Defect/images/pcb_defect_049.jpg,pcb-defect,PCB_Defect/images/pcb_defect_053.jpg,0.962694
pcb-defect,PCB_Defect/images/pcb_defect_049.jpg,pcb-defect,PCB_Defect/images/pcb_defect_058.jpg,0.960415
pcb-defect,PCB_Defect/images/pcb_defect_053.jpg,pcb-defect,PCB_Defect/images/pcb_defect_071.jpg,0.961406
pcb-defect,PCB_Defect/images/pcb_defect_056.jpg,pcb-defect,PCB_Defect/images/pcb_defect_058.jpg,0.965247
pcb-defect,PCB_Defect/images/pcb_defect_056.jpg,pcb-defect,PCB_Defect/images/pcb_defect_060.jpg,0.970736
pcb-defect,PCB_Defect/images/pcb_defect_057.jpg,pcb-defect,PCB_Defect/images/pcb_defect_058.jpg,0.972863
pcb-defect,PCB_Defect/images/pcb_defect_057.jpg,pcb-defect,PCB_Defect/images/pcb_defect_105.jpg,0.96064
pcb-defect,PCB_Defect/images/pcb_defect_058.jpg,pcb-defect,PCB_Defect/images/pcb_defect_060.jpg,0.965273
pcb-defect,PCB_Defect/images/pcb_defect_058.jpg,pcb-defect,PCB_Defect/images/pcb_defect_095.jpg,0.959305
pcb-defect,PCB_Defect/images/pcb_defect_061.jpg,pcb-defect,PCB_Defect/images/pcb_defect_062.jpg,0.978021
pcb-defect,PCB_Defect/images/pcb_defect_067.jpg,pcb-defect,PCB_Defect/images/pcb_defect_068.jpg,0.970019
pcb-defect,PCB_Defect/images/pcb_defect_067.jpg,pcb-defect,PCB_Defect/images/pcb_defect_069.jpg,0.962102
pcb-defect,PCB_Defect/images/pcb_defect_068.jpg,pcb-defect,PCB_Defect/images/pcb_defect_069.jpg,0.965151
pcb-defect,PCB_Defect/images/pcb_defect_068.jpg,pcb-defect,PCB_Defect/images/pcb_defect_070.jpg,0.966602
pcb-defect,PCB_Defect/images/pcb_defect_069.jpg,pcb-defect,PCB_Defect/images/pcb_defect_070.jpg,0.9588
pcb-defect,PCB_Defect/images/pcb_defect_071.jpg,pcb-defect,PCB_Defect/images/pcb_defect_072.jpg,0.967434
pcb-defect,PCB_Defect/images/pcb_defect_073.jpg,pcb-defect,PCB_Defect/images/pcb_defect_074.jpg,0.980665
pcb-defect,PCB_Defect/images/pcb_defect_073.jpg,pcb-defect,PCB_Defect/images/pcb_defect_075.jpg,0.961492
pcb-defect,PCB_Defect/images/pcb_defect_073.jpg,pcb-defect,PCB_Defect/images/pcb_defect_076.jpg,0.971775
pcb-defect,PCB_Defect/images/pcb_defect_073.jpg,pcb-defect,PCB_Defect/images/pcb_defect_078.jpg,0.974102
pcb-defect,PCB_Defect/images/pcb_defect_073.jpg,pcb-defect,PCB_Defect/images/pcb_defect_087.jpg,0.95916
pcb-defect,PCB_Defect/images/pcb_defect_073.jpg,pcb-defect,PCB_Defect/images/pcb_defect_101.jpg,0.962403
pcb-defect,PCB_Defect/images/pcb_defect_073.jpg,pcb-defect,PCB_Defect/images/pcb_defect_120.jpg,0.964143
pcb-defect,PCB_Defect/images/pcb_defect_073.jpg,pcb-defect,PCB_Defect/images/pcb_defect_122.jpg,0.960828
pcb-defect,PCB_Defect/images/pcb_defect_073.jpg,pcb-defect,PCB_Defect/images/pcb_defect_138.jpg,0.961227
pcb-defect,PCB_Defect/images/pcb_defect_073.jpg,pcb-defect,PCB_Defect/images/pcb_defect_143.jpg,0.958849
pcb-defect,PCB_Defect/images/pcb_defect_073.jpg,pcb-defect,PCB_Defect/images/pcb_defect_176.jpg,0.968629
pcb-defect,PCB_Defect/images/pcb_defect_073.jpg,pcb-defect,PCB_Defect/images/pcb_defect_178.jpg,0.967392
pcb-defect,PCB_Defect/images/pcb_defect_073.jpg,pcb-defect,PCB_Defect/images/pcb_defect_180.jpg,0.960973
pcb-defect,PCB_Defect/images/pcb_defect_074.jpg,pcb-defect,PCB_Defect/images/pcb_defect_076.jpg,0.97867
pcb-defect,PCB_Defect/images/pcb_defect_074.jpg,pcb-defect,PCB_Defect/images/pcb_defect_078.jpg,0.972647
pcb-defect,PCB_Defect/images/pcb_defect_074.jpg,pcb-defect,PCB_Defect/images/pcb_defect_081.jpg,0.958508
pcb-defect,PCB_Defect/images/pcb_defect_074.jpg,pcb-defect,PCB_Defect/images/pcb_defect_083.jpg,0.96349
pcb-defect,PCB_Defect/images/pcb_defect_074.jpg,pcb-defect,PCB_Defect/images/pcb_defect_086.jpg,0.963195
pcb-defect,PCB_Defect/images/pcb_defect_074.jpg,pcb-defect,PCB_Defect/images/pcb_defect_087.jpg,0.969515
pcb-defect,PCB_Defect/images/pcb_defect_074.jpg,pcb-defect,PCB_Defect/images/pcb_defect_091.jpg,0.964873
pcb-defect,PCB_Defect/images/pcb_defect_074.jpg,pcb-defect,PCB_Defect/images/pcb_defect_100.jpg,0.967589
pcb-defect,PCB_Defect/images/pcb_defect_074.jpg,pcb-defect,PCB_Defect/images/pcb_defect_101.jpg,0.968705
pcb-defect,PCB_Defect/images/pcb_defect_074.jpg,pcb-defect,PCB_Defect/images/pcb_defect_105.jpg,0.962308
pcb-defect,PCB_Defect/images/pcb_defect_074.jpg,pcb-defect,PCB_Defect/images/pcb_defect_110.jpg,0.960418
pcb-defect,PCB_Defect/images/pcb_defect_074.jpg,pcb-defect,PCB_Defect/images/pcb_defect_111.jpg,0.95946
pcb-defect,PCB_Defect/images/pcb_defect_074.jpg,pcb-defect,PCB_Defect/images/pcb_defect_118.jpg,0.967465
pcb-defect,PCB_Defect/images/pcb_defect_074.jpg,pcb-defect,PCB_Defect/images/pcb_defect_120.jpg,0.963609
pcb-defect,PCB_Defect/images/pcb_defect_074.jpg,pcb-defect,PCB_Defect/images/pcb_defect_121.jpg,0.966531
pcb-defect,PCB_Defect/images/pcb_defect_074.jpg,pcb-defect,PCB_Defect/images/pcb_defect_122.jpg,0.964531
pcb-defect,PCB_Defect/images/pcb_defect_074.jpg,pcb-defect,PCB_Defect/images/pcb_defect_123.jpg,0.964844
pcb-defect,PCB_Defect/images/pcb_defect_074.jpg,pcb-defect,PCB_Defect/images/pcb_defect_138.jpg,0.961809
pcb-defect,PCB_Defect/images/pcb_defect_074.jpg,pcb-defect,PCB_Defect/images/pcb_defect_142.jpg,0.965799
pcb-defect,PCB_Defect/images/pcb_defect_074.jpg,pcb-defect,PCB_Defect/images/pcb_defect_143.jpg,0.970211
pcb-defect,PCB_Defect/images/pcb_defect_074.jpg,pcb-defect,PCB_Defect/images/pcb_defect_144.jpg,0.963842
pcb-defect,PCB_Defect/images/pcb_defect_074.jpg,pcb-defect,PCB_Defect/images/pcb_defect_145.jpg,0.96426
pcb-defect,PCB_Defect/images/pcb_defect_074.jpg,pcb-defect,PCB_Defect/images/pcb_defect_149.jpg,0.964572
pcb-defect,PCB_Defect/images/pcb_defect_074.jpg,pcb-defect,PCB_Defect/images/pcb_defect_176.jpg,0.96399
pcb-defect,PCB_Defect/images/pcb_defect_074.jpg,pcb-defect,PCB_Defect/images/pcb_defect_178.jpg,0.96546
pcb-defect,PCB_Defect/images/pcb_defect_074.jpg,pcb-defect,PCB_Defect/images/pcb_defect_199.jpg,0.959154
pcb-defect,PCB_Defect/images/pcb_defect_074.jpg,pcb-defect,PCB_Defect/images/pcb_defect_200.jpg,0.964974
pcb-defect,PCB_Defect/images/pcb_defect_074.jpg,pcb-defect,PCB_Defect/images/pcb_defect_201.jpg,0.963225
pcb-defect,PCB_Defect/images/pcb_defect_074.jpg,pcb-defect,PCB_Defect/images/pcb_defect_209.jpg,0.960675
pcb-defect,PCB_Defect/images/pcb_defect_074.jpg,pcb-defect,PCB_Defect/images/pcb_defect_223.jpg,0.961732
pcb-defect,PCB_Defect/images/pcb_defect_074.jpg,pcb-defect,PCB_Defect/images/pcb_defect_224.jpg,0.95954
pcb-defect,PCB_Defect/images/pcb_defect_074.jpg,pcb-defect,PCB_Defect/images/pcb_defect_225.jpg,0.959211
pcb-defect,PCB_Defect/images/pcb_defect_075.jpg,pcb-defect,PCB_Defect/images/pcb_defect_078.jpg,0.961238
pcb-defect,PCB_Defect/images/pcb_defect_075.jpg,pcb-defect,PCB_Defect/images/pcb_defect_087.jpg,0.960676
pcb-defect,PCB_Defect/images/pcb_defect_075.jpg,pcb-defect,PCB_Defect/images/pcb_defect_101.jpg,0.959124
pcb-defect,PCB_Defect/images/pcb_defect_075.jpg,pcb-defect,PCB_Defect/images/pcb_defect_120.jpg,0.960278
pcb-defect,PCB_Defect/images/pcb_defect_075.jpg,pcb-defect,PCB_Defect/images/pcb_defect_223.jpg,0.959298
pcb-defect,PCB_Defect/images/pcb_defect_075.jpg,pcb-defect,PCB_Defect/images/pcb_defect_225.jpg,0.965143
pcb-defect,PCB_Defect/images/pcb_defect_075.jpg,pcb-defect,PCB_Defect/images/pcb_defect_226.jpg,0.961123
pcb-defect,PCB_Defect/images/pcb_defect_076.jpg,pcb-defect,PCB_Defect/images/pcb_defect_077.jpg,0.959786
pcb-defect,PCB_Defect/images/pcb_defect_076.jpg,pcb-defect,PCB_Defect/images/pcb_defect_078.jpg,0.968896
pcb-defect,PCB_Defect/images/pcb_defect_076.jpg,pcb-defect,PCB_Defect/images/pcb_defect_083.jpg,0.967918
pcb-defect,PCB_Defect/images/pcb_defect_076.jpg,pcb-defect,PCB_Defect/images/pcb_defect_084.jpg,0.959536
pcb-defect,PCB_Defect/images/pcb_defect_076.jpg,pcb-defect,PCB_Defect/images/pcb_defect_086.jpg,0.965749
pcb-defect,PCB_Defect/images/pcb_defect_076.jpg,pcb-defect,PCB_Defect/images/pcb_defect_087.jpg,0.968068
pcb-defect,PCB_Defect/images/pcb_defect_076.jpg,pcb-defect,PCB_Defect/images/pcb_defect_088.jpg,0.962038
pcb-defect,PCB_Defect/images/pcb_defect_076.jpg,pcb-defect,PCB_Defect/images/pcb_defect_091.jpg,0.965914
pcb-defect,PCB_Defect/images/pcb_defect_076.jpg,pcb-defect,PCB_Defect/images/pcb_defect_100.jpg,0.970119
pcb-defect,PCB_Defect/images/pcb_defect_076.jpg,pcb-defect,PCB_Defect/images/pcb_defect_101.jpg,0.971452
pcb-defect,PCB_Defect/images/pcb_defect_076.jpg,pcb-defect,PCB_Defect/images/pcb_defect_105.jpg,0.966194
pcb-defect,PCB_Defect/images/pcb_defect_076.jpg,pcb-defect,PCB_Defect/images/pcb_defect_108.jpg,0.965635
pcb-defect,PCB_Defect/images/pcb_defect_076.jpg,pcb-defect,PCB_Defect/images/pcb_defect_110.jpg,0.966394
pcb-defect,PCB_Defect/images/pcb_defect_076.jpg,pcb-defect,PCB_Defect/images/pcb_defect_111.jpg,0.96321
pcb-defect,PCB_Defect/images/pcb_defect_076.jpg,pcb-defect,PCB_Defect/images/pcb_defect_116.jpg,0.963226
pcb-defect,PCB_Defect/images/pcb_defect_076.jpg,pcb-defect,PCB_Defect/images/pcb_defect_118.jpg,0.97302
pcb-defect,PCB_Defect/images/pcb_defect_076.jpg,pcb-defect,PCB_Defect/images/pcb_defect_120.jpg,0.963955
pcb-defect,PCB_Defect/images/pcb_defect_076.jpg,pcb-defect,PCB_Defect/images/pcb_defect_121.jpg,0.966356
pcb-defect,PCB_Defect/images/pcb_defect_076.jpg,pcb-defect,PCB_Defect/images/pcb_defect_122.jpg,0.963967
pcb-defect,PCB_Defect/images/pcb_defect_076.jpg,pcb-defect,PCB_Defect/images/pcb_defect_123.jpg,0.964115
pcb-defect,PCB_Defect/images/pcb_defect_076.jpg,pcb-defect,PCB_Defect/images/pcb_defect_132.jpg,0.960188
pcb-defect,PCB_Defect/images/pcb_defect_076.jpg,pcb-defect,PCB_Defect/images/pcb_defect_134.jpg,0.964129
pcb-defect,PCB_Defect/images/pcb_defect_076.jpg,pcb-defect,PCB_Defect/images/pcb_defect_138.jpg,0.96805
pcb-defect,PCB_Defect/images/pcb_defect_076.jpg,pcb-defect,PCB_Defect/images/pcb_defect_143.jpg,0.967644
pcb-defect,PCB_Defect/images/pcb_defect_076.jpg,pcb-defect,PCB_Defect/images/pcb_defect_144.jpg,0.964795
pcb-defect,PCB_Defect/images/pcb_defect_076.jpg,pcb-defect,PCB_Defect/images/pcb_defect_145.jpg,0.967793
pcb-defect,PCB_Defect/images/pcb_defect_076.jpg,pcb-defect,PCB_Defect/images/pcb_defect_149.jpg,0.960194
pcb-defect,PCB_Defect/images/pcb_defect_076.jpg,pcb-defect,PCB_Defect/images/pcb_defect_156.jpg,0.959435
pcb-defect,PCB_Defect/images/pcb_defect_076.jpg,pcb-defect,PCB_Defect/images/pcb_defect_173.jpg,0.962157
pcb-defect,PCB_Defect/images/pcb_defect_076.jpg,pcb-defect,PCB_Defect/images/pcb_defect_175.jpg,0.961291
pcb-defect,PCB_Defect/images/pcb_defect_076.jpg,pcb-defect,PCB_Defect/images/pcb_defect_176.jpg,0.967027
pcb-defect,PCB_Defect/images/pcb_defect_076.jpg,pcb-defect,PCB_Defect/images/pcb_defect_178.jpg,0.960468
pcb-defect,PCB_Defect/images/pcb_defect_076.jpg,pcb-defect,PCB_Defect/images/pcb_defect_188.jpg,0.9643
pcb-defect,PCB_Defect/images/pcb_defect_076.jpg,pcb-defect,PCB_Defect/images/pcb_defect_189.jpg,0.962026
pcb-defect,PCB_Defect/images/pcb_defect_076.jpg,pcb-defect,PCB_Defect/images/pcb_defect_199.jpg,0.958491
pcb-defect,PCB_Defect/images/pcb_defect_076.jpg,pcb-defect,PCB_Defect/images/pcb_defect_200.jpg,0.959768
pcb-defect,PCB_Defect/images/pcb_defect_076.jpg,pcb-defect,PCB_Defect/images/pcb_defect_201.jpg,0.96145
pcb-defect,PCB_Defect/images/pcb_defect_076.jpg,pcb-defect,PCB_Defect/images/pcb_defect_209.jpg,0.960723
pcb-defect,PCB_Defect/images/pcb_defect_076.jpg,pcb-defect,PCB_Defect/images/pcb_defect_223.jpg,0.963959
pcb-defect,PCB_Defect/images/pcb_defect_076.jpg,pcb-defect,PCB_Defect/images/pcb_defect_224.jpg,0.965822
pcb-defect,PCB_Defect/images/pcb_defect_077.jpg,pcb-defect,PCB_Defect/images/pcb_defect_223.jpg,0.964012
pcb-defect,PCB_Defect/images/pcb_defect_078.jpg,pcb-defect,PCB_Defect/images/pcb_defect_081.jpg,0.958294
pcb-defect,PCB_Defect/images/pcb_defect_078.jpg,pcb-defect,PCB_Defect/images/pcb_defect_087.jpg,0.964376
pcb-defect,PCB_Defect/images/pcb_defect_078.jpg,pcb-defect,PCB_Defect/images/pcb_defect_100.jpg,0.958366
pcb-defect,PCB_Defect/images/pcb_defect_078.jpg,pcb-defect,PCB_Defect/images/pcb_defect_101.jpg,0.963079
pcb-defect,PCB_Defect/images/pcb_defect_078.jpg,pcb-defect,PCB_Defect/images/pcb_defect_105.jpg,0.958534
pcb-defect,PCB_Defect/images/pcb_defect_078.jpg,pcb-defect,PCB_Defect/images/pcb_defect_118.jpg,0.961019
pcb-defect,PCB_Defect/images/pcb_defect_078.jpg,pcb-defect,PCB_Defect/images/pcb_defect_120.jpg,0.966864
pcb-defect,PCB_Defect/images/pcb_defect_078.jpg,pcb-defect,PCB_Defect/images/pcb_defect_121.jpg,0.962054
pcb-defect,PCB_Defect/images/pcb_defect_078.jpg,pcb-defect,PCB_Defect/images/pcb_defect_122.jpg,0.970575
pcb-defect,PCB_Defect/images/pcb_defect_078.jpg,pcb-defect,PCB_Defect/images/pcb_defect_123.jpg,0.966217
pcb-defect,PCB_Defect/images/pcb_defect_078.jpg,pcb-defect,PCB_Defect/images/pcb_defect_137.jpg,0.96012
pcb-defect,PCB_Defect/images/pcb_defect_078.jpg,pcb-defect,PCB_Defect/images/pcb_defect_138.jpg,0.961956
pcb-defect,PCB_Defect/images/pcb_defect_078.jpg,pcb-defect,PCB_Defect/images/pcb_defect_140.jpg,0.967715
pcb-defect,PCB_Defect/images/pcb_defect_078.jpg,pcb-defect,PCB_Defect/images/pcb_defect_142.jpg,0.964647
pcb-defect,PCB_Defect/images/pcb_defect_078.jpg,pcb-defect,PCB_Defect/images/pcb_defect_143.jpg,0.967602
pcb-defect,PCB_Defect/images/pcb_defect_078.jpg,pcb-defect,PCB_Defect/images/pcb_defect_144.jpg,0.959007
pcb-defect,PCB_Defect/images/pcb_defect_078.jpg,pcb-defect,PCB_Defect/images/pcb_defect_176.jpg,0.966517
pcb-defect,PCB_Defect/images/pcb_defect_078.jpg,pcb-defect,PCB_Defect/images/pcb_defect_178.jpg,0.968041
pcb-defect,PCB_Defect/images/pcb_defect_078.jpg,pcb-defect,PCB_Defect/images/pcb_defect_190.jpg,0.959374
pcb-defect,PCB_Defect/images/pcb_defect_078.jpg,pcb-defect,PCB_Defect/images/pcb_defect_200.jpg,0.961856
pcb-defect,PCB_Defect/images/pcb_defect_080.jpg,pcb-defect,PCB_Defect/images/pcb_defect_083.jpg,0.958104
pcb-defect,PCB_Defect/images/pcb_defect_080.jpg,pcb-defect,PCB_Defect/images/pcb_defect_084.jpg,0.958027
pcb-defect,PCB_Defect/images/pcb_defect_080.jpg,pcb-defect,PCB_Defect/images/pcb_defect_087.jpg,0.960117
pcb-defect,PCB_Defect/images/pcb_defect_081.jpg,pcb-defect,PCB_Defect/images/pcb_defect_082.jpg,0.960178
pcb-defect,PCB_Defect/images/pcb_defect_081.jpg,pcb-defect,PCB_Defect/images/pcb_defect_083.jpg,0.959847
pcb-defect,PCB_Defect/images/pcb_defect_081.jpg,pcb-defect,PCB_Defect/images/pcb_defect_089.jpg,0.960007
pcb-defect,PCB_Defect/images/pcb_defect_082.jpg,pcb-defect,PCB_Defect/images/pcb_defect_084.jpg,0.965055
pcb-defect,PCB_Defect/images/pcb_defect_082.jpg,pcb-defect,PCB_Defect/images/pcb_defect_088.jpg,0.959607
pcb-defect,PCB_Defect/images/pcb_defect_082.jpg,pcb-defect,PCB_Defect/images/pcb_defect_090.jpg,0.96713
pcb-defect,PCB_Defect/images/pcb_defect_083.jpg,pcb-defect,PCB_Defect/images/pcb_defect_084.jpg,0.970816
pcb-defect,PCB_Defect/images/pcb_defect_083.jpg,pcb-defect,PCB_Defect/images/pcb_defect_086.jpg,0.962445
pcb-defect,PCB_Defect/images/pcb_defect_083.jpg,pcb-defect,PCB_Defect/images/pcb_defect_087.jpg,0.969986
pcb-defect,PCB_Defect/images/pcb_defect_083.jpg,pcb-defect,PCB_Defect/images/pcb_defect_089.jpg,0.966975
pcb-defect,PCB_Defect/images/pcb_defect_083.jpg,pcb-defect,PCB_Defect/images/pcb_defect_121.jpg,0.968971
pcb-defect,PCB_Defect/images/pcb_defect_083.jpg,pcb-defect,PCB_Defect/images/pcb_defect_152.jpg,0.9582
pcb-defect,PCB_Defect/images/pcb_defect_083.jpg,pcb-defect,PCB_Defect/images/pcb_defect_176.jpg,0.960378
pcb-defect,PCB_Defect/images/pcb_defect_084.jpg,pcb-defect,PCB_Defect/images/pcb_defect_086.jpg,0.96155
pcb-defect,PCB_Defect/images/pcb_defect_084.jpg,pcb-defect,PCB_Defect/images/pcb_defect_088.jpg,0.963681
pcb-defect,PCB_Defect/images/pcb_defect_084.jpg,pcb-defect,PCB_Defect/images/pcb_defect_090.jpg,0.96015
pcb-defect,PCB_Defect/images/pcb_defect_084.jpg,pcb-defect,PCB_Defect/images/pcb_defect_100.jpg,0.964508
pcb-defect,PCB_Defect/images/pcb_defect_084.jpg,pcb-defect,PCB_Defect/images/pcb_defect_101.jpg,0.96003
pcb-defect,PCB_Defect/images/pcb_defect_084.jpg,pcb-defect,PCB_Defect/images/pcb_defect_138.jpg,0.962033
pcb-defect,PCB_Defect/images/pcb_defect_084.jpg,pcb-defect,PCB_Defect/images/pcb_defect_224.jpg,0.96566
pcb-defect,PCB_Defect/images/pcb_defect_085.jpg,pcb-defect,PCB_Defect/images/pcb_defect_087.jpg,0.965368
pcb-defect,PCB_Defect/images/pcb_defect_086.jpg,pcb-defect,PCB_Defect/images/pcb_defect_087.jpg,0.972913
pcb-defect,PCB_Defect/images/pcb_defect_086.jpg,pcb-defect,PCB_Defect/images/pcb_defect_088.jpg,0.959166
pcb-defect,PCB_Defect/images/pcb_defect_086.jpg,pcb-defect,PCB_Defect/images/pcb_defect_091.jpg,0.97143
pcb-defect,PCB_Defect/images/pcb_defect_086.jpg,pcb-defect,PCB_Defect/images/pcb_defect_100.jpg,0.974081
pcb-defect,PCB_Defect/images/pcb_defect_086.jpg,pcb-defect,PCB_Defect/images/pcb_defect_101.jpg,0.971152
pcb-defect,PCB_Defect/images/pcb_defect_086.jpg,pcb-defect,PCB_Defect/images/pcb_defect_104.jpg,0.961683
pcb-defect,PCB_Defect/images/pcb_defect_086.jpg,pcb-defect,PCB_Defect/images/pcb_defect_105.jpg,0.960315
pcb-defect,PCB_Defect/images/pcb_defect_086.jpg,pcb-defect,PCB_Defect/images/pcb_defect_108.jpg,0.960822
pcb-defect,PCB_Defect/images/pcb_defect_086.jpg,pcb-defect,PCB_Defect/images/pcb_defect_110.jpg,0.959488
pcb-defect,PCB_Defect/images/pcb_defect_086.jpg,pcb-defect,PCB_Defect/images/pcb_defect_118.jpg,0.965394
pcb-defect,PCB_Defect/images/pcb_defect_086.jpg,pcb-defect,PCB_Defect/images/pcb_defect_120.jpg,0.959234
pcb-defect,PCB_Defect/images/pcb_defect_086.jpg,pcb-defect,PCB_Defect/images/pcb_defect_138.jpg,0.967752
pcb-defect,PCB_Defect/images/pcb_defect_086.jpg,pcb-defect,PCB_Defect/images/pcb_defect_143.jpg,0.967676
pcb-defect,PCB_Defect/images/pcb_defect_086.jpg,pcb-defect,PCB_Defect/images/pcb_defect_144.jpg,0.960089
pcb-defect,PCB_Defect/images/pcb_defect_086.jpg,pcb-defect,PCB_Defect/images/pcb_defect_145.jpg,0.958567
pcb-defect,PCB_Defect/images/pcb_defect_086.jpg,pcb-defect,PCB_Defect/images/pcb_defect_149.jpg,0.970279
pcb-defect,PCB_Defect/images/pcb_defect_086.jpg,pcb-defect,PCB_Defect/images/pcb_defect_152.jpg,0.961321
pcb-defect,PCB_Defect/images/pcb_defect_086.jpg,pcb-defect,PCB_Defect/images/pcb_defect_162.jpg,0.959564
pcb-defect,PCB_Defect/images/pcb_defect_086.jpg,pcb-defect,PCB_Defect/images/pcb_defect_184.jpg,0.960338
pcb-defect,PCB_Defect/images/pcb_defect_086.jpg,pcb-defect,PCB_Defect/images/pcb_defect_199.jpg,0.963859
pcb-defect,PCB_Defect/images/pcb_defect_086.jpg,pcb-defect,PCB_Defect/images/pcb_defect_201.jpg,0.965773
pcb-defect,PCB_Defect/images/pcb_defect_086.jpg,pcb-defect,PCB_Defect/images/pcb_defect_209.jpg,0.960228
pcb-defect,PCB_Defect/images/pcb_defect_086.jpg,pcb-defect,PCB_Defect/images/pcb_defect_212.jpg,0.958848
pcb-defect,PCB_Defect/images/pcb_defect_086.jpg,pcb-defect,PCB_Defect/images/pcb_defect_223.jpg,0.96215
pcb-defect,PCB_Defect/images/pcb_defect_086.jpg,pcb-defect,PCB_Defect/images/pcb_defect_224.jpg,0.969027
pcb-defect,PCB_Defect/images/pcb_defect_086.jpg,pcb-defect,PCB_Defect/images/pcb_defect_225.jpg,0.963774
pcb-defect,PCB_Defect/images/pcb_defect_087.jpg,pcb-defect,PCB_Defect/images/pcb_defect_088.jpg,0.965141
pcb-defect,PCB_Defect/images/pcb_defect_087.jpg,pcb-defect,PCB_Defect/images/pcb_defect_091.jpg,0.960882
pcb-defect,PCB_Defect/images/pcb_defect_087.jpg,pcb-defect,PCB_Defect/images/pcb_defect_100.jpg,0.963601
pcb-defect,PCB_Defect/images/pcb_defect_087.jpg,pcb-defect,PCB_Defect/images/pcb_defect_101.jpg,0.967065
pcb-defect,PCB_Defect/images/pcb_defect_087.jpg,pcb-defect,PCB_Defect/images/pcb_defect_103.jpg,0.962177
pcb-defect,PCB_Defect/images/pcb_defect_087.jpg,pcb-defect,PCB_Defect/images/pcb_defect_105.jpg,0.958664
pcb-defect,PCB_Defect/images/pcb_defect_087.jpg,pcb-defect,PCB_Defect/images/pcb_defect_110.jpg,0.958402
pcb-defect,PCB_Defect/images/pcb_defect_087.jpg,pcb-defect,PCB_Defect/images/pcb_defect_120.jpg,0.960609
pcb-defect,PCB_Defect/images/pcb_defect_087.jpg,pcb-defect,PCB_Defect/images/pcb_defect_121.jpg,0.959517
pcb-defect,PCB_Defect/images/pcb_defect_087.jpg,pcb-defect,PCB_Defect/images/pcb_defect_137.jpg,0.962934
pcb-defect,PCB_Defect/images/pcb_defect_087.jpg,pcb-defect,PCB_Defect/images/pcb_defect_143.jpg,0.965573
pcb-defect,PCB_Defect/images/pcb_defect_087.jpg,pcb-defect,PCB_Defect/images/pcb_defect_149.jpg,0.959454
pcb-defect,PCB_Defect/images/pcb_defect_087.jpg,pcb-defect,PCB_Defect/images/pcb_defect_156.jpg,0.962993
pcb-defect,PCB_Defect/images/pcb_defect_087.jpg,pcb-defect,PCB_Defect/images/pcb_defect_157.jpg,0.959072
pcb-defect,PCB_Defect/images/pcb_defect_087.jpg,pcb-defect,PCB_Defect/images/pcb_defect_161.jpg,0.958397
pcb-defect,PCB_Defect/images/pcb_defect_087.jpg,pcb-defect,PCB_Defect/images/pcb_defect_200.jpg,0.960547
pcb-defect,PCB_Defect/images/pcb_defect_087.jpg,pcb-defect,PCB_Defect/images/pcb_defect_223.jpg,0.960299
pcb-defect,PCB_Defect/images/pcb_defect_087.jpg,pcb-defect,PCB_Defect/images/pcb_defect_225.jpg,0.959468
pcb-defect,PCB_Defect/images/pcb_defect_088.jpg,pcb-defect,PCB_Defect/images/pcb_defect_090.jpg,0.968042
pcb-defect,PCB_Defect/images/pcb_defect_088.jpg,pcb-defect,PCB_Defect/images/pcb_defect_224.jpg,0.958354
pcb-defect,PCB_Defect/images/pcb_defect_089.jpg,pcb-defect,PCB_Defect/images/pcb_defect_090.jpg,0.962132
pcb-defect,PCB_Defect/images/pcb_defect_091.jpg,pcb-defect,PCB_Defect/images/pcb_defect_092.jpg,0.964857
pcb-defect,PCB_Defect/images/pcb_defect_091.jpg,pcb-defect,PCB_Defect/images/pcb_defect_093.jpg,0.960534
pcb-defect,PCB_Defect/images/pcb_defect_091.jpg,pcb-defect,PCB_Defect/images/pcb_defect_100.jpg,0.971842
pcb-defect,PCB_Defect/images/pcb_defect_091.jpg,pcb-defect,PCB_Defect/images/pcb_defect_101.jpg,0.966651
pcb-defect,PCB_Defect/images/pcb_defect_091.jpg,pcb-defect,PCB_Defect/images/pcb_defect_104.jpg,0.963983
pcb-defect,PCB_Defect/images/pcb_defect_091.jpg,pcb-defect,PCB_Defect/images/pcb_defect_108.jpg,0.963802
pcb-defect,PCB_Defect/images/pcb_defect_091.jpg,pcb-defect,PCB_Defect/images/pcb_defect_110.jpg,0.964068
pcb-defect,PCB_Defect/images/pcb_defect_091.jpg,pcb-defect,PCB_Defect/images/pcb_defect_118.jpg,0.972087
pcb-defect,PCB_Defect/images/pcb_defect_091.jpg,pcb-defect,PCB_Defect/images/pcb_defect_120.jpg,0.962787
pcb-defect,PCB_Defect/images/pcb_defect_091.jpg,pcb-defect,PCB_Defect/images/pcb_defect_122.jpg,0.958328
pcb-defect,PCB_Defect/images/pcb_defect_091.jpg,pcb-defect,PCB_Defect/images/pcb_defect_138.jpg,0.961706
pcb-defect,PCB_Defect/images/pcb_defect_091.jpg,pcb-defect,PCB_Defect/images/pcb_defect_143.jpg,0.964386
pcb-defect,PCB_Defect/images/pcb_defect_091.jpg,pcb-defect,PCB_Defect/images/pcb_defect_144.jpg,0.96129
pcb-defect,PCB_Defect/images/pcb_defect_091.jpg,pcb-defect,PCB_Defect/images/pcb_defect_145.jpg,0.965201
pcb-defect,PCB_Defect/images/pcb_defect_091.jpg,pcb-defect,PCB_Defect/images/pcb_defect_148.jpg,0.959378
pcb-defect,PCB_Defect/images/pcb_defect_091.jpg,pcb-defect,PCB_Defect/images/pcb_defect_149.jpg,0.972514
pcb-defect,PCB_Defect/images/pcb_defect_091.jpg,pcb-defect,PCB_Defect/images/pcb_defect_152.jpg,0.965271
pcb-defect,PCB_Defect/images/pcb_defect_091.jpg,pcb-defect,PCB_Defect/images/pcb_defect_153.jpg,0.964226
pcb-defect,PCB_Defect/images/pcb_defect_091.jpg,pcb-defect,PCB_Defect/images/pcb_defect_199.jpg,0.962923
pcb-defect,PCB_Defect/images/pcb_defect_091.jpg,pcb-defect,PCB_Defect/images/pcb_defect_201.jpg,0.965765
pcb-defect,PCB_Defect/images/pcb_defect_091.jpg,pcb-defect,PCB_Defect/images/pcb_defect_209.jpg,0.965836
pcb-defect,PCB_Defect/images/pcb_defect_091.jpg,pcb-defect,PCB_Defect/images/pcb_defect_212.jpg,0.958196
pcb-defect,PCB_Defect/images/pcb_defect_091.jpg,pcb-defect,PCB_Defect/images/pcb_defect_224.jpg,0.968042
pcb-defect,PCB_Defect/images/pcb_defect_091.jpg,pcb-defect,PCB_Defect/images/pcb_defect_225.jpg,0.958086
pcb-defect,PCB_Defect/images/pcb_defect_092.jpg,pcb-defect,PCB_Defect/images/pcb_defect_100.jpg,0.961187
pcb-defect,PCB_Defect/images/pcb_defect_092.jpg,pcb-defect,PCB_Defect/images/pcb_defect_110.jpg,0.959578
pcb-defect,PCB_Defect/images/pcb_defect_093.jpg,pcb-defect,PCB_Defect/images/pcb_defect_094.jpg,0.985052
pcb-defect,PCB_Defect/images/pcb_defect_093.jpg,pcb-defect,PCB_Defect/images/pcb_defect_095.jpg,0.958209
pcb-defect,PCB_Defect/images/pcb_defect_093.jpg,pcb-defect,PCB_Defect/images/pcb_defect_100.jpg,0.961754
pcb-defect,PCB_Defect/images/pcb_defect_093.jpg,pcb-defect,PCB_Defect/images/pcb_defect_101.jpg,0.964798
pcb-defect,PCB_Defect/images/pcb_defect_093.jpg,pcb-defect,PCB_Defect/images/pcb_defect_103.jpg,0.958768
pcb-defect,PCB_Defect/images/pcb_defect_093.jpg,pcb-defect,PCB_Defect/images/pcb_defect_224.jpg,0.960344
pcb-defect,PCB_Defect/images/pcb_defect_094.jpg,pcb-defect,PCB_Defect/images/pcb_defect_103.jpg,0.958045
pcb-defect,PCB_Defect/images/pcb_defect_096.jpg,pcb-defect,PCB_Defect/images/pcb_defect_097.jpg,0.984662
pcb-defect,PCB_Defect/images/pcb_defect_097.jpg,pcb-defect,PCB_Defect/images/pcb_defect_099.jpg,0.959986
pcb-defect,PCB_Defect/images/pcb_defect_097.jpg,pcb-defect,PCB_Defect/images/pcb_defect_108.jpg,0.960869
pcb-defect,PCB_Defect/images/pcb_defect_097.jpg,pcb-defect,PCB_Defect/images/pcb_defect_227.jpg,0.96813
pcb-defect,PCB_Defect/images/pcb_defect_098.jpg,pcb-defect,PCB_Defect/images/pcb_defect_099.jpg,0.966463
pcb-defect,PCB_Defect/images/pcb_defect_100.jpg,pcb-defect,PCB_Defect/images/pcb_defect_101.jpg,0.990696
pcb-defect,PCB_Defect/images/pcb_defect_100.jpg,pcb-defect,PCB_Defect/images/pcb_defect_103.jpg,0.962623
pcb-defect,PCB_Defect/images/pcb_defect_100.jpg,pcb-defect,PCB_Defect/images/pcb_defect_104.jpg,0.975486
pcb-defect,PCB_Defect/images/pcb_defect_100.jpg,pcb-defect,PCB_Defect/images/pcb_defect_105.jpg,0.971195
pcb-defect,PCB_Defect/images/pcb_defect_100.jpg,pcb-defect,PCB_Defect/images/pcb_defect_108.jpg,0.980245
pcb-defect,PCB_Defect/images/pcb_defect_100.jpg,pcb-defect,PCB_Defect/images/pcb_defect_109.jpg,0.966035
pcb-defect,PCB_Defect/images/pcb_defect_100.jpg,pcb-defect,PCB_Defect/images/pcb_defect_110.jpg,0.978805
pcb-defect,PCB_Defect/images/pcb_defect_100.jpg,pcb-defect,PCB_Defect/images/pcb_defect_111.jpg,0.971611
pcb-defect,PCB_Defect/images/pcb_defect_100.jpg,pcb-defect,PCB_Defect/images/pcb_defect_118.jpg,0.97122
pcb-defect,PCB_Defect/images/pcb_defect_100.jpg,pcb-defect,PCB_Defect/images/pcb_defect_120.jpg,0.962031
pcb-defect,PCB_Defect/images/pcb_defect_100.jpg,pcb-defect,PCB_Defect/images/pcb_defect_121.jpg,0.958672
pcb-defect,PCB_Defect/images/pcb_defect_100.jpg,pcb-defect,PCB_Defect/images/pcb_defect_122.jpg,0.958747
pcb-defect,PCB_Defect/images/pcb_defect_100.jpg,pcb-defect,PCB_Defect/images/pcb_defect_138.jpg,0.972962
pcb-defect,PCB_Defect/images/pcb_defect_100.jpg,pcb-defect,PCB_Defect/images/pcb_defect_142.jpg,0.959141
pcb-defect,PCB_Defect/images/pcb_defect_100.jpg,pcb-defect,PCB_Defect/images/pcb_defect_143.jpg,0.973456
pcb-defect,PCB_Defect/images/pcb_defect_100.jpg,pcb-defect,PCB_Defect/images/pcb_defect_144.jpg,0.967459
pcb-defect,PCB_Defect/images/pcb_defect_100.jpg,pcb-defect,PCB_Defect/images/pcb_defect_145.jpg,0.974915
pcb-defect,PCB_Defect/images/pcb_defect_100.jpg,pcb-defect,PCB_Defect/images/pcb_defect_149.jpg,0.971064
pcb-defect,PCB_Defect/images/pcb_defect_100.jpg,pcb-defect,PCB_Defect/images/pcb_defect_152.jpg,0.96465
pcb-defect,PCB_Defect/images/pcb_defect_100.jpg,pcb-defect,PCB_Defect/images/pcb_defect_188.jpg,0.96485
pcb-defect,PCB_Defect/images/pcb_defect_100.jpg,pcb-defect,PCB_Defect/images/pcb_defect_189.jpg,0.96551
pcb-defect,PCB_Defect/images/pcb_defect_100.jpg,pcb-defect,PCB_Defect/images/pcb_defect_190.jpg,0.959606
pcb-defect,PCB_Defect/images/pcb_defect_100.jpg,pcb-defect,PCB_Defect/images/pcb_defect_197.jpg,0.959442
pcb-defect,PCB_Defect/images/pcb_defect_100.jpg,pcb-defect,PCB_Defect/images/pcb_defect_199.jpg,0.968101
pcb-defect,PCB_Defect/images/pcb_defect_100.jpg,pcb-defect,PCB_Defect/images/pcb_defect_201.jpg,0.967656
pcb-defect,PCB_Defect/images/pcb_defect_100.jpg,pcb-defect,PCB_Defect/images/pcb_defect_209.jpg,0.970641
pcb-defect,PCB_Defect/images/pcb_defect_100.jpg,pcb-defect,PCB_Defect/images/pcb_defect_212.jpg,0.965278
pcb-defect,PCB_Defect/images/pcb_defect_100.jpg,pcb-defect,PCB_Defect/images/pcb_defect_223.jpg,0.978583
pcb-defect,PCB_Defect/images/pcb_defect_100.jpg,pcb-defect,PCB_Defect/images/pcb_defect_224.jpg,0.985834
pcb-defect,PCB_Defect/images/pcb_defect_100.jpg,pcb-defect,PCB_Defect/images/pcb_defect_225.jpg,0.978148
pcb-defect,PCB_Defect/images/pcb_defect_101.jpg,pcb-defect,PCB_Defect/images/pcb_defect_103.jpg,0.962035
pcb-defect,PCB_Defect/images/pcb_defect_101.jpg,pcb-defect,PCB_Defect/images/pcb_defect_104.jpg,0.970931
pcb-defect,PCB_Defect/images/pcb_defect_101.jpg,pcb-defect,PCB_Defect/images/pcb_defect_105.jpg,0.975121
pcb-defect,PCB_Defect/images/pcb_defect_101.jpg,pcb-defect,PCB_Defect/images/pcb_defect_108.jpg,0.976812
pcb-defect,PCB_Defect/images/pcb_defect_101.jpg,pcb-defect,PCB_Defect/images/pcb_defect_109.jpg,0.96817
pcb-defect,PCB_Defect/images/pcb_defect_101.jpg,pcb-defect,PCB_Defect/images/pcb_defect_110.jpg,0.97484
pcb-defect,PCB_Defect/images/pcb_defect_101.jpg,pcb-defect,PCB_Defect/images/pcb_defect_111.jpg,0.972756
pcb-defect,PCB_Defect/images/pcb_defect_101.jpg,pcb-defect,PCB_Defect/images/pcb_defect_118.jpg,0.970826
pcb-defect,PCB_Defect/images/pcb_defect_101.jpg,pcb-defect,PCB_Defect/images/pcb_defect_120.jpg,0.967899
pcb-defect,PCB_Defect/images/pcb_defect_101.jpg,pcb-defect,PCB_Defect/images/pcb_defect_123.jpg,0.959202
pcb-defect,PCB_Defect/images/pcb_defect_101.jpg,pcb-defect,PCB_Defect/images/pcb_defect_138.jpg,0.96964
pcb-defect,PCB_Defect/images/pcb_defect_101.jpg,pcb-defect,PCB_Defect/images/pcb_defect_140.jpg,0.96171
pcb-defect,PCB_Defect/images/pcb_defect_101.jpg,pcb-defect,PCB_Defect/images/pcb_defect_142.jpg,0.96944
pcb-defect,PCB_Defect/images/pcb_defect_101.jpg,pcb-defect,PCB_Defect/images/pcb_defect_143.jpg,0.975646
pcb-defect,PCB_Defect/images/pcb_defect_101.jpg,pcb-defect,PCB_Defect/images/pcb_defect_144.jpg,0.96814
pcb-defect,PCB_Defect/images/pcb_defect_101.jpg,pcb-defect,PCB_Defect/images/pcb_defect_145.jpg,0.970907
pcb-defect,PCB_Defect/images/pcb_defect_101.jpg,pcb-defect,PCB_Defect/images/pcb_defect_149.jpg,0.971041
pcb-defect,PCB_Defect/images/pcb_defect_101.jpg,pcb-defect,PCB_Defect/images/pcb_defect_189.jpg,0.960894
pcb-defect,PCB_Defect/images/pcb_defect_101.jpg,pcb-defect,PCB_Defect/images/pcb_defect_199.jpg,0.965754
pcb-defect,PCB_Defect/images/pcb_defect_101.jpg,pcb-defect,PCB_Defect/images/pcb_defect_201.jpg,0.965487
pcb-defect,PCB_Defect/images/pcb_defect_101.jpg,pcb-defect,PCB_Defect/images/pcb_defect_209.jpg,0.970222
pcb-defect,PCB_Defect/images/pcb_defect_101.jpg,pcb-defect,PCB_Defect/images/pcb_defect_212.jpg,0.959226
pcb-defect,PCB_Defect/images/pcb_defect_101.jpg,pcb-defect,PCB_Defect/images/pcb_defect_223.jpg,0.976897
pcb-defect,PCB_Defect/images/pcb_defect_101.jpg,pcb-defect,PCB_Defect/images/pcb_defect_224.jpg,0.98057
pcb-defect,PCB_Defect/images/pcb_defect_101.jpg,pcb-defect,PCB_Defect/images/pcb_defect_225.jpg,0.975533
pcb-defect,PCB_Defect/images/pcb_defect_103.jpg,pcb-defect,PCB_Defect/images/pcb_defect_104.jpg,0.959252
pcb-defect,PCB_Defect/images/pcb_defect_103.jpg,pcb-defect,PCB_Defect/images/pcb_defect_107.jpg,0.965674
pcb-defect,PCB_Defect/images/pcb_defect_103.jpg,pcb-defect,PCB_Defect/images/pcb_defect_110.jpg,0.960659
pcb-defect,PCB_Defect/images/pcb_defect_103.jpg,pcb-defect,PCB_Defect/images/pcb_defect_111.jpg,0.958442
pcb-defect,PCB_Defect/images/pcb_defect_103.jpg,pcb-defect,PCB_Defect/images/pcb_defect_223.jpg,0.965077
pcb-defect,PCB_Defect/images/pcb_defect_103.jpg,pcb-defect,PCB_Defect/images/pcb_defect_225.jpg,0.960754
pcb-defect,PCB_Defect/images/pcb_defect_104.jpg,pcb-defect,PCB_Defect/images/pcb_defect_105.jpg,0.983187
pcb-defect,PCB_Defect/images/pcb_defect_104.jpg,pcb-defect,PCB_Defect/images/pcb_defect_108.jpg,0.962395
pcb-defect,PCB_Defect/images/pcb_defect_104.jpg,pcb-defect,PCB_Defect/images/pcb_defect_110.jpg,0.961981
pcb-defect,PCB_Defect/images/pcb_defect_104.jpg,pcb-defect,PCB_Defect/images/pcb_defect_111.jpg,0.963888
pcb-defect,PCB_Defect/images/pcb_defect_104.jpg,pcb-defect,PCB_Defect/images/pcb_defect_118.jpg,0.959437
pcb-defect,PCB_Defect/images/pcb_defect_104.jpg,pcb-defect,PCB_Defect/images/pcb_defect_138.jpg,0.960223
pcb-defect,PCB_Defect/images/pcb_defect_104.jpg,pcb-defect,PCB_Defect/images/pcb_defect_143.jpg,0.968848
pcb-defect,PCB_Defect/images/pcb_defect_104.jpg,pcb-defect,PCB_Defect/images/pcb_defect_149.jpg,0.96243
pcb-defect,PCB_Defect/images/pcb_defect_104.jpg,pcb-defect,PCB_Defect/images/pcb_defect_189.jpg,0.959328
pcb-defect,PCB_Defect/images/pcb_defect_104.jpg,pcb-defect,PCB_Defect/images/pcb_defect_190.jpg,0.958717
pcb-defect,PCB_Defect/images/pcb_defect_104.jpg,pcb-defect,PCB_Defect/images/pcb_defect_201.jpg,0.960987
pcb-defect,PCB_Defect/images/pcb_defect_104.jpg,pcb-defect,PCB_Defect/images/pcb_defect_209.jpg,0.961079
pcb-defect,PCB_Defect/images/pcb_defect_104.jpg,pcb-defect,PCB_Defect/images/pcb_defect_223.jpg,0.964633
pcb-defect,PCB_Defect/images/pcb_defect_104.jpg,pcb-defect,PCB_Defect/images/pcb_defect_224.jpg,0.968487
pcb-defect,PCB_Defect/images/pcb_defect_104.jpg,pcb-defect,PCB_Defect/images/pcb_defect_225.jpg,0.97052
pcb-defect,PCB_Defect/images/pcb_defect_105.jpg,pcb-defect,PCB_Defect/images/pcb_defect_107.jpg,0.959778
pcb-defect,PCB_Defect/images/pcb_defect_105.jpg,pcb-defect,PCB_Defect/images/pcb_defect_108.jpg,0.960112
pcb-defect,PCB_Defect/images/pcb_defect_105.jpg,pcb-defect,PCB_Defect/images/pcb_defect_110.jpg,0.959965
pcb-defect,PCB_Defect/images/pcb_defect_105.jpg,pcb-defect,PCB_Defect/images/pcb_defect_111.jpg,0.967913
pcb-defect,PCB_Defect/images/pcb_defect_105.jpg,pcb-defect,PCB_Defect/images/pcb_defect_143.jpg,0.971357
pcb-defect,PCB_Defect/images/pcb_defect_105.jpg,pcb-defect,PCB_Defect/images/pcb_defect_183.jpg,0.959343
pcb-defect,PCB_Defect/images/pcb_defect_105.jpg,pcb-defect,PCB_Defect/images/pcb_defect_189.jpg,0.962292
pcb-defect,PCB_Defect/images/pcb_defect_105.jpg,pcb-defect,PCB_Defect/images/pcb_defect_190.jpg,0.96387
pcb-defect,PCB_Defect/images/pcb_defect_105.jpg,pcb-defect,PCB_Defect/images/pcb_defect_223.jpg,0.968625
pcb-defect,PCB_Defect/images/pcb_defect_105.jpg,pcb-defect,PCB_Defect/images/pcb_defect_224.jpg,0.969353
pcb-defect,PCB_Defect/images/pcb_defect_105.jpg,pcb-defect,PCB_Defect/images/pcb_defect_225.jpg,0.967786
pcb-defect,PCB_Defect/images/pcb_defect_106.jpg,pcb-defect,PCB_Defect/images/pcb_defect_107.jpg,0.97278
pcb-defect,PCB_Defect/images/pcb_defect_106.jpg,pcb-defect,PCB_Defect/images/pcb_defect_225.jpg,0.965194
pcb-defect,PCB_Defect/images/pcb_defect_107.jpg,pcb-defect,PCB_Defect/images/pcb_defect_111.jpg,0.960702
pcb-defect,PCB_Defect/images/pcb_defect_108.jpg,pcb-defect,PCB_Defect/images/pcb_defect_109.jpg,0.974199
pcb-defect,PCB_Defect/images/pcb_defect_108.jpg,pcb-defect,PCB_Defect/images/pcb_defect_110.jpg,0.983102
pcb-defect,PCB_Defect/images/pcb_defect_108.jpg,pcb-defect,PCB_Defect/images/pcb_defect_111.jpg,0.963464
pcb-defect,PCB_Defect/images/pcb_defect_108.jpg,pcb-defect,PCB_Defect/images/pcb_defect_113.jpg,0.974589
pcb-defect,PCB_Defect/images/pcb_defect_108.jpg,pcb-defect,PCB_Defect/images/pcb_defect_114.jpg,0.963928
pcb-defect,PCB_Defect/images/pcb_defect_108.jpg,pcb-defect,PCB_Defect/images/pcb_defect_116.jpg,0.97091
pcb-defect,PCB_Defect/images/pcb_defect_108.jpg,pcb-defect,PCB_Defect/images/pcb_defect_118.jpg,0.966463
pcb-defect,PCB_Defect/images/pcb_defect_108.jpg,pcb-defect,PCB_Defect/images/pcb_defect_121.jpg,0.958161
pcb-defect,PCB_Defect/images/pcb_defect_108.jpg,pcb-defect,PCB_Defect/images/pcb_defect_132.jpg,0.963383
pcb-defect,PCB_Defect/images/pcb_defect_108.jpg,pcb-defect,PCB_Defect/images/pcb_defect_134.jpg,0.964618
pcb-defect,PCB_Defect/images/pcb_defect_108.jpg,pcb-defect,PCB_Defect/images/pcb_defect_138.jpg,0.96254
pcb-defect,PCB_Defect/images/pcb_defect_108.jpg,pcb-defect,PCB_Defect/images/pcb_defect_143.jpg,0.968801
pcb-defect,PCB_Defect/images/pcb_defect_108.jpg,pcb-defect,PCB_Defect/images/pcb_defect_144.jpg,0.965043
pcb-defect,PCB_Defect/images/pcb_defect_108.jpg,pcb-defect,PCB_Defect/images/pcb_defect_145.jpg,0.972537
pcb-defect,PCB_Defect/images/pcb_defect_108.jpg,pcb-defect,PCB_Defect/images/pcb_defect_152.jpg,0.959641
pcb-defect,PCB_Defect/images/pcb_defect_108.jpg,pcb-defect,PCB_Defect/images/pcb_defect_198.jpg,0.960704
pcb-defect,PCB_Defect/images/pcb_defect_108.jpg,pcb-defect,PCB_Defect/images/pcb_defect_199.jpg,0.959841
pcb-defect,PCB_Defect/images/pcb_defect_108.jpg,pcb-defect,PCB_Defect/images/pcb_defect_201.jpg,0.962043
pcb-defect,PCB_Defect/images/pcb_defect_108.jpg,pcb-defect,PCB_Defect/images/pcb_defect_209.jpg,0.963955
pcb-defect,PCB_Defect/images/pcb_defect_108.jpg,pcb-defect,PCB_Defect/images/pcb_defect_223.jpg,0.960926
pcb-defect,PCB_Defect/images/pcb_defect_108.jpg,pcb-defect,PCB_Defect/images/pcb_defect_224.jpg,0.96931
pcb-defect,PCB_Defect/images/pcb_defect_108.jpg,pcb-defect,PCB_Defect/images/pcb_defect_225.jpg,0.963923
pcb-defect,PCB_Defect/images/pcb_defect_109.jpg,pcb-defect,PCB_Defect/images/pcb_defect_110.jpg,0.97625
pcb-defect,PCB_Defect/images/pcb_defect_109.jpg,pcb-defect,PCB_Defect/images/pcb_defect_111.jpg,0.970899
pcb-defect,PCB_Defect/images/pcb_defect_109.jpg,pcb-defect,PCB_Defect/images/pcb_defect_223.jpg,0.959846
pcb-defect,PCB_Defect/images/pcb_defect_109.jpg,pcb-defect,PCB_Defect/images/pcb_defect_225.jpg,0.961684
pcb-defect,PCB_Defect/images/pcb_defect_110.jpg,pcb-defect,PCB_Defect/images/pcb_defect_111.jpg,0.974356
pcb-defect,PCB_Defect/images/pcb_defect_110.jpg,pcb-defect,PCB_Defect/images/pcb_defect_116.jpg,0.961672
pcb-defect,PCB_Defect/images/pcb_defect_110.jpg,pcb-defect,PCB_Defect/images/pcb_defect_118.jpg,0.959318
pcb-defect,PCB_Defect/images/pcb_defect_110.jpg,pcb-defect,PCB_Defect/images/pcb_defect_130.jpg,0.960428
pcb-defect,PCB_Defect/images/pcb_defect_110.jpg,pcb-defect,PCB_Defect/images/pcb_defect_143.jpg,0.962197
pcb-defect,PCB_Defect/images/pcb_defect_110.jpg,pcb-defect,PCB_Defect/images/pcb_defect_145.jpg,0.964222
pcb-defect,PCB_Defect/images/pcb_defect_110.jpg,pcb-defect,PCB_Defect/images/pcb_defect_199.jpg,0.95814
pcb-defect,PCB_Defect/images/pcb_defect_110.jpg,pcb-defect,PCB_Defect/images/pcb_defect_201.jpg,0.959214
pcb-defect,PCB_Defect/images/pcb_defect_110.jpg,pcb-defect,PCB_Defect/images/pcb_defect_209.jpg,0.960239
pcb-defect,PCB_Defect/images/pcb_defect_110.jpg,pcb-defect,PCB_Defect/images/pcb_defect_223.jpg,0.970719
pcb-defect,PCB_Defect/images/pcb_defect_110.jpg,pcb-defect,PCB_Defect/images/pcb_defect_224.jpg,0.970506
pcb-defect,PCB_Defect/images/pcb_defect_110.jpg,pcb-defect,PCB_Defect/images/pcb_defect_225.jpg,0.966714
pcb-defect,PCB_Defect/images/pcb_defect_111.jpg,pcb-defect,PCB_Defect/images/pcb_defect_143.jpg,0.964273
pcb-defect,PCB_Defect/images/pcb_defect_111.jpg,pcb-defect,PCB_Defect/images/pcb_defect_189.jpg,0.962065
pcb-defect,PCB_Defect/images/pcb_defect_111.jpg,pcb-defect,PCB_Defect/images/pcb_defect_223.jpg,0.974418
pcb-defect,PCB_Defect/images/pcb_defect_111.jpg,pcb-defect,PCB_Defect/images/pcb_defect_224.jpg,0.968538
pcb-defect,PCB_Defect/images/pcb_defect_111.jpg,pcb-defect,PCB_Defect/images/pcb_defect_225.jpg,0.969122
pcb-defect,PCB_Defect/images/pcb_defect_111.jpg,pcb-defect,PCB_Defect/images/pcb_defect_226.jpg,0.962685
pcb-defect,PCB_Defect/images/pcb_defect_113.jpg,pcb-defect,PCB_Defect/images/pcb_defect_114.jpg,0.964309
pcb-defect,PCB_Defect/images/pcb_defect_113.jpg,pcb-defect,PCB_Defect/images/pcb_defect_115.jpg,0.961145
pcb-defect,PCB_Defect/images/pcb_defect_113.jpg,pcb-defect,PCB_Defect/images/pcb_defect_116.jpg,0.977204
pcb-defect,PCB_Defect/images/pcb_defect_113.jpg,pcb-defect,PCB_Defect/images/pcb_defect_118.jpg,0.961446
pcb-defect,PCB_Defect/images/pcb_defect_113.jpg,pcb-defect,PCB_Defect/images/pcb_defect_132.jpg,0.964935
pcb-defect,PCB_Defect/images/pcb_defect_113.jpg,pcb-defect,PCB_Defect/images/pcb_defect_134.jpg,0.959451
pcb-defect,PCB_Defect/images/pcb_defect_113.jpg,pcb-defect,PCB_Defect/images/pcb_defect_145.jpg,0.961882
pcb-defect,PCB_Defect/images/pcb_defect_113.jpg,pcb-defect,PCB_Defect/images/pcb_defect_198.jpg,0.962393
pcb-defect,PCB_Defect/images/pcb_defect_114.jpg,pcb-defect,PCB_Defect/images/pcb_defect_116.jpg,0.979793
pcb-defect,PCB_Defect/images/pcb_defect_114.jpg,pcb-defect,PCB_Defect/images/pcb_defect_121.jpg,0.958773
pcb-defect,PCB_Defect/images/pcb_defect_116.jpg,pcb-defect,PCB_Defect/images/pcb_defect_118.jpg,0.964049
pcb-defect,PCB_Defect/images/pcb_defect_116.jpg,pcb-defect,PCB_Defect/images/pcb_defect_121.jpg,0.96147
pcb-defect,PCB_Defect/images/pcb_defect_116.jpg,pcb-defect,PCB_Defect/images/pcb_defect_132.jpg,0.968455
pcb-defect,PCB_Defect/images/pcb_defect_116.jpg,pcb-defect,PCB_Defect/images/pcb_defect_134.jpg,0.964343
pcb-defect,PCB_Defect/images/pcb_defect_116.jpg,pcb-defect,PCB_Defect/images/pcb_defect_144.jpg,0.958565
pcb-defect,PCB_Defect/images/pcb_defect_116.jpg,pcb-defect,PCB_Defect/images/pcb_defect_145.jpg,0.964817
pcb-defect,PCB_Defect/images/pcb_defect_116.jpg,pcb-defect,PCB_Defect/images/pcb_defect_196.jpg,0.95844
pcb-defect,PCB_Defect/images/pcb_defect_116.jpg,pcb-defect,PCB_Defect/images/pcb_defect_198.jpg,0.965911
pcb-defect,PCB_Defect/images/pcb_defect_116.jpg,pcb-defect,PCB_Defect/images/pcb_defect_209.jpg,0.962214
pcb-defect,PCB_Defect/images/pcb_defect_118.jpg,pcb-defect,PCB_Defect/images/pcb_defect_119.jpg,0.96309
pcb-defect,PCB_Defect/images/pcb_defect_118.jpg,pcb-defect,PCB_Defect/images/pcb_defect_120.jpg,0.978648
pcb-defect,PCB_Defect/images/pcb_defect_118.jpg,pcb-defect,PCB_Defect/images/pcb_defect_121.jpg,0.962632
pcb-defect,PCB_Defect/images/pcb_defect_118.jpg,pcb-defect,PCB_Defect/images/pcb_defect_122.jpg,0.977879
pcb-defect,PCB_Defect/images/pcb_defect_118.jpg,pcb-defect,PCB_Defect/images/pcb_defect_123.jpg,0.973871
pcb-defect,PCB_Defect/images/pcb_defect_118.jpg,pcb-defect,PCB_Defect/images/pcb_defect_132.jpg,0.95877
pcb-defect,PCB_Defect/images/pcb_defect_118.jpg,pcb-defect,PCB_Defect/images/pcb_defect_138.jpg,0.974544
pcb-defect,PCB_Defect/images/pcb_defect_118.jpg,pcb-defect,PCB_Defect/images/pcb_defect_142.jpg,0.964625
pcb-defect,PCB_Defect/images/pcb_defect_118.jpg,pcb-defect,PCB_Defect/images/pcb_defect_143.jpg,0.9716
pcb-defect,PCB_Defect/images/pcb_defect_118.jpg,pcb-defect,PCB_Defect/images/pcb_defect_144.jpg,0.973969
pcb-defect,PCB_Defect/images/pcb_defect_118.jpg,pcb-defect,PCB_Defect/images/pcb_defect_145.jpg,0.973461
pcb-defect,PCB_Defect/images/pcb_defect_118.jpg,pcb-defect,PCB_Defect/images/pcb_defect_149.jpg,0.965589
pcb-defect,PCB_Defect/images/pcb_defect_118.jpg,pcb-defect,PCB_Defect/images/pcb_defect_152.jpg,0.959264
pcb-defect,PCB_Defect/images/pcb_defect_118.jpg,pcb-defect,PCB_Defect/images/pcb_defect_173.jpg,0.959326
pcb-defect,PCB_Defect/images/pcb_defect_118.jpg,pcb-defect,PCB_Defect/images/pcb_defect_188.jpg,0.960362
pcb-defect,PCB_Defect/images/pcb_defect_118.jpg,pcb-defect,PCB_Defect/images/pcb_defect_189.jpg,0.966411
pcb-defect,PCB_Defect/images/pcb_defect_118.jpg,pcb-defect,PCB_Defect/images/pcb_defect_196.jpg,0.959928
pcb-defect,PCB_Defect/images/pcb_defect_118.jpg,pcb-defect,PCB_Defect/images/pcb_defect_197.jpg,0.963237
pcb-defect,PCB_Defect/images/pcb_defect_118.jpg,pcb-defect,PCB_Defect/images/pcb_defect_198.jpg,0.974333
pcb-defect,PCB_Defect/images/pcb_defect_118.jpg,pcb-defect,PCB_Defect/images/pcb_defect_199.jpg,0.970854
pcb-defect,PCB_Defect/images/pcb_defect_118.jpg,pcb-defect,PCB_Defect/images/pcb_defect_201.jpg,0.974668
pcb-defect,PCB_Defect/images/pcb_defect_118.jpg,pcb-defect,PCB_Defect/images/pcb_defect_209.jpg,0.967819
pcb-defect,PCB_Defect/images/pcb_defect_118.jpg,pcb-defect,PCB_Defect/images/pcb_defect_212.jpg,0.966143
pcb-defect,PCB_Defect/images/pcb_defect_118.jpg,pcb-defect,PCB_Defect/images/pcb_defect_224.jpg,0.967056
pcb-defect,PCB_Defect/images/pcb_defect_119.jpg,pcb-defect,PCB_Defect/images/pcb_defect_121.jpg,0.977769
pcb-defect,PCB_Defect/images/pcb_defect_119.jpg,pcb-defect,PCB_Defect/images/pcb_defect_123.jpg,0.965511
pcb-defect,PCB_Defect/images/pcb_defect_119.jpg,pcb-defect,PCB_Defect/images/pcb_defect_145.jpg,0.961965
pcb-defect,PCB_Defect/images/pcb_defect_119.jpg,pcb-defect,PCB_Defect/images/pcb_defect_152.jpg,0.960047
pcb-defect,PCB_Defect/images/pcb_defect_119.jpg,pcb-defect,PCB_Defect/images/pcb_defect_153.jpg,0.960229
pcb-defect,PCB_Defect/images/pcb_defect_119.jpg,pcb-defect,PCB_Defect/images/pcb_defect_197.jpg,0.960425
pcb-defect,PCB_Defect/images/pcb_defect_119.jpg,pcb-defect,PCB_Defect/images/pcb_defect_198.jpg,0.962091
pcb-defect,PCB_Defect/images/pcb_defect_119.jpg,pcb-defect,PCB_Defect/images/pcb_defect_199.jpg,0.963686
pcb-defect,PCB_Defect/images/pcb_defect_119.jpg,pcb-defect,PCB_Defect/images/pcb_defect_201.jpg,0.961797
pcb-defect,PCB_Defect/images/pcb_defect_119.jpg,pcb-defect,PCB_Defect/images/pcb_defect_212.jpg,0.958932
pcb-defect,PCB_Defect/images/pcb_defect_120.jpg,pcb-defect,PCB_Defect/images/pcb_defect_122.jpg,0.981677
pcb-defect,PCB_Defect/images/pcb_defect_120.jpg,pcb-defect,PCB_Defect/images/pcb_defect_123.jpg,0.975188
pcb-defect,PCB_Defect/images/pcb_defect_120.jpg,pcb-defect,PCB_Defect/images/pcb_defect_138.jpg,0.966302
pcb-defect,PCB_Defect/images/pcb_defect_120.jpg,pcb-defect,PCB_Defect/images/pcb_defect_140.jpg,0.963378
pcb-defect,PCB_Defect/images/pcb_defect_120.jpg,pcb-defect,PCB_Defect/images/pcb_defect_142.jpg,0.961112
pcb-defect,PCB_Defect/images/pcb_defect_120.jpg,pcb-defect,PCB_Defect/images/pcb_defect_143.jpg,0.968721
pcb-defect,PCB_Defect/images/pcb_defect_120.jpg,pcb-defect,PCB_Defect/images/pcb_defect_145.jpg,0.959157
pcb-defect,PCB_Defect/images/pcb_defect_120.jpg,pcb-defect,PCB_Defect/images/pcb_defect_149.jpg,0.958608
pcb-defect,PCB_Defect/images/pcb_defect_120.jpg,pcb-defect,PCB_Defect/images/pcb_defect_176.jpg,0.958576
pcb-defect,PCB_Defect/images/pcb_defect_120.jpg,pcb-defect,PCB_Defect/images/pcb_defect_178.jpg,0.965995
pcb-defect,PCB_Defect/images/pcb_defect_120.jpg,pcb-defect,PCB_Defect/images/pcb_defect_199.jpg,0.968145
pcb-defect,PCB_Defect/images/pcb_defect_120.jpg,pcb-defect,PCB_Defect/images/pcb_defect_201.jpg,0.965573
pcb-defect,PCB_Defect/images/pcb_defect_121.jpg,pcb-defect,PCB_Defect/images/pcb_defect_122.jpg,0.960566
pcb-defect,PCB_Defect/images/pcb_defect_121.jpg,pcb-defect,PCB_Defect/images/pcb_defect_123.jpg,0.966666
pcb-defect,PCB_Defect/images/pcb_defect_121.jpg,pcb-defect,PCB_Defect/images/pcb_defect_132.jpg,0.963459
pcb-defect,PCB_Defect/images/pcb_defect_121.jpg,pcb-defect,PCB_Defect/images/pcb_defect_134.jpg,0.968585
pcb-defect,PCB_Defect/images/pcb_defect_121.jpg,pcb-defect,PCB_Defect/images/pcb_defect_138.jpg,0.962037
pcb-defect,PCB_Defect/images/pcb_defect_121.jpg,pcb-defect,PCB_Defect/images/pcb_defect_143.jpg,0.958388
pcb-defect,PCB_Defect/images/pcb_defect_121.jpg,pcb-defect,PCB_Defect/images/pcb_defect_144.jpg,0.965644
pcb-defect,PCB_Defect/images/pcb_defect_121.jpg,pcb-defect,PCB_Defect/images/pcb_defect_145.jpg,0.964703
pcb-defect,PCB_Defect/images/pcb_defect_121.jpg,pcb-defect,PCB_Defect/images/pcb_defect_146.jpg,0.96127
pcb-defect,PCB_Defect/images/pcb_defect_121.jpg,pcb-defect,PCB_Defect/images/pcb_defect_149.jpg,0.960609
pcb-defect,PCB_Defect/images/pcb_defect_121.jpg,pcb-defect,PCB_Defect/images/pcb_defect_150.jpg,0.960339
pcb-defect,PCB_Defect/images/pcb_defect_121.jpg,pcb-defect,PCB_Defect/images/pcb_defect_152.jpg,0.967557
pcb-defect,PCB_Defect/images/pcb_defect_121.jpg,pcb-defect,PCB_Defect/images/pcb_defect_153.jpg,0.958081
pcb-defect,PCB_Defect/images/pcb_defect_121.jpg,pcb-defect,PCB_Defect/images/pcb_defect_173.jpg,0.959247
pcb-defect,PCB_Defect/images/pcb_defect_121.jpg,pcb-defect,PCB_Defect/images/pcb_defect_199.jpg,0.961167
pcb-defect,PCB_Defect/images/pcb_defect_121.jpg,pcb-defect,PCB_Defect/images/pcb_defect_200.jpg,0.961458
pcb-defect,PCB_Defect/images/pcb_defect_121.jpg,pcb-defect,PCB_Defect/images/pcb_defect_201.jpg,0.964919
pcb-defect,PCB_Defect/images/pcb_defect_121.jpg,pcb-defect,PCB_Defect/images/pcb_defect_220.jpg,0.967029
pcb-defect,PCB_Defect/images/pcb_defect_122.jpg,pcb-defect,PCB_Defect/images/pcb_defect_123.jpg,0.976184
pcb-defect,PCB_Defect/images/pcb_defect_122.jpg,pcb-defect,PCB_Defect/images/pcb_defect_138.jpg,0.970248
pcb-defect,PCB_Defect/images/pcb_defect_122.jpg,pcb-defect,PCB_Defect/images/pcb_defect_140.jpg,0.960599
pcb-defect,PCB_Defect/images/pcb_defect_122.jpg,pcb-defect,PCB_Defect/images/pcb_defect_142.jpg,0.959031
pcb-defect,PCB_Defect/images/pcb_defect_122.jpg,pcb-defect,PCB_Defect/images/pcb_defect_143.jpg,0.967523
pcb-defect,PCB_Defect/images/pcb_defect_122.jpg,pcb-defect,PCB_Defect/images/pcb_defect_144.jpg,0.961875
pcb-defect,PCB_Defect/images/pcb_defect_122.jpg,pcb-defect,PCB_Defect/images/pcb_defect_145.jpg,0.958806
pcb-defect,PCB_Defect/images/pcb_defect_122.jpg,pcb-defect,PCB_Defect/images/pcb_defect_178.jpg,0.967596
pcb-defect,PCB_Defect/images/pcb_defect_122.jpg,pcb-defect,PCB_Defect/images/pcb_defect_189.jpg,0.958744
pcb-defect,PCB_Defect/images/pcb_defect_122.jpg,pcb-defect,PCB_Defect/images/pcb_defect_197.jpg,0.960683
pcb-defect,PCB_Defect/images/pcb_defect_122.jpg,pcb-defect,PCB_Defect/images/pcb_defect_198.jpg,0.959404
pcb-defect,PCB_Defect/images/pcb_defect_122.jpg,pcb-defect,PCB_Defect/images/pcb_defect_199.jpg,0.965053
pcb-defect,PCB_Defect/images/pcb_defect_122.jpg,pcb-defect,PCB_Defect/images/pcb_defect_201.jpg,0.968341
pcb-defect,PCB_Defect/images/pcb_defect_123.jpg,pcb-defect,PCB_Defect/images/pcb_defect_130.jpg,0.958686
pcb-defect,PCB_Defect/images/pcb_defect_123.jpg,pcb-defect,PCB_Defect/images/pcb_defect_134.jpg,0.959728
pcb-defect,PCB_Defect/images/pcb_defect_123.jpg,pcb-defect,PCB_Defect/images/pcb_defect_138.jpg,0.965977
pcb-defect,PCB_Defect/images/pcb_defect_123.jpg,pcb-defect,PCB_Defect/images/pcb_defect_142.jpg,0.962034
pcb-defect,PCB_Defect/images/pcb_defect_123.jpg,pcb-defect,PCB_Defect/images/pcb_defect_143.jpg,0.966916
pcb-defect,PCB_Defect/images/pcb_defect_123.jpg,pcb-defect,PCB_Defect/images/pcb_defect_144.jpg,0.967347
pcb-defect,PCB_Defect/images/pcb_defect_123.jpg,pcb-defect,PCB_Defect/images/pcb_defect_145.jpg,0.963908
pcb-defect,PCB_Defect/images/pcb_defect_123.jpg,pcb-defect,PCB_Defect/images/pcb_defect_178.jpg,0.960947
pcb-defect,PCB_Defect/images/pcb_defect_123.jpg,pcb-defect,PCB_Defect/images/pcb_defect_198.jpg,0.967102
pcb-defect,PCB_Defect/images/pcb_defect_123.jpg,pcb-defect,PCB_Defect/images/pcb_defect_199.jpg,0.970071
pcb-defect,PCB_Defect/images/pcb_defect_123.jpg,pcb-defect,PCB_Defect/images/pcb_defect_200.jpg,0.961753
pcb-defect,PCB_Defect/images/pcb_defect_123.jpg,pcb-defect,PCB_Defect/images/pcb_defect_201.jpg,0.970667
pcb-defect,PCB_Defect/images/pcb_defect_123.jpg,pcb-defect,PCB_Defect/images/pcb_defect_209.jpg,0.959819
pcb-defect,PCB_Defect/images/pcb_defect_123.jpg,pcb-defect,PCB_Defect/images/pcb_defect_212.jpg,0.960329
pcb-defect,PCB_Defect/images/pcb_defect_125.jpg,pcb-defect,PCB_Defect/images/pcb_defect_127.jpg,0.973435
pcb-defect,PCB_Defect/images/pcb_defect_125.jpg,pcb-defect,PCB_Defect/images/pcb_defect_129.jpg,0.965904
pcb-defect,PCB_Defect/images/pcb_defect_127.jpg,pcb-defect,PCB_Defect/images/pcb_defect_129.jpg,0.960321
pcb-defect,PCB_Defect/images/pcb_defect_128.jpg,pcb-defect,PCB_Defect/images/pcb_defect_130.jpg,0.974571
pcb-defect,PCB_Defect/images/pcb_defect_128.jpg,pcb-defect,PCB_Defect/images/pcb_defect_136.jpg,0.962197
pcb-defect,PCB_Defect/images/pcb_defect_128.jpg,pcb-defect,PCB_Defect/images/pcb_defect_137.jpg,0.959661
pcb-defect,PCB_Defect/images/pcb_defect_130.jpg,pcb-defect,PCB_Defect/images/pcb_defect_136.jpg,0.961002
pcb-defect,PCB_Defect/images/pcb_defect_130.jpg,pcb-defect,PCB_Defect/images/pcb_defect_137.jpg,0.968888
pcb-defect,PCB_Defect/images/pcb_defect_131.jpg,pcb-defect,PCB_Defect/images/pcb_defect_133.jpg,0.979567
pcb-defect,PCB_Defect/images/pcb_defect_131.jpg,pcb-defect,PCB_Defect/images/pcb_defect_135.jpg,0.983058
pcb-defect,PCB_Defect/images/pcb_defect_132.jpg,pcb-defect,PCB_Defect/images/pcb_defect_134.jpg,0.988504
pcb-defect,PCB_Defect/images/pcb_defect_132.jpg,pcb-defect,PCB_Defect/images/pcb_defect_139.jpg,0.958726
pcb-defect,PCB_Defect/images/pcb_defect_132.jpg,pcb-defect,PCB_Defect/images/pcb_defect_141.jpg,0.959327
pcb-defect,PCB_Defect/images/pcb_defect_132.jpg,pcb-defect,PCB_Defect/images/pcb_defect_144.jpg,0.964325
pcb-defect,PCB_Defect/images/pcb_defect_132.jpg,pcb-defect,PCB_Defect/images/pcb_defect_145.jpg,0.96339
pcb-defect,PCB_Defect/images/pcb_defect_132.jpg,pcb-defect,PCB_Defect/images/pcb_defect_152.jpg,0.961655
pcb-defect,PCB_Defect/images/pcb_defect_132.jpg,pcb-defect,PCB_Defect/images/pcb_defect_173.jpg,0.958581
pcb-defect,PCB_Defect/images/pcb_defect_132.jpg,pcb-defect,PCB_Defect/images/pcb_defect_196.jpg,0.959755
pcb-defect,PCB_Defect/images/pcb_defect_132.jpg,pcb-defect,PCB_Defect/images/pcb_defect_198.jpg,0.9625
pcb-defect,PCB_Defect/images/pcb_defect_132.jpg,pcb-defect,PCB_Defect/images/pcb_defect_201.jpg,0.960689
pcb-defect,PCB_Defect/images/pcb_defect_132.jpg,pcb-defect,PCB_Defect/images/pcb_defect_209.jpg,0.958772
pcb-defect,PCB_Defect/images/pcb_defect_133.jpg,pcb-defect,PCB_Defect/images/pcb_defect_135.jpg,0.973761
pcb-defect,PCB_Defect/images/pcb_defect_134.jpg,pcb-defect,PCB_Defect/images/pcb_defect_136.jpg,0.958374
pcb-defect,PCB_Defect/images/pcb_defect_134.jpg,pcb-defect,PCB_Defect/images/pcb_defect_144.jpg,0.964424
pcb-defect,PCB_Defect/images/pcb_defect_134.jpg,pcb-defect,PCB_Defect/images/pcb_defect_145.jpg,0.96175
pcb-defect,PCB_Defect/images/pcb_defect_134.jpg,pcb-defect,PCB_Defect/images/pcb_defect_152.jpg,0.958281
pcb-defect,PCB_Defect/images/pcb_defect_138.jpg,pcb-defect,PCB_Defect/images/pcb_defect_139.jpg,0.961944
pcb-defect,PCB_Defect/images/pcb_defect_138.jpg,pcb-defect,PCB_Defect/images/pcb_defect_140.jpg,0.962969
pcb-defect,PCB_Defect/images/pcb_defect_138.jpg,pcb-defect,PCB_Defect/images/pcb_defect_142.jpg,0.962543
pcb-defect,PCB_Defect/images/pcb_defect_138.jpg,pcb-defect,PCB_Defect/images/pcb_defect_143.jpg,0.97663
pcb-defect,PCB_Defect/images/pcb_defect_138.jpg,pcb-defect,PCB_Defect/images/pcb_defect_144.jpg,0.974117
pcb-defect,PCB_Defect/images/pcb_defect_138.jpg,pcb-defect,PCB_Defect/images/pcb_defect_145.jpg,0.977991
pcb-defect,PCB_Defect/images/pcb_defect_138.jpg,pcb-defect,PCB_Defect/images/pcb_defect_149.jpg,0.969924
pcb-defect,PCB_Defect/images/pcb_defect_138.jpg,pcb-defect,PCB_Defect/images/pcb_defect_152.jpg,0.960315
pcb-defect,PCB_Defect/images/pcb_defect_138.jpg,pcb-defect,PCB_Defect/images/pcb_defect_173.jpg,0.958757
pcb-defect,PCB_Defect/images/pcb_defect_138.jpg,pcb-defect,PCB_Defect/images/pcb_defect_181.jpg,0.958663
pcb-defect,PCB_Defect/images/pcb_defect_138.jpg,pcb-defect,PCB_Defect/images/pcb_defect_187.jpg,0.958353
pcb-defect,PCB_Defect/images/pcb_defect_138.jpg,pcb-defect,PCB_Defect/images/pcb_defect_188.jpg,0.964352
pcb-defect,PCB_Defect/images/pcb_defect_138.jpg,pcb-defect,PCB_Defect/images/pcb_defect_189.jpg,0.963918
pcb-defect,PCB_Defect/images/pcb_defect_138.jpg,pcb-defect,PCB_Defect/images/pcb_defect_190.jpg,0.95983
pcb-defect,PCB_Defect/images/pcb_defect_138.jpg,pcb-defect,PCB_Defect/images/pcb_defect_197.jpg,0.964602
pcb-defect,PCB_Defect/images/pcb_defect_138.jpg,pcb-defect,PCB_Defect/images/pcb_defect_198.jpg,0.963672
pcb-defect,PCB_Defect/images/pcb_defect_138.jpg,pcb-defect,PCB_Defect/images/pcb_defect_199.jpg,0.969959
pcb-defect,PCB_Defect/images/pcb_defect_138.jpg,pcb-defect,PCB_Defect/images/pcb_defect_200.jpg,0.964036
pcb-defect,PCB_Defect/images/pcb_defect_138.jpg,pcb-defect,PCB_Defect/images/pcb_defect_201.jpg,0.971448
pcb-defect,PCB_Defect/images/pcb_defect_138.jpg,pcb-defect,PCB_Defect/images/pcb_defect_209.jpg,0.961682
pcb-defect,PCB_Defect/images/pcb_defect_138.jpg,pcb-defect,PCB_Defect/images/pcb_defect_212.jpg,0.96106
pcb-defect,PCB_Defect/images/pcb_defect_138.jpg,pcb-defect,PCB_Defect/images/pcb_defect_223.jpg,0.958557
pcb-defect,PCB_Defect/images/pcb_defect_138.jpg,pcb-defect,PCB_Defect/images/pcb_defect_224.jpg,0.974767
pcb-defect,PCB_Defect/images/pcb_defect_139.jpg,pcb-defect,PCB_Defect/images/pcb_defect_141.jpg,0.978298
pcb-defect,PCB_Defect/images/pcb_defect_139.jpg,pcb-defect,PCB_Defect/images/pcb_defect_144.jpg,0.961269
pcb-defect,PCB_Defect/images/pcb_defect_139.jpg,pcb-defect,PCB_Defect/images/pcb_defect_152.jpg,0.965221
pcb-defect,PCB_Defect/images/pcb_defect_139.jpg,pcb-defect,PCB_Defect/images/pcb_defect_153.jpg,0.961676
pcb-defect,PCB_Defect/images/pcb_defect_139.jpg,pcb-defect,PCB_Defect/images/pcb_defect_154.jpg,0.959543
pcb-defect,PCB_Defect/images/pcb_defect_139.jpg,pcb-defect,PCB_Defect/images/pcb_defect_187.jpg,0.964533
pcb-defect,PCB_Defect/images/pcb_defect_140.jpg,pcb-defect,PCB_Defect/images/pcb_defect_142.jpg,0.969822
pcb-defect,PCB_Defect/images/pcb_defect_140.jpg,pcb-defect,PCB_Defect/images/pcb_defect_143.jpg,0.966969
pcb-defect,PCB_Defect/images/pcb_defect_141.jpg,pcb-defect,PCB_Defect/images/pcb_defect_147.jpg,0.971722
pcb-defect,PCB_Defect/images/pcb_defect_141.jpg,pcb-defect,PCB_Defect/images/pcb_defect_150.jpg,0.96351
pcb-defect,PCB_Defect/images/pcb_defect_141.jpg,pcb-defect,PCB_Defect/images/pcb_defect_152.jpg,0.970213
pcb-defect,PCB_Defect/images/pcb_defect_141.jpg,pcb-defect,PCB_Defect/images/pcb_defect_153.jpg,0.958009
pcb-defect,PCB_Defect/images/pcb_defect_141.jpg,pcb-defect,PCB_Defect/images/pcb_defect_154.jpg,0.95929
pcb-defect,PCB_Defect/images/pcb_defect_142.jpg,pcb-defect,PCB_Defect/images/pcb_defect_143.jpg,0.967916
pcb-defect,PCB_Defect/images/pcb_defect_142.jpg,pcb-defect,PCB_Defect/images/pcb_defect_144.jpg,0.975756
pcb-defect,PCB_Defect/images/pcb_defect_142.jpg,pcb-defect,PCB_Defect/images/pcb_defect_149.jpg,0.974849
pcb-defect,PCB_Defect/images/pcb_defect_142.jpg,pcb-defect,PCB_Defect/images/pcb_defect_201.jpg,0.960683
pcb-defect,PCB_Defect/images/pcb_defect_143.jpg,pcb-defect,PCB_Defect/images/pcb_defect_144.jpg,0.968377
pcb-defect,PCB_Defect/images/pcb_defect_143.jpg,pcb-defect,PCB_Defect/images/pcb_defect_145.jpg,0.974368
pcb-defect,PCB_Defect/images/pcb_defect_143.jpg,pcb-defect,PCB_Defect/images/pcb_defect_149.jpg,0.968928
pcb-defect,PCB_Defect/images/pcb_defect_143.jpg,pcb-defect,PCB_Defect/images/pcb_defect_162.jpg,0.959671
pcb-defect,PCB_Defect/images/pcb_defect_143.jpg,pcb-defect,PCB_Defect/images/pcb_defect_178.jpg,0.959008
pcb-defect,PCB_Defect/images/pcb_defect_143.jpg,pcb-defect,PCB_Defect/images/pcb_defect_183.jpg,0.959548
pcb-defect,PCB_Defect/images/pcb_defect_143.jpg,pcb-defect,PCB_Defect/images/pcb_defect_188.jpg,0.960498
pcb-defect,PCB_Defect/images/pcb_defect_143.jpg,pcb-defect,PCB_Defect/images/pcb_defect_189.jpg,0.967121
pcb-defect,PCB_Defect/images/pcb_defect_143.jpg,pcb-defect,PCB_Defect/images/pcb_defect_190.jpg,0.966135
pcb-defect,PCB_Defect/images/pcb_defect_143.jpg,pcb-defect,PCB_Defect/images/pcb_defect_198.jpg,0.961552
pcb-defect,PCB_Defect/images/pcb_defect_143.jpg,pcb-defect,PCB_Defect/images/pcb_defect_199.jpg,0.969275
pcb-defect,PCB_Defect/images/pcb_defect_143.jpg,pcb-defect,PCB_Defect/images/pcb_defect_200.jpg,0.961022
pcb-defect,PCB_Defect/images/pcb_defect_143.jpg,pcb-defect,PCB_Defect/images/pcb_defect_201.jpg,0.968833
pcb-defect,PCB_Defect/images/pcb_defect_143.jpg,pcb-defect,PCB_Defect/images/pcb_defect_209.jpg,0.969118
pcb-defect,PCB_Defect/images/pcb_defect_143.jpg,pcb-defect,PCB_Defect/images/pcb_defect_212.jpg,0.958036
pcb-defect,PCB_Defect/images/pcb_defect_143.jpg,pcb-defect,PCB_Defect/images/pcb_defect_223.jpg,0.967519
pcb-defect,PCB_Defect/images/pcb_defect_143.jpg,pcb-defect,PCB_Defect/images/pcb_defect_224.jpg,0.970266
pcb-defect,PCB_Defect/images/pcb_defect_143.jpg,pcb-defect,PCB_Defect/images/pcb_defect_225.jpg,0.96823
pcb-defect,PCB_Defect/images/pcb_defect_144.jpg,pcb-defect,PCB_Defect/images/pcb_defect_145.jpg,0.976174
pcb-defect,PCB_Defect/images/pcb_defect_144.jpg,pcb-defect,PCB_Defect/images/pcb_defect_149.jpg,0.975167
pcb-defect,PCB_Defect/images/pcb_defect_144.jpg,pcb-defect,PCB_Defect/images/pcb_defect_152.jpg,0.964485
pcb-defect,PCB_Defect/images/pcb_defect_144.jpg,pcb-defect,PCB_Defect/images/pcb_defect_185.jpg,0.958779
pcb-defect,PCB_Defect/images/pcb_defect_144.jpg,pcb-defect,PCB_Defect/images/pcb_defect_188.jpg,0.960345
pcb-defect,PCB_Defect/images/pcb_defect_144.jpg,pcb-defect,PCB_Defect/images/pcb_defect_197.jpg,0.958377
pcb-defect,PCB_Defect/images/pcb_defect_144.jpg,pcb-defect,PCB_Defect/images/pcb_defect_198.jpg,0.968864
pcb-defect,PCB_Defect/images/pcb_defect_144.jpg,pcb-defect,PCB_Defect/images/pcb_defect_199.jpg,0.968381
pcb-defect,PCB_Defect/images/pcb_defect_144.jpg,pcb-defect,PCB_Defect/images/pcb_defect_201.jpg,0.969979
pcb-defect,PCB_Defect/images/pcb_defect_144.jpg,pcb-defect,PCB_Defect/images/pcb_defect_209.jpg,0.970173
pcb-defect,PCB_Defect/images/pcb_defect_144.jpg,pcb-defect,PCB_Defect/images/pcb_defect_224.jpg,0.964742
pcb-defect,PCB_Defect/images/pcb_defect_145.jpg,pcb-defect,PCB_Defect/images/pcb_defect_149.jpg,0.965877
pcb-defect,PCB_Defect/images/pcb_defect_145.jpg,pcb-defect,PCB_Defect/images/pcb_defect_152.jpg,0.966177
pcb-defect,PCB_Defect/images/pcb_defect_145.jpg,pcb-defect,PCB_Defect/images/pcb_defect_181.jpg,0.958765
pcb-defect,PCB_Defect/images/pcb_defect_145.jpg,pcb-defect,PCB_Defect/images/pcb_defect_188.jpg,0.961537
pcb-defect,PCB_Defect/images/pcb_defect_145.jpg,pcb-defect,PCB_Defect/images/pcb_defect_196.jpg,0.958153
pcb-defect,PCB_Defect/images/pcb_defect_145.jpg,pcb-defect,PCB_Defect/images/pcb_defect_197.jpg,0.960422
pcb-defect,PCB_Defect/images/pcb_defect_145.jpg,pcb-defect,PCB_Defect/images/pcb_defect_198.jpg,0.967331
pcb-defect,PCB_Defect/images/pcb_defect_145.jpg,pcb-defect,PCB_Defect/images/pcb_defect_199.jpg,0.96934
pcb-defect,PCB_Defect/images/pcb_defect_145.jpg,pcb-defect,PCB_Defect/images/pcb_defect_201.jpg,0.968547
pcb-defect,PCB_Defect/images/pcb_defect_145.jpg,pcb-defect,PCB_Defect/images/pcb_defect_209.jpg,0.968853
pcb-defect,PCB_Defect/images/pcb_defect_145.jpg,pcb-defect,PCB_Defect/images/pcb_defect_212.jpg,0.96534
pcb-defect,PCB_Defect/images/pcb_defect_145.jpg,pcb-defect,PCB_Defect/images/pcb_defect_224.jpg,0.968482
pcb-defect,PCB_Defect/images/pcb_defect_146.jpg,pcb-defect,PCB_Defect/images/pcb_defect_148.jpg,0.965006
pcb-defect,PCB_Defect/images/pcb_defect_147.jpg,pcb-defect,PCB_Defect/images/pcb_defect_150.jpg,0.961376
pcb-defect,PCB_Defect/images/pcb_defect_147.jpg,pcb-defect,PCB_Defect/images/pcb_defect_152.jpg,0.964097
pcb-defect,PCB_Defect/images/pcb_defect_148.jpg,pcb-defect,PCB_Defect/images/pcb_defect_150.jpg,0.958285
pcb-defect,PCB_Defect/images/pcb_defect_148.jpg,pcb-defect,PCB_Defect/images/pcb_defect_200.jpg,0.958775
pcb-defect,PCB_Defect/images/pcb_defect_149.jpg,pcb-defect,PCB_Defect/images/pcb_defect_152.jpg,0.969327
pcb-defect,PCB_Defect/images/pcb_defect_149.jpg,pcb-defect,PCB_Defect/images/pcb_defect_153.jpg,0.964708
pcb-defect,PCB_Defect/images/pcb_defect_149.jpg,pcb-defect,PCB_Defect/images/pcb_defect_184.jpg,0.960769
pcb-defect,PCB_Defect/images/pcb_defect_149.jpg,pcb-defect,PCB_Defect/images/pcb_defect_185.jpg,0.961823
pcb-defect,PCB_Defect/images/pcb_defect_149.jpg,pcb-defect,PCB_Defect/images/pcb_defect_199.jpg,0.966914
pcb-defect,PCB_Defect/images/pcb_defect_149.jpg,pcb-defect,PCB_Defect/images/pcb_defect_201.jpg,0.970204
pcb-defect,PCB_Defect/images/pcb_defect_149.jpg,pcb-defect,PCB_Defect/images/pcb_defect_209.jpg,0.967759
pcb-defect,PCB_Defect/images/pcb_defect_149.jpg,pcb-defect,PCB_Defect/images/pcb_defect_224.jpg,0.966211
pcb-defect,PCB_Defect/images/pcb_defect_150.jpg,pcb-defect,PCB_Defect/images/pcb_defect_151.jpg,0.960401
pcb-defect,PCB_Defect/images/pcb_defect_150.jpg,pcb-defect,PCB_Defect/images/pcb_defect_152.jpg,0.975139
pcb-defect,PCB_Defect/images/pcb_defect_150.jpg,pcb-defect,PCB_Defect/images/pcb_defect_153.jpg,0.960625
pcb-defect,PCB_Defect/images/pcb_defect_150.jpg,pcb-defect,PCB_Defect/images/pcb_defect_154.jpg,0.964883
pcb-defect,PCB_Defect/images/pcb_defect_150.jpg,pcb-defect,PCB_Defect/images/pcb_defect_201.jpg,0.958164
pcb-defect,PCB_Defect/images/pcb_defect_152.jpg,pcb-defect,PCB_Defect/images/pcb_defect_153.jpg,0.977854
pcb-defect,PCB_Defect/images/pcb_defect_152.jpg,pcb-defect,PCB_Defect/images/pcb_defect_154.jpg,0.963852
pcb-defect,PCB_Defect/images/pcb_defect_152.jpg,pcb-defect,PCB_Defect/images/pcb_defect_198.jpg,0.963117
pcb-defect,PCB_Defect/images/pcb_defect_152.jpg,pcb-defect,PCB_Defect/images/pcb_defect_199.jpg,0.963656
pcb-defect,PCB_Defect/images/pcb_defect_152.jpg,pcb-defect,PCB_Defect/images/pcb_defect_201.jpg,0.966036
pcb-defect,PCB_Defect/images/pcb_defect_152.jpg,pcb-defect,PCB_Defect/images/pcb_defect_209.jpg,0.962566
pcb-defect,PCB_Defect/images/pcb_defect_153.jpg,pcb-defect,PCB_Defect/images/pcb_defect_154.jpg,0.960251
pcb-defect,PCB_Defect/images/pcb_defect_153.jpg,pcb-defect,PCB_Defect/images/pcb_defect_197.jpg,0.963681
pcb-defect,PCB_Defect/images/pcb_defect_153.jpg,pcb-defect,PCB_Defect/images/pcb_defect_199.jpg,0.967605
pcb-defect,PCB_Defect/images/pcb_defect_153.jpg,pcb-defect,PCB_Defect/images/pcb_defect_201.jpg,0.963307
pcb-defect,PCB_Defect/images/pcb_defect_156.jpg,pcb-defect,PCB_Defect/images/pcb_defect_158.jpg,0.971513
pcb-defect,PCB_Defect/images/pcb_defect_156.jpg,pcb-defect,PCB_Defect/images/pcb_defect_159.jpg,0.962728
pcb-defect,PCB_Defect/images/pcb_defect_156.jpg,pcb-defect,PCB_Defect/images/pcb_defect_161.jpg,0.959283
pcb-defect,PCB_Defect/images/pcb_defect_156.jpg,pcb-defect,PCB_Defect/images/pcb_defect_200.jpg,0.958523
pcb-defect,PCB_Defect/images/pcb_defect_157.jpg,pcb-defect,PCB_Defect/images/pcb_defect_159.jpg,0.977336
pcb-defect,PCB_Defect/images/pcb_defect_157.jpg,pcb-defect,PCB_Defect/images/pcb_defect_161.jpg,0.968843
pcb-defect,PCB_Defect/images/pcb_defect_159.jpg,pcb-defect,PCB_Defect/images/pcb_defect_161.jpg,0.983446
pcb-defect,PCB_Defect/images/pcb_defect_162.jpg,pcb-defect,PCB_Defect/images/pcb_defect_168.jpg,0.961538
pcb-defect,PCB_Defect/images/pcb_defect_162.jpg,pcb-defect,PCB_Defect/images/pcb_defect_170.jpg,0.967257
pcb-defect,PCB_Defect/images/pcb_defect_167.jpg,pcb-defect,PCB_Defect/images/pcb_defect_169.jpg,0.959939
pcb-defect,PCB_Defect/images/pcb_defect_167.jpg,pcb-defect,PCB_Defect/images/pcb_defect_171.jpg,0.964626
pcb-defect,PCB_Defect/images/pcb_defect_168.jpg,pcb-defect,PCB_Defect/images/pcb_defect_170.jpg,0.965427
pcb-defect,PCB_Defect/images/pcb_defect_169.jpg,pcb-defect,PCB_Defect/images/pcb_defect_171.jpg,0.959377
pcb-defect,PCB_Defect/images/pcb_defect_173.jpg,pcb-defect,PCB_Defect/images/pcb_defect_176.jpg,0.978451
pcb-defect,PCB_Defect/images/pcb_defect_173.jpg,pcb-defect,PCB_Defect/images/pcb_defect_178.jpg,0.974728
pcb-defect,PCB_Defect/images/pcb_defect_173.jpg,pcb-defect,PCB_Defect/images/pcb_defect_180.jpg,0.9594
pcb-defect,PCB_Defect/images/pcb_defect_173.jpg,pcb-defect,PCB_Defect/images/pcb_defect_188.jpg,0.960146
pcb-defect,PCB_Defect/images/pcb_defect_173.jpg,pcb-defect,PCB_Defect/images/pcb_defect_197.jpg,0.961408
pcb-defect,PCB_Defect/images/pcb_defect_174.jpg,pcb-defect,PCB_Defect/images/pcb_defect_201.jpg,0.958861
pcb-defect,PCB_Defect/images/pcb_defect_175.jpg,pcb-defect,PCB_Defect/images/pcb_defect_177.jpg,0.977368
pcb-defect,PCB_Defect/images/pcb_defect_175.jpg,pcb-defect,PCB_Defect/images/pcb_defect_179.jpg,0.967072
pcb-defect,PCB_Defect/images/pcb_defect_176.jpg,pcb-defect,PCB_Defect/images/pcb_defect_178.jpg,0.985177
pcb-defect,PCB_Defect/images/pcb_defect_176.jpg,pcb-defect,PCB_Defect/images/pcb_defect_180.jpg,0.97069
pcb-defect,PCB_Defect/images/pcb_defect_177.jpg,pcb-defect,PCB_Defect/images/pcb_defect_179.jpg,0.971422
pcb-defect,PCB_Defect/images/pcb_defect_178.jpg,pcb-defect,PCB_Defect/images/pcb_defect_180.jpg,0.979594
pcb-defect,PCB_Defect/images/pcb_defect_178.jpg,pcb-defect,PCB_Defect/images/pcb_defect_201.jpg,0.959263
pcb-defect,PCB_Defect/images/pcb_defect_181.jpg,pcb-defect,PCB_Defect/images/pcb_defect_184.jpg,0.961016
pcb-defect,PCB_Defect/images/pcb_defect_181.jpg,pcb-defect,PCB_Defect/images/pcb_defect_186.jpg,0.967167
pcb-defect,PCB_Defect/images/pcb_defect_181.jpg,pcb-defect,PCB_Defect/images/pcb_defect_188.jpg,0.96149
pcb-defect,PCB_Defect/images/pcb_defect_181.jpg,pcb-defect,PCB_Defect/images/pcb_defect_189.jpg,0.960757
pcb-defect,PCB_Defect/images/pcb_defect_181.jpg,pcb-defect,PCB_Defect/images/pcb_defect_190.jpg,0.958206
pcb-defect,PCB_Defect/images/pcb_defect_182.jpg,pcb-defect,PCB_Defect/images/pcb_defect_184.jpg,0.981567
pcb-defect,PCB_Defect/images/pcb_defect_182.jpg,pcb-defect,PCB_Defect/images/pcb_defect_186.jpg,0.96931
pcb-defect,PCB_Defect/images/pcb_defect_183.jpg,pcb-defect,PCB_Defect/images/pcb_defect_184.jpg,0.958978
pcb-defect,PCB_Defect/images/pcb_defect_183.jpg,pcb-defect,PCB_Defect/images/pcb_defect_185.jpg,0.973459
pcb-defect,PCB_Defect/images/pcb_defect_183.jpg,pcb-defect,PCB_Defect/images/pcb_defect_187.jpg,0.960758
pcb-defect,PCB_Defect/images/pcb_defect_184.jpg,pcb-defect,PCB_Defect/images/pcb_defect_185.jpg,0.963957
pcb-defect,PCB_Defect/images/pcb_defect_184.jpg,pcb-defect,PCB_Defect/images/pcb_defect_186.jpg,0.980666
pcb-defect,PCB_Defect/images/pcb_defect_184.jpg,pcb-defect,PCB_Defect/images/pcb_defect_187.jpg,0.966667
pcb-defect,PCB_Defect/images/pcb_defect_185.jpg,pcb-defect,PCB_Defect/images/pcb_defect_186.jpg,0.958198
pcb-defect,PCB_Defect/images/pcb_defect_185.jpg,pcb-defect,PCB_Defect/images/pcb_defect_187.jpg,0.968989
pcb-defect,PCB_Defect/images/pcb_defect_185.jpg,pcb-defect,PCB_Defect/images/pcb_defect_201.jpg,0.961518
pcb-defect,PCB_Defect/images/pcb_defect_186.jpg,pcb-defect,PCB_Defect/images/pcb_defect_187.jpg,0.967788
pcb-defect,PCB_Defect/images/pcb_defect_187.jpg,pcb-defect,PCB_Defect/images/pcb_defect_201.jpg,0.960704
pcb-defect,PCB_Defect/images/pcb_defect_188.jpg,pcb-defect,PCB_Defect/images/pcb_defect_189.jpg,0.979214
pcb-defect,PCB_Defect/images/pcb_defect_188.jpg,pcb-defect,PCB_Defect/images/pcb_defect_190.jpg,0.974766
pcb-defect,PCB_Defect/images/pcb_defect_188.jpg,pcb-defect,PCB_Defect/images/pcb_defect_191.jpg,0.958295
pcb-defect,PCB_Defect/images/pcb_defect_188.jpg,pcb-defect,PCB_Defect/images/pcb_defect_209.jpg,0.959395
pcb-defect,PCB_Defect/images/pcb_defect_188.jpg,pcb-defect,PCB_Defect/images/pcb_defect_224.jpg,0.964832
pcb-defect,PCB_Defect/images/pcb_defect_189.jpg,pcb-defect,PCB_Defect/images/pcb_defect_190.jpg,0.976702
pcb-defect,PCB_Defect/images/pcb_defect_189.jpg,pcb-defect,PCB_Defect/images/pcb_defect_191.jpg,0.961519
pcb-defect,PCB_Defect/images/pcb_defect_189.jpg,pcb-defect,PCB_Defect/images/pcb_defect_193.jpg,0.958276
pcb-defect,PCB_Defect/images/pcb_defect_189.jpg,pcb-defect,PCB_Defect/images/pcb_defect_223.jpg,0.958374
pcb-defect,PCB_Defect/images/pcb_defect_189.jpg,pcb-defect,PCB_Defect/images/pcb_defect_224.jpg,0.965587
pcb-defect,PCB_Defect/images/pcb_defect_190.jpg,pcb-defect,PCB_Defect/images/pcb_defect_191.jpg,0.980245
pcb-defect,PCB_Defect/images/pcb_defect_190.jpg,pcb-defect,PCB_Defect/images/pcb_defect_192.jpg,0.958117
pcb-defect,PCB_Defect/images/pcb_defect_190.jpg,pcb-defect,PCB_Defect/images/pcb_defect_193.jpg,0.963169
pcb-defect,PCB_Defect/images/pcb_defect_190.jpg,pcb-defect,PCB_Defect/images/pcb_defect_223.jpg,0.961231
pcb-defect,PCB_Defect/images/pcb_defect_190.jpg,pcb-defect,PCB_Defect/images/pcb_defect_224.jpg,0.962534
pcb-defect,PCB_Defect/images/pcb_defect_192.jpg,pcb-defect,PCB_Defect/images/pcb_defect_193.jpg,0.971253
pcb-defect,PCB_Defect/images/pcb_defect_194.jpg,pcb-defect,PCB_Defect/images/pcb_defect_195.jpg,0.969821
pcb-defect,PCB_Defect/images/pcb_defect_196.jpg,pcb-defect,PCB_Defect/images/pcb_defect_198.jpg,0.983541
pcb-defect,PCB_Defect/images/pcb_defect_196.jpg,pcb-defect,PCB_Defect/images/pcb_defect_199.jpg,0.962729
pcb-defect,PCB_Defect/images/pcb_defect_196.jpg,pcb-defect,PCB_Defect/images/pcb_defect_201.jpg,0.960956
pcb-defect,PCB_Defect/images/pcb_defect_197.jpg,pcb-defect,PCB_Defect/images/pcb_defect_198.jpg,0.963505
pcb-defect,PCB_Defect/images/pcb_defect_197.jpg,pcb-defect,PCB_Defect/images/pcb_defect_199.jpg,0.97901
pcb-defect,PCB_Defect/images/pcb_defect_197.jpg,pcb-defect,PCB_Defect/images/pcb_defect_201.jpg,0.972476
pcb-defect,PCB_Defect/images/pcb_defect_197.jpg,pcb-defect,PCB_Defect/images/pcb_defect_209.jpg,0.958349
pcb-defect,PCB_Defect/images/pcb_defect_197.jpg,pcb-defect,PCB_Defect/images/pcb_defect_212.jpg,0.962676
pcb-defect,PCB_Defect/images/pcb_defect_198.jpg,pcb-defect,PCB_Defect/images/pcb_defect_199.jpg,0.974171
pcb-defect,PCB_Defect/images/pcb_defect_198.jpg,pcb-defect,PCB_Defect/images/pcb_defect_201.jpg,0.974104
pcb-defect,PCB_Defect/images/pcb_defect_198.jpg,pcb-defect,PCB_Defect/images/pcb_defect_209.jpg,0.962604
pcb-defect,PCB_Defect/images/pcb_defect_198.jpg,pcb-defect,PCB_Defect/images/pcb_defect_212.jpg,0.959206
pcb-defect,PCB_Defect/images/pcb_defect_199.jpg,pcb-defect,PCB_Defect/images/pcb_defect_200.jpg,0.958497
pcb-defect,PCB_Defect/images/pcb_defect_199.jpg,pcb-defect,PCB_Defect/images/pcb_defect_201.jpg,0.98452
pcb-defect,PCB_Defect/images/pcb_defect_199.jpg,pcb-defect,PCB_Defect/images/pcb_defect_209.jpg,0.96713
pcb-defect,PCB_Defect/images/pcb_defect_199.jpg,pcb-defect,PCB_Defect/images/pcb_defect_212.jpg,0.970878
pcb-defect,PCB_Defect/images/pcb_defect_199.jpg,pcb-defect,PCB_Defect/images/pcb_defect_224.jpg,0.964714
pcb-defect,PCB_Defect/images/pcb_defect_199.jpg,pcb-defect,PCB_Defect/images/pcb_defect_225.jpg,0.958692
pcb-defect,PCB_Defect/images/pcb_defect_200.jpg,pcb-defect,PCB_Defect/images/pcb_defect_201.jpg,0.960188
pcb-defect,PCB_Defect/images/pcb_defect_201.jpg,pcb-defect,PCB_Defect/images/pcb_defect_209.jpg,0.964731
pcb-defect,PCB_Defect/images/pcb_defect_201.jpg,pcb-defect,PCB_Defect/images/pcb_defect_212.jpg,0.96462
pcb-defect,PCB_Defect/images/pcb_defect_201.jpg,pcb-defect,PCB_Defect/images/pcb_defect_224.jpg,0.961157
pcb-defect,PCB_Defect/images/pcb_defect_204.jpg,pcb-defect,PCB_Defect/images/pcb_defect_205.jpg,0.965902
pcb-defect,PCB_Defect/images/pcb_defect_206.jpg,pcb-defect,PCB_Defect/images/pcb_defect_227.jpg,0.960073
pcb-defect,PCB_Defect/images/pcb_defect_207.jpg,pcb-defect,PCB_Defect/images/pcb_defect_211.jpg,0.960482
pcb-defect,PCB_Defect/images/pcb_defect_208.jpg,pcb-defect,PCB_Defect/images/pcb_defect_209.jpg,0.959477
pcb-defect,PCB_Defect/images/pcb_defect_209.jpg,pcb-defect,PCB_Defect/images/pcb_defect_212.jpg,0.972589
pcb-defect,PCB_Defect/images/pcb_defect_209.jpg,pcb-defect,PCB_Defect/images/pcb_defect_224.jpg,0.966312
pcb-defect,PCB_Defect/images/pcb_defect_212.jpg,pcb-defect,PCB_Defect/images/pcb_defect_224.jpg,0.958617
pcb-defect,PCB_Defect/images/pcb_defect_213.jpg,pcb-defect,PCB_Defect/images/pcb_defect_214.jpg,0.974373
pcb-defect,PCB_Defect/images/pcb_defect_215.jpg,pcb-defect,PCB_Defect/images/pcb_defect_216.jpg,0.959534
pcb-defect,PCB_Defect/images/pcb_defect_223.jpg,pcb-defect,PCB_Defect/images/pcb_defect_224.jpg,0.978579
pcb-defect,PCB_Defect/images/pcb_defect_223.jpg,pcb-defect,PCB_Defect/images/pcb_defect_225.jpg,0.977308
pcb-defect,PCB_Defect/images/pcb_defect_223.jpg,pcb-defect,PCB_Defect/images/pcb_defect_226.jpg,0.969314
pcb-defect,PCB_Defect/images/pcb_defect_224.jpg,pcb-defect,PCB_Defect/images/pcb_defect_225.jpg,0.975109
pcb-defect,PCB_Defect/images/pcb_defect_225.jpg,pcb-defect,PCB_Defect/images/pcb_defect_226.jpg,0.977036
pcb-ind,YOLO/images/test/6324_b_003.jpg,pcb-ind,YOLO/images/test/6324_b_004.jpg,0.969123
pcb-ind,YOLO/images/test/6334_t_061.jpg,pcb-ind,YOLO/images/test/6334_t_062.jpg,0.96599
pcb-ind,YOLO/images/test/6503_t_006.jpg,pcb-ind,YOLO/images/test/6503_t_009.jpg,0.969246
pcb-ind,YOLO/images/train/6115_b_012.jpg,pcb-ind,YOLO/images/val/6138_b_004.jpg,0.959399
pcb-ind,YOLO/images/train/6225_b_147.jpg,pcb-ind,YOLO/images/train/6225_b_229.jpg,0.978943
pcb-ind,YOLO/images/train/6233_t_002.jpg,pcb-ind,YOLO/images/train/6233_t_008.jpg,0.976691
pcb-ind,YOLO/images/train/6247_t_001.jpg,pcb-ind,YOLO/images/train/6247_t_002.jpg,0.962059
pcb-ind,YOLO/images/train/6329_b_009.jpg,pcb-ind,YOLO/images/train/6329_b_010.jpg,0.961012
pcb-ind,YOLO/images/train/6329_b_011.jpg,pcb-ind,YOLO/images/train/6329_b_021.jpg,0.967876
pcb-ind,YOLO/images/train/6368_b_001.jpg,pcb-ind,YOLO/images/train/6368_b_004.jpg,0.963579
pcb-ind,YOLO/images/train/6557_b_010.jpg,pcb-ind,YOLO/images/train/6647_b_015.jpg,0.96056
pcb-ind,YOLO/images/train/6564_b_004.jpg,pcb-ind,YOLO/images/train/6568_b_003.jpg,0.968493
pcb-ind,YOLO/images/train/6584_b_001.jpg,pcb-ind,YOLO/images/train/6584_b_005.jpg,0.963597
pcb-ind,YOLO/images/val/6448_b_006.jpg,pcb-ind,YOLO/images/val/6448_b_007.jpg,0.984872
pcb-ind,YOLO/images/val/6629_b_006.jpg,pcb-ind,YOLO/images/val/6629_b_012.jpg,0.986609
