design,rep,bin,n,per_seed,mean
0,small,control,213,"[-0.56, -1.4, 1.46]",-0.17
0,small,probe d<0.02,69,"[2.33, 2.62, -0.84]",1.37
0,small,probe 0.02-0.08,61,"[0.7, 5.58, -1.54]",1.58
0,small,probe >0.08,64,"[6.21, 7.91, 6.28]",6.8
0,base,control,213,"[-0.56, -1.4, 1.46]",-0.17
0,base,probe d<0.02,95,"[3.05, 4.08, 1.2]",2.77
0,base,probe 0.02-0.08,53,"[3.97, 6.17, 0.63]",3.59
0,base,probe >0.08,46,"[5.96, 7.93, 6.02]",6.64
1,small,control,215,[3.09],3.09
1,small,probe d<0.02,82,[0.73],0.73
1,small,probe 0.02-0.08,61,[3.36],3.36
1,small,probe >0.08,50,[7.43],7.43
1,base,control,215,[3.09],3.09
1,base,probe d<0.02,87,[0.79],0.79
1,base,probe 0.02-0.08,64,[0.21],0.21
1,base,probe >0.08,42,[13.65],13.65
2,small,control,215,[0.02],0.02
2,small,probe d<0.02,75,[1.64],1.64
2,small,probe 0.02-0.08,60,[3.55],3.55
2,small,probe >0.08,59,[6.69],6.69
2,base,control,215,[0.02],0.02
2,base,probe d<0.02,88,[3.88],3.88
2,base,probe 0.02-0.08,62,[3.5],3.5
2,base,probe >0.08,44,[8.46],8.46
