,source,width,height,aspect,is_png,boxes,bytes,group_size,min_rel_area,mean_rel_area,n_short,n_open,n_mouse_bite,n_spurious_copper,gain,probe,exp_delta_small,max_sim_C1,exp_delta_base,link,cg,log_area
OI_dspcbsd-plus_010f6b274095,dspcbsd-plus,226,226,1.0,0,1,4894,2,0.00446571,0.00446571,1.0,0.0,0.0,0.0,-0.0666666666666667,1,0.0613466501235961,0.8246736526489258,0.0,same component,OI_dspcbsd-plus_010f6b274095,-5.411327062737478
OI_pcb-ind_3a6fedd4d63a,pcb-ind,300,300,1.0,0,1,6696,8,0.004223848202999993,0.004223848202999993,0.0,0.0,1.0,0.0,0.033333333333333326,0,0.0,0.8795174360275269,0.0,control,OI_pcb-ind_1cd5ce5b35f3,-5.467008670013693
OI_pcb-ind_39cc65b8fd1a,pcb-ind,300,300,1.0,0,1,3988,38,0.03791706224999999,0.03791706224999999,0.0,0.0,1.0,0.0,0.0,1,0.1122168898582458,0.6535807847976685,0.1208648085594177,same metadata group,OI_pcb-ind_0c7e99894d9a,-3.2723540769065775
OI_pcb-ind_3754d429d766,pcb-ind,300,300,1.0,0,1,5053,38,0.008726313411000004,0.008726313411000004,0.0,0.0,1.0,0.0,0.8333333333333334,1,0.1281989216804504,0.5726713538169861,0.1060205698013305,same metadata group,OI_pcb-ind_0c7e99894d9a,-4.741412288010749
OI_pcb-ind_36a2d9f76942,pcb-ind,300,300,1.0,0,1,11104,9,0.009136211939999996,0.009136211939999996,1.0,0.0,0.0,0.0,0.0,1,0.0,0.8850768804550171,0.0,same metadata group,OI_pcb-ind_0deca25f10f2,-4.6955094280013085
OI_pcb-ind_36a1c7ae55c8,pcb-ind,300,300,1.0,0,1,6279,38,0.0060661101899999875,0.0060661101899999875,0.0,0.0,1.0,0.0,0.033333333333333326,1,0.0,0.7608243227005005,0.0,same metadata group,OI_pcb-ind_0c7e99894d9a,-5.1050377046977475
OI_pcb-ind_362bfef0b3a2,pcb-ind,300,300,1.0,0,1,8308,1,0.004333225654000001,0.004333225654000001,0.0,0.0,1.0,0.0,-0.033333333333333326,0,0.0,0.8021784424781799,0.0,control,OI_pcb-ind_362bfef0b3a2,-5.441443059574376
OI_pcb-ind_35bc74187e98,pcb-ind,300,300,1.0,0,1,5519,2,0.00677258522,0.00677258522,0.0,0.0,1.0,0.0,0.0,1,0.0,0.847206711769104,0.0,same metadata group,OI_pcb-ind_35bc74187e98,-4.9948724008431435
OI_pcb-ind_344811f6a26b,pcb-ind,300,300,1.0,0,1,8412,2,0.0045430911,0.0045430911,0.0,0.0,1.0,0.0,-0.033333333333333326,0,0.0,0.9045507311820984,-0.0016739964485168,control,OI_pcb-ind_344811f6a26b,-5.394147639577398
OI_pcb-ind_32239b9ff1d6,pcb-ind,300,300,1.0,0,1,10001,3,0.010529929347000005,0.010529929347000005,1.0,0.0,0.0,0.0,0.09999999999999999,1,0.0,0.852443516254425,0.0,same metadata group,OI_pcb-ind_32239b9ff1d6,-4.553533662545372
OI_pcb-ind_30197c21f2b4,pcb-ind,300,300,1.0,0,1,3182,38,0.002495497346999994,0.002495497346999994,0.0,0.0,1.0,0.0,0.19999999999999998,1,0.0,0.7028329372406006,0.0,same metadata group,OI_pcb-ind_0c7e99894d9a,-5.993267232168782
OI_pcb-ind_2fa54a890398,pcb-ind,300,300,1.0,0,1,3498,38,0.29198627388,0.29198627388,0.0,0.0,1.0,0.0,0.19999999999999998,1,0.0914520025253295,0.7155284285545349,0.1337266564369201,same metadata group,OI_pcb-ind_0c7e99894d9a,-1.2310484850790053
OI_pcb-ind_2ec40dd459ed,pcb-ind,300,300,1.0,0,1,9892,9,0.01300964571,0.01300964571,1.0,0.0,0.0,0.0,-3.700743415417188e-17,1,0.0,0.9006783962249756,0.0,same metadata group,OI_pcb-ind_0deca25f10f2,-4.342064218957656
OI_pcb-ind_2dd1b64ce262,pcb-ind,300,300,1.0,0,1,5140,38,0.04743453664799995,0.04743453664799995,0.0,0.0,1.0,0.0,0.5666666666666668,1,0.080895721912384,0.7735689878463745,0.0,same metadata group,OI_pcb-ind_0c7e99894d9a,-3.0484046943308902
OI_pcb-ind_2bd0437ae7e7,pcb-ind,300,300,1.0,0,1,4701,38,0.43616133456,0.43616133456,0.0,0.0,0.0,1.0,0.20000000000000004,1,0.0,0.7494985461235046,0.0,same metadata group,OI_pcb-ind_0c7e99894d9a,-0.8297430706840796
OI_pcb-ind_2b737a4631b7,pcb-ind,300,300,1.0,0,1,4028,1,0.01323901923199999,0.01323901923199999,0.0,0.0,0.0,1.0,-0.033333333333333326,0,0.052732229232788,0.6870787739753723,0.0086578130722045,control,OI_pcb-ind_2b737a4631b7,-4.324586807349978
OI_pcb-ind_29b6befb52c6,pcb-ind,300,300,1.0,0,1,6534,9,0.004366949327999998,0.004366949327999998,0.0,0.0,1.0,0.0,-0.3666666666666667,1,0.0,0.9045140743255616,0.0,same metadata group,OI_pcb-ind_0deca25f10f2,-5.4336906079350875
OI_pcb-ind_2938301d286f,pcb-ind,300,300,1.0,0,1,7348,1,0.0038949774119999914,0.0038949774119999914,0.0,0.0,1.0,0.0,0.10000000000000002,0,0.0,0.8883618116378784,0.0,control,OI_pcb-ind_2938301d286f,-5.548067398906025
OI_pcb-ind_27a26b2ad9e1,pcb-ind,300,300,1.0,0,1,7445,8,0.0021138497479999976,0.0021138497479999976,0.0,0.0,1.0,0.0,0.033333333333333326,0,0.0,0.7569752931594849,0.0,control,OI_pcb-ind_1cd5ce5b35f3,-6.159244468799851
OI_pcb-ind_2625a4df9223,pcb-ind,300,300,1.0,0,3,9414,5,0.006630487372000011,0.007018619550666672,3.0,0.0,0.0,0.0,0.13333333333333333,1,0.1207939982414245,0.7996463179588318,0.2084359526634216,similar pair,OI_pcb-ind_08c520dc372f,-4.959188725485799
OI_pcb-ind_220992446fe4,pcb-ind,300,300,1.0,0,1,3905,12,0.0031009102379999996,0.0031009102379999996,0.0,0.0,1.0,0.0,0.033333333333333326,1,0.0645660161972045,0.8114290237426758,0.2215861082077026,same metadata group,OI_pcb-ind_07b8c25ec587,-5.776059585429177
OI_pcb-ind_21ecfe0fa13a,pcb-ind,300,300,1.0,0,1,10902,1,0.008191365359999994,0.008191365359999994,1.0,0.0,0.0,0.0,0.0,0,0.0,0.8963820934295654,0.0,control,OI_pcb-ind_21ecfe0fa13a,-4.804674684389121
OI_pcb-ind_3b65d32b3559,pcb-ind,300,300,1.0,0,1,6415,2,0.143822591374,0.143822591374,0.0,0.0,1.0,0.0,0.09999999999999999,1,0.1518185138702392,0.7351320385932922,0.1857075691223144,same metadata group,OI_pcb-ind_3b65d32b3559,-1.9391747432946174
OI_pcb-ind_3f1640937639,pcb-ind,300,300,1.0,0,1,5411,1,0.002306186879999998,0.002306186879999998,0.0,0.0,1.0,0.0,-0.06666666666666665,0,0.0,0.7109324336051941,0.0,control,OI_pcb-ind_3f1640937639,-6.07215981965567
OI_pcb-ind_428aea697bb9,pcb-ind,300,300,1.0,0,1,9850,3,0.029739973724999976,0.029739973724999976,0.0,1.0,0.0,0.0,0.06666666666666665,0,0.0,0.7883023619651794,0.0,control,OI_pcb-ind_428aea697bb9,-3.515263221440768
OI_pcb-ind_433422a92b15,pcb-ind,300,300,1.0,0,1,3127,4,0.009458839235999989,0.009458839235999989,0.0,0.0,0.0,1.0,0.6,1,0.0593247413635253,0.6881396770477295,0.0093511343002319,same metadata group,OI_pcb-ind_433422a92b15,-4.660805605772479
OI_pcb-ind_61e6317dc7ec,pcb-ind,300,300,1.0,0,1,8175,1,0.0037126888070000003,0.0037126888070000003,0.0,0.0,1.0,0.0,0.033333333333333326,0,0.0,0.858588457107544,0.0,control,OI_pcb-ind_61e6317dc7ec,-5.59599891904212
OI_pcb-ind_61164e6ebb9a,pcb-ind,300,300,1.0,0,1,10331,3,0.008199012029999989,0.008199012029999989,1.0,0.0,0.0,0.0,-0.0666666666666667,1,0.0,0.9083666801452636,-0.0063688158988952,same metadata group,OI_pcb-ind_61164e6ebb9a,-4.80374161611707
OI_pcb-ind_609b1b64cc9e,pcb-ind,300,300,1.0,0,1,4847,3,0.006533054990000009,0.006533054990000009,0.0,0.0,0.0,1.0,0.09999999999999998,0,0.0,0.7061035633087158,0.0,control,OI_pcb-ind_609b1b64cc9e,-5.030880605892761
OI_pcb-ind_5f88a4bb62c9,pcb-ind,300,300,1.0,0,1,5248,1,0.005360188343999995,0.005360188343999995,0.0,0.0,1.0,0.0,-0.5333333333333333,0,0.0,0.7176704406738281,-0.0021456480026245,control,OI_pcb-ind_5f88a4bb62c9,-5.22875616571081
OI_pcb-ind_5cd30dbb5a71,pcb-ind,300,300,1.0,0,1,7164,4,0.006438574975000006,0.006438574975000006,0.0,0.0,1.0,0.0,0.0,1,0.0,0.7871261835098267,0.0,same metadata group,OI_pcb-ind_59de028a12fc,-5.0454480405251925
OI_pcb-ind_5c29b11bb8ff,pcb-ind,300,300,1.0,0,1,3941,38,0.03567011283199997,0.03567011283199997,0.0,0.0,0.0,1.0,0.3333333333333333,1,0.0,0.6084123253822327,0.0,same metadata group,OI_pcb-ind_0c7e99894d9a,-3.3334421163979497
OI_pcb-ind_5c070b4c9b1e,pcb-ind,300,300,1.0,0,1,6191,15,0.007425024719999998,0.007425024719999998,0.0,0.0,0.0,1.0,0.0,0,0.0,0.7203683853149414,0.0,control,OI_pcb-ind_0359e931f437,-4.902899265005987
OI_pcb-ind_5b9259203dc2,pcb-ind,300,300,1.0,0,1,5486,1,0.004555160664000006,0.004555160664000006,0.0,0.0,0.0,1.0,0.033333333333333326,0,0.0,0.9017503261566162,0.0,control,OI_pcb-ind_5b9259203dc2,-5.391494476883476
OI_pcb-ind_59de028a12fc,pcb-ind,300,300,1.0,0,1,5801,4,0.028909260953000008,0.028909260953000008,0.0,0.0,0.0,1.0,0.0,1,0.0,0.8481073379516602,0.0,same metadata group,OI_pcb-ind_59de028a12fc,-3.543593286995617
OI_pcb-ind_58d784b82af1,pcb-ind,300,300,1.0,0,1,4426,1,0.005745399173999989,0.005745399173999989,0.0,0.0,1.0,0.0,0.0,0,0.0390033721923828,0.8212800621986389,0.0,control,OI_pcb-ind_58d784b82af1,-5.159355888110847
OI_pcb-ind_1f7ae6db263a,pcb-ind,300,300,1.0,0,1,4942,7,0.012872530350999993,0.012872530350999993,0.0,0.0,0.0,1.0,0.06666666666666672,1,0.0,0.7157942056655884,0.0,same metadata group,OI_pcb-ind_1003d92302d7,-4.352659668229706
OI_pcb-ind_588d5dc31bc3,pcb-ind,300,300,1.0,0,2,5268,1,0.031353333064000004,0.033913033366,0.0,0.0,0.0,2.0,0.11666666666666665,0,0.0,0.7121028900146484,0.0,control,OI_pcb-ind_588d5dc31bc3,-3.383955873409745
OI_pcb-ind_523286c04ccc,pcb-ind,300,300,1.0,0,1,7843,1,0.019508988642000007,0.019508988642000007,0.0,0.0,1.0,0.0,0.0,0,0.0,0.6006226539611816,0.0,control,OI_pcb-ind_523286c04ccc,-3.936879963620016
OI_pcb-ind_4da09c796b73,pcb-ind,300,300,1.0,0,4,4519,15,0.007833024216000002,0.01686893807975,0.0,0.0,0.0,4.0,0.02499999999999995,0,0.0,0.7867165207862854,0.0,control,OI_pcb-ind_0359e931f437,-4.082281331663968
OI_pcb-ind_49a4ede64130,pcb-ind,300,300,1.0,0,1,5419,8,0.0022264373850000036,0.0022264373850000036,0.0,0.0,1.0,0.0,-0.03333333333333336,0,0.0,0.7207092642784119,0.0878604054450988,control,OI_pcb-ind_1cd5ce5b35f3,-6.107352556211931
OI_pcb-ind_488b1483f727,pcb-ind,300,300,1.0,0,1,9915,1,0.003973806060000003,0.003973806060000003,0.0,1.0,0.0,0.0,0.0,0,0.0,0.8008933067321777,0.0,control,OI_pcb-ind_488b1483f727,-5.528030938257771
OI_pcb-ind_47bef90fb4ab,pcb-ind,300,300,1.0,0,1,8001,1,0.02507841944299999,0.02507841944299999,0.0,0.0,0.0,1.0,0.3333333333333333,0,0.0,0.8391715884208679,0.0,control,OI_pcb-ind_47bef90fb4ab,-3.685747585817335
OI_pcb-ind_4700946fe7cf,pcb-ind,300,300,1.0,0,1,8398,1,0.0022365101610000012,0.0022365101610000012,0.0,0.0,1.0,0.0,0.033333333333333326,0,0.0,0.7774601578712463,0.0,control,OI_pcb-ind_4700946fe7cf,-6.102838591842134
OI_pcb-ind_461310e3fa51,pcb-ind,300,300,1.0,0,1,3138,38,0.01710827279999998,0.01710827279999998,0.0,0.0,1.0,0.0,0.0,1,0.0560308694839477,0.731948971748352,0.0,same metadata group,OI_pcb-ind_0c7e99894d9a,-4.068193142988237
OI_pcb-ind_45a80b5a51be,pcb-ind,300,300,1.0,0,1,5383,1,0.08414890517400002,0.08414890517400002,0.0,0.0,0.0,1.0,0.0,0,0.0,0.6252408623695374,0.0024951100349426,control,OI_pcb-ind_45a80b5a51be,-2.4751673688399403
OI_pcb-ind_45a578ffebd3,pcb-ind,300,300,1.0,0,1,4158,38,0.06492002194000003,0.06492002194000003,1.0,0.0,0.0,0.0,0.13333333333333341,1,0.1917338371276855,0.6926860213279724,0.205141007900238,same metadata group,OI_pcb-ind_0c7e99894d9a,-2.7345991983813978
OI_pcb-ind_45848e6e03f4,pcb-ind,300,300,1.0,0,1,3816,1,0.029693567072,0.029693567072,0.0,0.0,0.0,1.0,0.03333333333333336,0,0.0111895203590393,0.7299003005027771,0.0,control,OI_pcb-ind_45848e6e03f4,-3.516824853536337
OI_pcb-ind_57f2d975c1a0,pcb-ind,300,300,1.0,0,1,4119,4,0.008971547967999998,0.008971547967999998,0.0,1.0,0.0,0.0,0.0,1,0.0,0.7949322462081909,0.0,same metadata group,OI_pcb-ind_57f2d975c1a0,-4.713697046116824
OI_pcb-ind_650f2401eac8,pcb-ind,300,300,1.0,0,1,6338,2,0.032327757480000004,0.032327757480000004,0.0,0.0,1.0,0.0,-0.6,0,0.0,0.7797304391860962,0.0,control,OI_pcb-ind_0239eff680af,-3.43182905309008
OI_pcb-ind_1de1b231957e,pcb-ind,300,300,1.0,0,2,6034,15,0.007019589717000004,0.018045351048500004,0.0,0.0,0.0,2.0,0.03333333333333329,0,0.0,0.6543002724647522,0.0,control,OI_pcb-ind_0359e931f437,-4.014867187017317
OI_pcb-ind_1c5c03420437,pcb-ind,300,300,1.0,0,1,6928,4,0.02437788850000002,0.02437788850000002,0.0,0.0,0.0,1.0,0.13333333333333333,1,0.0,0.8151068091392517,0.0,same metadata group,OI_pcb-ind_11e65a717723,-3.714078766554997
OI_pcb-defect_c9706a3521da,pcb-defect,300,300,1.0,1,1,77984,41,0.055419372222222325,0.055419372222222325,0.0,1.0,0.0,0.0,-0.1333333333333333,1,0.0867043733596801,0.9132957458496094,0.1025563478469848,crop sibling,OI_pcb-defect_037a6c5a88c0,-2.892826067250901
OI_pcb-defect_c4e63f40ae4e,pcb-defect,300,300,1.0,1,1,94529,41,0.025412872222222212,0.025412872222222212,0.0,0.0,1.0,0.0,0.03333333333333336,1,0.0852999091148376,0.9147000908851624,0.0515670776367187,crop sibling,OI_pcb-defect_037a6c5a88c0,-3.672499452925017
OI_pcb-defect_c464f487ec04,pcb-defect,387,387,1.0,1,1,128990,39,0.6181148368487468,0.6181148368487468,0.0,0.0,0.0,1.0,0.033333333333333326,0,0.0,0.921443521976471,0.0,control,OI_pcb-defect_0362aeae2db7,-0.4810810186432675
OI_pcb-defect_c2616dae2f53,pcb-defect,300,300,1.0,1,1,80428,39,0.1412432100000001,0.1412432100000001,0.0,0.0,1.0,0.0,-0.033333333333333326,0,0.0,0.9100069999694824,0.0,control,OI_pcb-defect_0362aeae2db7,-1.957271980907484
OI_pcb-defect_bce51c116712,pcb-defect,300,300,1.0,1,1,90817,39,0.16246678999999994,0.16246678999999994,1.0,0.0,0.0,0.0,0.033333333333333326,0,0.0,0.9100069999694824,0.0,control,OI_pcb-defect_0362aeae2db7,-1.8172816673293515
OI_pcb-defect_b7eff2a20d83,pcb-defect,300,300,1.0,1,1,106053,39,0.13579901222222204,0.13579901222222204,1.0,0.0,0.0,0.0,0.0,0,0.0,0.9194797873497008,0.0,control,OI_pcb-defect_0362aeae2db7,-1.9965793376526106
OI_pcb-defect_b7c7bc0b2e33,pcb-defect,300,300,1.0,1,1,75512,39,0.011059813333333317,0.011059813333333317,0.0,0.0,1.0,0.0,-0.13333333333333333,0,0.0,0.9100069999694824,0.0,control,OI_pcb-defect_0362aeae2db7,-4.50443716066751
OI_pcb-defect_a330a8e53fbf,pcb-defect,391,391,1.0,1,1,151093,41,0.6183322322590773,0.6183322322590773,0.0,0.0,0.0,1.0,-0.033333333333333326,1,0.0982007980346679,0.901799201965332,0.0754257440567016,crop sibling,OI_pcb-defect_037a6c5a88c0,-0.4807293733233792
OI_pcb-defect_9f061c914d36,pcb-defect,559,559,1.0,1,1,350170,39,0.12388877691763672,0.12388877691763672,0.0,0.0,0.0,1.0,0.03333333333333336,0,0.0,0.9194797873497008,0.0,control,OI_pcb-defect_0362aeae2db7,-2.0883710762283747
OI_pcb-defect_9e7356cb8645,pcb-defect,425,425,1.0,1,1,186452,39,0.6274447058823528,0.6274447058823528,0.0,0.0,0.0,1.0,0.033333333333333326,0,0.0,0.9100069999694824,0.0,control,OI_pcb-defect_0362aeae2db7,-0.4660997299745998
OI_pcb-defect_9e15850a4fac,pcb-defect,300,300,1.0,1,1,81695,41,0.4151922222222222,0.4151922222222222,0.0,0.0,0.0,1.0,-0.0666666666666667,1,0.0847371220588684,0.9152632355690002,0.0433767437934875,crop sibling,OI_pcb-defect_037a6c5a88c0,-0.8790136799113535
OI_pcb-defect_9bf650087988,pcb-defect,300,300,1.0,1,1,97666,41,0.07481051111111107,0.07481051111111107,1.0,0.0,0.0,0.0,0.06666666666666665,1,0.1003918051719665,0.899608314037323,0.0584911108016967,crop sibling,OI_pcb-defect_037a6c5a88c0,-2.5927968809983035
OI_pcb-defect_9ade3a1f2136,pcb-defect,300,300,1.0,1,1,99883,39,0.0763888888888889,0.0763888888888889,0.0,0.0,1.0,0.0,0.0,0,0.0,0.9205158352851868,0.0,control,OI_pcb-defect_0362aeae2db7,-2.57191802677763
OI_pcb-defect_9a780eb8fce5,pcb-defect,334,334,1.0,1,1,97986,41,0.14155235397468535,0.14155235397468535,0.0,0.0,0.0,1.0,0.0666666666666667,1,0.0858306884765625,0.9141695499420166,0.0444168448448181,crop sibling,OI_pcb-defect_037a6c5a88c0,-1.955085637575325
OI_pcb-defect_9a495444d514,pcb-defect,300,300,1.0,1,1,110611,39,0.06351040000000004,0.06351040000000004,1.0,0.0,0.0,0.0,0.033333333333333326,0,0.0,0.921443521976471,0.0,control,OI_pcb-defect_0362aeae2db7,-2.756551606966334
OI_pcb-defect_9739672c8ed7,pcb-defect,300,300,1.0,1,1,96182,39,0.02675106444444431,0.02675106444444431,0.0,0.0,1.0,0.0,-1.850371707708594e-17,0,0.0,0.920863926410675,0.0,control,OI_pcb-defect_0362aeae2db7,-3.62118101411614
OI_pcb-defect_93d932219308,pcb-defect,300,300,1.0,1,1,57804,39,0.038464020000000064,0.038464020000000064,0.0,0.0,1.0,0.0,0.03333333333333335,0,0.0,0.921443521976471,0.0,control,OI_pcb-defect_0362aeae2db7,-3.258032020102806
OI_pcb-defect_8a08dd270c38,pcb-defect,300,300,1.0,1,1,101692,39,0.14166666666666666,0.14166666666666666,1.0,0.0,0.0,0.0,0.033333333333333326,0,0.0,0.9133154153823853,0.0,control,OI_pcb-defect_0362aeae2db7,-1.9542783987258299
OI_pcb-defect_890e41c13fcb,pcb-defect,355,355,1.0,1,1,91637,41,0.1274057615552471,0.1274057615552471,0.0,0.0,0.0,1.0,0.033333333333333326,1,0.0573455095291137,0.915865957736969,0.014358639717102,similar pair,OI_pcb-defect_037a6c5a88c0,-2.060378312728137
OI_pcb-defect_8420432f007a,pcb-defect,300,300,1.0,1,1,97323,39,0.1511111111111111,0.1511111111111111,0.0,1.0,0.0,0.0,-0.06666666666666667,0,0.0,0.9133154153823853,0.0,control,OI_pcb-defect_0362aeae2db7,-1.8897398775882588
OI_pcb-defect_7b9af5947c7d,pcb-defect,300,300,1.0,1,1,104972,39,0.062469012222222176,0.062469012222222176,0.0,1.0,0.0,0.0,0.0666666666666667,0,0.0,0.9242404699325562,0.0,control,OI_pcb-defect_0362aeae2db7,-2.7730846496358916
OI_pcb-defect_ce5b2d80283f,pcb-defect,300,300,1.0,1,1,87443,41,0.015943542222222218,0.015943542222222218,0.0,0.0,1.0,0.0,-0.26666666666666666,1,0.0858306884765625,0.9141695499420166,0.0444168448448181,crop sibling,OI_pcb-defect_037a6c5a88c0,-4.138701408085547
OI_pcb-defect_d2d57596e2dc,pcb-defect,300,300,1.0,1,1,115716,41,0.04465432777777768,0.04465432777777768,1.0,0.0,0.0,0.0,0.10000000000000002,1,0.0756722092628479,0.9243281483650208,0.0428895950317382,crop sibling,OI_pcb-defect_037a6c5a88c0,-3.1088040496427736
OI_pcb-defect_d7b76b5ab431,pcb-defect,300,300,1.0,1,1,112402,41,0.10720720888888878,0.10720720888888878,1.0,0.0,0.0,0.0,-0.033333333333333326,1,0.0708010196685791,0.9291986227035522,0.0487734079360961,crop sibling,OI_pcb-defect_037a6c5a88c0,-2.232991785508577
OI_pcb-defect_d8df6c8c6a35,pcb-defect,300,300,1.0,1,1,85686,39,0.1145754322222222,0.1145754322222222,0.0,0.0,1.0,0.0,-0.10000000000000002,0,0.0,0.925163507461548,0.0,control,OI_pcb-defect_0362aeae2db7,-2.166521876198497
OI_pcb-ind_1c5507815ada,pcb-ind,300,300,1.0,0,1,5274,38,0.007850753611999998,0.007850753611999998,0.0,0.0,1.0,0.0,-0.033333333333333326,1,0.0,0.8153747320175171,0.0,same metadata group,OI_pcb-ind_0c7e99894d9a,-4.84714575026701
OI_pcb-ind_1b5e82aa8eec,pcb-ind,300,300,1.0,0,1,8304,1,0.003557007518,0.003557007518,0.0,0.0,1.0,0.0,-0.06666666666666665,0,0.0,0.7164047956466675,0.0,control,OI_pcb-ind_1b5e82aa8eec,-5.6388356724391935
OI_pcb-ind_1b44b1c7fb9f,pcb-ind,300,300,1.0,0,1,9892,1,0.08045353576100003,0.08045353576100003,0.0,0.0,0.0,1.0,-0.03333333333333333,0,0.0,0.8695951104164124,0.0,control,OI_pcb-ind_1b44b1c7fb9f,-2.5200754567146046
OI_pcb-ind_1a28c0db8b69,pcb-ind,300,300,1.0,0,1,8111,2,0.03277440473999998,0.03277440473999998,0.0,0.0,0.0,1.0,-0.03333333333333335,1,0.0,0.7807120084762573,0.0,same metadata group,OI_pcb-ind_1a28c0db8b69,-3.4181074115110355
OI_pcb-ind_16e3000576c6,pcb-ind,300,300,1.0,0,1,5571,20,0.002760866927999999,0.002760866927999999,0.0,0.0,0.0,1.0,0.0,1,0.0,0.773838460445404,0.0,same metadata group,OI_pcb-ind_1318263c9179,-5.892210544225696
OI_pcb-ind_165a30d0d9e8,pcb-ind,300,300,1.0,0,1,7132,4,0.006258013431999995,0.006258013431999995,0.0,0.0,1.0,0.0,-0.0666666666666667,1,0.0,0.7078678607940674,0.0255299806594848,same metadata group,OI_pcb-ind_165a30d0d9e8,-5.073892487365108
OI_pcb-ind_1633bb842c25,pcb-ind,300,300,1.0,0,1,6327,15,0.014514472781999983,0.014514472781999983,0.0,0.0,1.0,0.0,0.19999999999999998,0,0.0,0.756430983543396,0.0,control,OI_pcb-ind_0359e931f437,-4.232609004452504
OI_pcb-ind_15ef06eb0a3f,pcb-ind,300,300,1.0,0,1,3976,20,0.003352256095999994,0.003352256095999994,0.0,0.0,0.0,1.0,0.033333333333333326,1,0.1050909757614135,0.7013576626777649,0.1281652450561523,same metadata group,OI_pcb-ind_1318263c9179,-5.6981216983260525
OI_pcb-ind_13a5e4d019e9,pcb-ind,300,300,1.0,0,1,8584,20,0.009096715396999997,0.009096715396999997,0.0,0.0,1.0,0.0,-0.1333333333333333,1,0.0,0.7723971605300903,0.0,same metadata group,OI_pcb-ind_1318263c9179,-4.699841876000413
OI_pcb-ind_136acb83fa59,pcb-ind,300,300,1.0,0,1,5237,3,0.01764641985000002,0.01764641985000002,0.0,0.0,0.0,1.0,0.5,1,-0.0174639225006103,0.7429475784301758,0.0279322862625122,same metadata group,OI_pcb-ind_136acb83fa59,-4.037222357537694
OI_pcb-ind_1cd5ce5b35f3,pcb-ind,300,300,1.0,0,1,4326,8,0.006725944819999999,0.006725944819999999,0.0,0.0,1.0,0.0,0.0,0,0.0,0.6759817004203796,0.0009633302688598,control,OI_pcb-ind_1cd5ce5b35f3,-5.00178286968225
OI_pcb-ind_130ea9c243cc,pcb-ind,300,300,1.0,0,1,4135,1,0.034997401734,0.034997401734,0.0,0.0,0.0,1.0,-0.06666666666666665,0,0.0,0.7202960848808289,0.0,control,OI_pcb-ind_130ea9c243cc,-3.352481456419793
OI_pcb-ind_0fd3cc97cb10,pcb-ind,300,300,1.0,0,2,3179,38,0.10063550829600001,0.10136680150499999,0.0,0.0,0.0,2.0,-0.1333333333333333,1,0.2023645043373108,0.6420539617538452,0.2046066522598266,same metadata group,OI_pcb-ind_0c7e99894d9a,-2.2890096427639324
OI_pcb-ind_0e424a5b447e,pcb-ind,300,300,1.0,0,1,4417,4,0.02065128608400002,0.02065128608400002,0.0,0.0,0.0,1.0,0.19999999999999998,1,0.1845980882644653,0.7670020461082458,0.1623878479003906,similar pair,OI_pcb-ind_0e424a5b447e,-3.8799776814175666
OI_pcb-ind_0359e931f437,pcb-ind,300,300,1.0,0,2,5022,15,0.0032649209830000045,0.03586364824150001,0.0,0.0,0.0,2.0,-0.05000000000000001,0,0.002423882484436,0.7032990455627441,0.0,control,OI_pcb-ind_0359e931f437,-3.3280310802994495
OI_pcb-ind_0239eff680af,pcb-ind,300,300,1.0,0,1,7294,2,0.026929803456,0.026929803456,0.0,0.0,0.0,1.0,0.10000000000000002,0,0.0,0.797035276889801,0.0,control,OI_pcb-ind_0239eff680af,-3.6145216705142635
OI_pcb-defect_f763c03f8fd1,pcb-defect,702,702,1.0,1,1,474399,41,0.045448224852071104,0.045448224852071104,0.0,0.0,0.0,1.0,0.16666666666666666,1,0.0708010196685791,0.9291986227035522,0.0487734079360961,crop sibling,OI_pcb-defect_037a6c5a88c0,-3.091181516281552
OI_pcb-defect_f29b6eca06b3,pcb-defect,300,300,1.0,1,1,95975,39,0.08,0.08,0.0,1.0,0.0,0.0,0.03333333333333336,0,0.0,0.9205158352851868,0.0,control,OI_pcb-defect_0362aeae2db7,-2.5257286443082556
OI_pcb-defect_e2dcd6c87f7f,pcb-defect,300,300,1.0,1,1,96868,39,0.12889333333333344,0.12889333333333344,0.0,0.0,1.0,0.0,0.13333333333333333,0,0.0,0.9194797873497008,0.0,control,OI_pcb-defect_0362aeae2db7,-2.048770090053841
OI_pcb-defect_dca7df2e9f35,pcb-defect,300,300,1.0,1,1,90401,41,0.043991523333333296,0.043991523333333296,0.0,0.0,1.0,0.0,0.16666666666666663,1,0.0708010196685791,0.9291986227035522,0.0487734079360961,crop sibling,OI_pcb-defect_037a6c5a88c0,-3.123758315138715
OI_pcb-defect_db0d42f5eab9,pcb-defect,300,300,1.0,1,1,90600,39,0.10111111111111111,0.10111111111111111,0.0,0.0,1.0,0.0,-0.30000000000000004,0,0.0,0.925163507461548,0.0,control,OI_pcb-defect_0362aeae2db7,-2.2915352568074607
OI_pcb-defect_dad6db61d950,pcb-defect,625,625,1.0,1,1,505774,39,0.08106239999999998,0.08106239999999998,0.0,0.0,0.0,1.0,-0.16666666666666666,0,0.0,0.9242404699325562,0.0,control,OI_pcb-defect_0362aeae2db7,-2.5125360505222725
OI_pcb-ind_11e65a717723,pcb-ind,300,300,1.0,0,1,6480,4,0.005844234160000012,0.005844234160000012,0.0,0.0,1.0,0.0,-0.5,1,-0.0566264390945434,0.7854599356651306,0.0,same metadata group,OI_pcb-ind_11e65a717723,-5.142299717450131
OI_pcb-defect_7b86f207586d,pcb-defect,300,300,1.0,1,1,99932,39,0.011387600000000041,0.011387600000000041,0.0,0.0,1.0,0.0,0.1333333333333333,0,0.0,0.9133154153823853,0.0,control,OI_pcb-defect_0362aeae2db7,-4.4752302348758874
OI_pcb-ind_668899762cbd,pcb-ind,300,300,1.0,0,1,7132,4,0.015035561543999992,0.015035561543999992,0.0,1.0,0.0,0.0,0.6999999999999998,1,0.1061131954193115,0.7876760363578796,0.0509337186813354,same metadata group,OI_pcb-ind_668899762cbd,-4.1973371141203835
OI_pcb-ind_66f90185322c,pcb-ind,300,300,1.0,0,1,9277,1,0.026149885733999987,0.026149885733999987,1.0,0.0,0.0,0.0,0.0,0,0.0,0.7199243307113647,0.0229806900024414,control,OI_pcb-ind_66f90185322c,-3.643910458117464
OI_pcb-ind_d897e78ee311,pcb-ind,300,300,1.0,0,1,5351,2,0.073369867368,0.073369867368,0.0,0.0,0.0,1.0,-0.06666666666666665,1,0.0,0.8847355842590332,0.0,same metadata group,OI_pcb-ind_4a1a51fd610e,-2.612241953972193
OI_pcb-ind_d78da257efef,pcb-ind,300,300,1.0,0,1,9103,2,0.018301823576999995,0.018301823576999995,1.0,0.0,0.0,0.0,-0.03333333333333336,1,-0.0331662893295288,0.901914119720459,0.0,same metadata group,OI_pcb-ind_c86a4c072a1a,-4.000754575083002
OI_pcb-ind_d582644e2e57,pcb-ind,300,300,1.0,0,1,5746,1,0.01831727262,0.01831727262,0.0,0.0,0.0,1.0,0.06666666666666665,0,-0.0572226047515869,0.8277402520179749,0.0,control,OI_pcb-ind_d582644e2e57,-3.999910805273203
OI_pcb-ind_d3f24aad5811,pcb-ind,300,300,1.0,0,1,7971,15,0.02942303440199999,0.02942303440199999,0.0,0.0,0.0,1.0,0.0,0,0.0,0.7452790141105652,0.0,control,OI_pcb-ind_0359e931f437,-3.525977428338912
OI_pcb-ind_d35d3611b589,pcb-ind,300,300,1.0,0,1,6115,1,0.002668500067999994,0.002668500067999994,0.0,0.0,1.0,0.0,3.700743415417188e-17,0,-0.0147538185119628,0.8019019365310669,0.0,control,OI_pcb-ind_d35d3611b589,-5.926238736707797
OI_pcb-ind_d280e970584b,pcb-ind,300,300,1.0,0,1,4138,12,0.05283007560000001,0.05283007560000001,0.0,0.0,1.0,0.0,0.6,1,0.0432132482528686,0.7032170295715332,0.0,same metadata group,OI_pcb-ind_07b8c25ec587,-2.9406746368018255
OI_pcb-ind_d202ff7b7cdd,pcb-ind,300,300,1.0,0,1,4259,1,0.014540445899999987,0.014540445899999987,0.0,0.0,1.0,0.0,0.0,0,0.0,0.8196397423744202,0.0,control,OI_pcb-ind_d202ff7b7cdd,-4.23082114022182
OI_pcb-ind_cf3e15512266,pcb-ind,300,300,1.0,0,1,8987,1,0.007168120919999986,0.007168120919999986,0.0,0.0,1.0,0.0,-0.3333333333333333,0,0.0,0.7990480065345764,0.0,control,OI_pcb-ind_cf3e15512266,-4.938111734032153
OI_pcb-ind_cbc0bd8ef5e2,pcb-ind,300,300,1.0,0,2,10847,1,0.0036356968490000073,0.007650188394500008,0.0,2.0,0.0,0.0,0.01666666666666668,0,0.0,0.775902509689331,0.0,control,OI_pcb-ind_cbc0bd8ef5e2,-4.873025004714898
OI_pcb-ind_cbbf5f680f3b,pcb-ind,300,300,1.0,0,1,3717,2,0.007139685300000004,0.007139685300000004,0.0,0.0,1.0,0.0,0.19999999999999996,1,0.0,0.8271140456199646,0.0,same metadata group,OI_pcb-ind_8f134deb3753,-4.942086579232255
OI_pcb-ind_cac16183ff99,pcb-ind,300,300,1.0,0,1,7269,3,0.028067679035999993,0.028067679035999993,0.0,0.0,0.0,1.0,0.0,0,0.0,0.6736500263214111,0.0,control,OI_pcb-ind_428aea697bb9,-3.573136576886208
OI_pcb-ind_c7f192d3f710,pcb-ind,300,300,1.0,0,1,8034,2,0.012985613376000009,0.012985613376000009,1.0,0.0,0.0,0.0,0.033333333333333326,0,0.0,0.8793970346450806,0.0240765810012817,control,OI_pcb-ind_344811f6a26b,-4.343913197709292
OI_pcb-ind_c6c99052d467,pcb-ind,300,300,1.0,0,1,7732,2,0.057071756219999985,0.057071756219999985,0.0,0.0,0.0,1.0,-0.03333333333333336,1,0.0,0.7998919486999512,0.0,same metadata group,OI_pcb-ind_c6c99052d467,-2.863445921821318
OI_pcb-ind_c65a84606afd,pcb-ind,300,300,1.0,0,1,11099,20,0.007788936512000005,0.007788936512000005,0.0,0.0,1.0,0.0,0.1333333333333334,1,0.0,0.9013169407844543,0.0,same metadata group,OI_pcb-ind_1318263c9179,-4.855050948059699
OI_pcb-ind_c5404f163f01,pcb-ind,300,300,1.0,0,1,3025,1,0.0027562414600000008,0.0027562414600000008,0.0,0.0,1.0,0.0,-0.06666666666666665,0,0.0,0.849280595779419,0.0,control,OI_pcb-ind_c5404f163f01,-5.893887317186616
OI_pcb-ind_c53206adafc6,pcb-ind,300,300,1.0,0,1,4433,3,0.056089016190000035,0.056089016190000035,0.0,0.0,0.0,1.0,0.0666666666666667,1,0.0,0.8363922238349915,0.0,same metadata group,OI_pcb-ind_aa32e2ca35ca,-2.880815275462391
OI_pcb-ind_c4ec377ec89f,pcb-ind,300,300,1.0,0,2,8239,5,0.00809809564799999,0.008342574941999997,2.0,0.0,0.0,0.0,0.3833333333333333,1,0.0061461329460144,0.803170919418335,0.0,same metadata group,OI_pcb-ind_08c520dc372f,-4.786383364220568
OI_pcb-ind_c2c3b955b200,pcb-ind,300,300,1.0,0,1,2942,1,0.007383484590000002,0.007383484590000002,0.0,0.0,0.0,1.0,0.10000000000000003,0,0.0,0.87356036901474,0.0,control,OI_pcb-ind_c2c3b955b200,-4.9085095851386935
OI_pcb-ind_c24a04933f85,pcb-ind,300,300,1.0,0,3,4561,15,0.007971918240999996,0.018589171280666658,0.0,0.0,0.0,3.0,0.011111111111111108,0,-0.0154557228088378,0.7752183079719543,0.0,control,OI_pcb-ind_0359e931f437,-3.9851760570123957
OI_pcb-ind_ba02441e48b8,pcb-ind,300,300,1.0,0,1,5539,15,0.0031325290889999994,0.0031325290889999994,0.0,0.0,0.0,1.0,-0.0666666666666667,0,0.0,0.7156757712364197,0.0,control,OI_pcb-ind_0359e931f437,-5.7659145850440305
OI_pcb-ind_b6e9d493bcba,pcb-ind,300,300,1.0,0,1,9607,1,0.0032108871529999967,0.0032108871529999967,0.0,0.0,1.0,0.0,0.09999999999999998,0,0.0,0.9000712633132935,0.0,control,OI_pcb-ind_b6e9d493bcba,-5.741208008372733
OI_pcb-ind_dc27800bcce4,pcb-ind,300,300,1.0,0,1,6483,1,0.004577262992999996,0.004577262992999996,0.0,0.0,1.0,0.0,0.0,0,0.0,0.782031238079071,0.0,control,OI_pcb-ind_dc27800bcce4,-5.386654059271624
OI_pcb-ind_dc93d690c6d9,pcb-ind,300,300,1.0,0,1,6487,3,0.007016020266000003,0.007016020266000003,0.0,0.0,1.0,0.0,-0.06666666666666665,1,0.002378225326538,0.7294172048568726,0.0,same metadata group,OI_pcb-ind_bb6d5320537d,-4.959559135375947
OI_pcb-ind_de55fdc55c6f,pcb-ind,300,300,1.0,0,1,5407,7,0.005362108864000002,0.005362108864000002,0.0,0.0,0.0,1.0,0.16666666666666666,1,0.0,0.7847481966018677,0.0,same metadata group,OI_pcb-ind_1003d92302d7,-5.228397936502407
OI_pcb-ind_df2700718181,pcb-ind,300,300,1.0,0,1,8752,1,0.008838302752999998,0.008838302752999998,0.0,1.0,0.0,0.0,1.850371707708594e-17,0,0.0,0.8817760348320007,0.0,control,OI_pcb-ind_df2700718181,-4.728660417033196
OI_pcb-ind_fcb0e2e2a011,pcb-ind,300,300,1.0,0,1,4519,12,0.022598498769000018,0.022598498769000018,0.0,0.0,1.0,0.0,-0.2333333333333333,1,0.1418414115905761,0.7184587121009827,0.0866807699203491,same metadata group,OI_pcb-ind_07b8c25ec587,-3.789871801060653
OI_pcb-ind_fb37baaa751b,pcb-ind,300,300,1.0,0,1,5999,8,0.11118134568500003,0.11118134568500003,0.0,0.0,0.0,1.0,-0.033333333333333326,0,0.0,0.822755753993988,0.0,control,OI_pcb-ind_1cd5ce5b35f3,-2.1965926658693316
OI_pcb-ind_fa8eb47e0c94,pcb-ind,300,300,1.0,0,1,5626,7,0.030616582442999994,0.030616582442999994,0.0,0.0,0.0,1.0,0.0,1,-0.0011724233627319,0.8792628049850464,0.0,same metadata group,OI_pcb-ind_3c5c9f71e89b,-3.486213506901987
OI_pcb-ind_f97b3dd44f6a,pcb-ind,300,300,1.0,0,1,6773,20,0.022805938069999997,0.022805938069999997,0.0,0.0,1.0,0.0,0.0,1,0.1053138971328735,0.6304959058761597,0.0872677564620971,same metadata group,OI_pcb-ind_1318263c9179,-3.780734335264119
OI_pcb-ind_f89f809c1c37,pcb-ind,300,300,1.0,0,1,4853,1,0.023812335192,0.023812335192,0.0,0.0,0.0,1.0,0.0,0,0.0,0.7626038193702698,-0.0019247531890869,control,OI_pcb-ind_f89f809c1c37,-3.737551547190034
OI_pcb-ind_f897ab0c032a,pcb-ind,300,300,1.0,0,1,3707,1,0.005975375654000004,0.005975375654000004,0.0,0.0,1.0,0.0,0.0,0,0.0,0.8855123519897461,0.0,control,OI_pcb-ind_f897ab0c032a,-5.120108312178515
OI_pcb-ind_f86ebdaa6bd9,pcb-ind,300,300,1.0,0,1,3008,4,0.0025474294799999976,0.0025474294799999976,0.0,0.0,1.0,0.0,-0.033333333333333326,1,0.0,0.7788432836532593,0.0,same metadata group,OI_pcb-ind_57f2d975c1a0,-5.972670475291767
OI_pcb-ind_f6eb9255bef7,pcb-ind,300,300,1.0,0,1,3859,38,0.03504369359399998,0.03504369359399998,0.0,0.0,1.0,0.0,0.0,1,0.0779756307601928,0.7517736554145813,0.0354558229446411,same metadata group,OI_pcb-ind_0c7e99894d9a,-3.3511596076816024
OI_pcb-ind_f5a7fdf1bcff,pcb-ind,300,300,1.0,0,1,7874,2,0.016567532962,0.016567532962,0.0,1.0,0.0,0.0,0.06666666666666672,1,0.1404675245285034,0.8130958080291748,0.1466281414031982,similar pair,OI_pcb-ind_489ded0ffa57,-4.100310344446002
OI_pcb-ind_f1edfe22bada,pcb-ind,300,300,1.0,0,1,3876,38,0.14223901525400004,0.14223901525400004,0.0,0.0,1.0,0.0,-0.5666666666666668,1,0.0,0.7018744945526123,0.0,same metadata group,OI_pcb-ind_0c7e99894d9a,-1.9502464303704286
OI_pcb-ind_b639a4bdf44f,pcb-ind,300,300,1.0,0,1,4845,1,0.058580090519999996,0.058580090519999996,0.0,0.0,1.0,0.0,0.0,0,0.0252977609634399,0.7771517038345337,0.0633582472801208,control,OI_pcb-ind_b639a4bdf44f,-2.8373603923464614
OI_pcb-ind_f193dc797685,pcb-ind,300,300,1.0,0,1,3670,1,0.019217400449999984,0.019217400449999984,0.0,0.0,0.0,1.0,-0.06666666666666665,0,0.0,0.814560055732727,0.0260971188545227,control,OI_pcb-ind_f193dc797685,-3.951939136928725
OI_pcb-ind_f13509bc2293,pcb-ind,300,300,1.0,0,1,4549,38,0.021873410399999994,0.021873410399999994,0.0,0.0,1.0,0.0,0.0,1,0.0237658023834228,0.7124027013778687,0.0,same metadata group,OI_pcb-ind_0c7e99894d9a,-3.822483516807436
OI_pcb-ind_ef52c7ab8efb,pcb-ind,300,300,1.0,0,1,7080,4,0.010348646550000031,0.010348646550000031,0.0,1.0,0.0,0.0,0.5333333333333333,1,0.0491909980773925,0.8396421670913696,0.0,same metadata group,OI_pcb-ind_668899762cbd,-4.570899535937594
OI_pcb-ind_eaecfef3c93b,pcb-ind,300,300,1.0,0,2,5965,15,0.0032305255920000056,0.011067335180000002,0.0,0.0,0.0,2.0,-0.10000000000000005,0,0.0,0.660841166973114,0.0,control,OI_pcb-ind_0359e931f437,-4.503757285720958
OI_pcb-ind_e96f1f07938a,pcb-ind,300,300,1.0,0,1,5373,38,0.07883862913499995,0.07883862913499995,0.0,0.0,0.0,1.0,-0.033333333333333326,1,0.1002833247184753,0.669223427772522,0.0524197816848754,same metadata group,OI_pcb-ind_0c7e99894d9a,-2.5403521847863852
OI_pcb-ind_e9008d55ff07,pcb-ind,300,300,1.0,0,1,6718,1,0.02169706711199999,0.02169706711199999,1.0,0.0,0.0,0.0,-0.2333333333333333,0,0.0262178778648376,0.7937990427017212,0.0,control,OI_pcb-ind_e9008d55ff07,-3.830578183699169
OI_pcb-ind_e4cf23fdb421,pcb-ind,300,300,1.0,0,1,3985,20,0.009564026378999998,0.009564026378999998,0.0,0.0,0.0,1.0,0.06666666666666665,1,0.15235036611557,0.7073683142662048,0.0613715648651123,same metadata group,OI_pcb-ind_1318263c9179,-4.6497464712342795
OI_pcb-ind_e311abcdca04,pcb-ind,300,300,1.0,0,1,5269,1,0.005400804153000002,0.005400804153000002,0.0,0.0,1.0,0.0,-0.03333333333333329,0,0.0,0.8589876890182495,0.0,control,OI_pcb-ind_e311abcdca04,-5.221207419276754
OI_pcb-ind_e27e5a61d48b,pcb-ind,300,300,1.0,0,1,6308,1,0.014624045436000004,0.014624045436000004,0.0,0.0,1.0,0.0,-0.033333333333333326,0,0.0,0.6744193434715271,0.0,control,OI_pcb-ind_e27e5a61d48b,-4.2250881573276855
OI_pcb-ind_e0ab6576e60a,pcb-ind,300,300,1.0,0,1,4673,1,0.023079685440000018,0.023079685440000018,0.0,0.0,1.0,0.0,0.0,0,0.0,0.8388415575027466,0.0,control,OI_pcb-ind_e0ab6576e60a,-3.7688024665512327
OI_pcb-ind_e048bf4ee61d,pcb-ind,300,300,1.0,0,1,10759,1,0.0016524172320000019,0.0016524172320000019,0.0,0.0,1.0,0.0,0.06666666666666665,0,0.0080991983413696,0.9028885960578918,0.0,control,OI_pcb-ind_e048bf4ee61d,-6.405516074028356
OI_pcb-ind_f136ffedfc0b,pcb-ind,300,300,1.0,0,1,10447,1,0.01729314788599999,0.01729314788599999,0.0,0.0,0.0,1.0,0.1333333333333333,0,0.0,0.8429211378097534,0.0,control,OI_pcb-ind_f136ffedfc0b,-4.05744493189096
OI_pcb-ind_669c77ab449a,pcb-ind,300,300,1.0,0,1,4270,12,0.335764416378,0.335764416378,0.0,0.0,1.0,0.0,0.0,1,0.0,0.7515700459480286,0.0,same metadata group,OI_pcb-ind_07b8c25ec587,-1.0913455066658941
OI_pcb-ind_b5cec1e181e7,pcb-ind,300,300,1.0,0,2,4958,20,0.04118181081600001,0.042290301472500014,0.0,0.0,0.0,2.0,0.04999999999999997,1,0.0438435077667236,0.7710753083229065,0.0959838032722473,same metadata group,OI_pcb-ind_1318263c9179,-3.1631974988284215
OI_pcb-ind_b48ace894ae9,pcb-ind,300,300,1.0,0,1,4864,4,0.024001883190000014,0.024001883190000014,0.0,0.0,1.0,0.0,-0.4333333333333333,1,0.0,0.8982605934143066,0.0,same metadata group,OI_pcb-ind_43ebf34529e7,-3.729622985462506
OI_pcb-ind_870d70c239d2,pcb-ind,300,300,1.0,0,1,9834,1,0.020171942935,0.020171942935,0.0,0.0,0.0,1.0,0.0,0,0.0,0.8611472845077515,0.0,control,OI_pcb-ind_870d70c239d2,-3.9034626036929367
OI_pcb-ind_86c6ee2bd9b4,pcb-ind,300,300,1.0,0,1,7717,15,0.007130937950000005,0.007130937950000005,0.0,0.0,1.0,0.0,0.0,0,0.0086863040924072,0.832089900970459,0.0,control,OI_pcb-ind_0359e931f437,-4.943312503418225
OI_pcb-ind_86ae5af772a3,pcb-ind,300,300,1.0,0,1,4892,7,0.05915020008800001,0.05915020008800001,0.0,0.0,0.0,1.0,0.5333333333333333,1,0.0050116181373596,0.6906959414482117,-0.0136564970016479,same metadata group,OI_pcb-ind_1003d92302d7,-2.827675305841569
OI_pcb-ind_8483ea5299bd,pcb-ind,300,300,1.0,0,1,5355,1,0.011975177212999994,0.011975177212999994,0.0,0.0,1.0,0.0,0.06666666666666665,0,-0.0261551141738891,0.8836318254470825,-0.1165133714675903,control,OI_pcb-ind_8483ea5299bd,-4.4249193372142805
OI_pcb-ind_84130aea9b7b,pcb-ind,300,300,1.0,0,1,7503,1,0.0023507678100000073,0.0023507678100000073,0.0,0.0,1.0,0.0,0.03333333333333336,0,0.0,0.8469155430793762,0.0,control,OI_pcb-ind_84130aea9b7b,-6.053013276530351
OI_pcb-ind_80b7c38e9298,pcb-ind,300,300,1.0,0,1,3466,4,0.019765006632,0.019765006632,0.0,0.0,0.0,1.0,0.3666666666666667,1,0.1870936155319214,0.6792398691177368,0.1756399273872375,same metadata group,OI_pcb-ind_433422a92b15,-3.923842246690919
OI_pcb-ind_80ac97508bc3,pcb-ind,300,300,1.0,0,1,4425,12,0.024821210980999996,0.024821210980999996,0.0,0.0,1.0,0.0,0.0,1,0.0,0.6583898663520813,-0.0026209950447082,same metadata group,OI_pcb-ind_07b8c25ec587,-3.696056709864066
OI_pcb-ind_7ddca5617426,pcb-ind,300,300,1.0,0,1,6640,4,0.024061106550000013,0.024061106550000013,0.0,0.0,1.0,0.0,0.06666666666666665,1,0.0,0.8425394892692566,0.0233562588691711,same metadata group,OI_pcb-ind_43ebf34529e7,-3.727158578221349
OI_pcb-ind_75f5b1e655de,pcb-ind,300,300,1.0,0,1,6084,3,0.004754638223999999,0.004754638223999999,0.0,0.0,1.0,0.0,-0.09999999999999999,0,0.0,0.8202540874481201,0.0,control,OI_pcb-ind_609b1b64cc9e,-5.34863466916002
OI_pcb-ind_753fadd54f2e,pcb-ind,300,300,1.0,0,1,6271,1,0.003232244929000006,0.003232244929000006,0.0,0.0,1.0,0.0,0.4333333333333333,0,0.0,0.7838894724845886,0.0,control,OI_pcb-ind_753fadd54f2e,-5.73457835870701
OI_pcb-ind_749dffbd3b46,pcb-ind,300,300,1.0,0,1,6700,2,0.12906721351999997,0.12906721351999997,0.0,0.0,0.0,1.0,0.0,1,0.0,0.8173941373825073,0.0,same metadata group,OI_pcb-ind_749dffbd3b46,-2.04742197527333
OI_pcb-ind_736974a21f3d,pcb-ind,300,300,1.0,0,1,8630,2,0.012544820519999987,0.012544820519999987,0.0,0.0,1.0,0.0,-0.033333333333333326,1,0.0472388267517089,0.8078120946884155,0.0214396119117736,same metadata group,OI_pcb-ind_020767ed04ce,-4.378447406161275
OI_pcb-ind_72dc02a94096,pcb-ind,300,300,1.0,0,1,3861,38,0.12397346582999999,0.12397346582999999,0.0,0.0,0.0,1.0,-0.3666666666666667,1,0.0,0.6123139262199402,0.0,same metadata group,OI_pcb-ind_0c7e99894d9a,-2.087687721517144
OI_pcb-ind_7281e4d62823,pcb-ind,300,300,1.0,0,1,4683,1,0.018767172484999987,0.018767172484999987,0.0,0.0,0.0,1.0,-0.1333333333333334,0,0.0750238895416259,0.8144393563270569,0.0578120946884155,control,OI_pcb-ind_7281e4d62823,-3.975646079848291
OI_pcb-ind_702ab8a47cd6,pcb-ind,300,300,1.0,0,1,4200,8,0.067919886048,0.067919886048,0.0,0.0,0.0,1.0,0.13333333333333328,0,0.0,0.8823283910751343,0.0,control,OI_pcb-ind_1cd5ce5b35f3,-2.6894264147189686
OI_pcb-ind_6fc8fa6842e8,pcb-ind,300,300,1.0,0,1,8147,2,0.019076029070000004,0.019076029070000004,1.0,0.0,0.0,0.0,0.033333333333333326,1,-0.0078685283660888,0.8541432619094849,0.0,same metadata group,OI_pcb-ind_05bc935769e6,-3.9593227546429377
OI_pcb-ind_6dcb3d84c044,pcb-ind,300,300,1.0,0,2,6591,15,0.006868857239999986,0.017968204670499994,0.0,0.0,0.0,2.0,-0.016666666666666646,0,0.0,0.7067481279373169,0.0,control,OI_pcb-ind_0359e931f437,-4.0191514902172205
OI_pcb-ind_6d1da5c9adee,pcb-ind,300,300,1.0,0,1,7715,2,0.010010412291000017,0.010010412291000017,1.0,0.0,0.0,0.0,-0.06666666666666667,1,0.0,0.8771159648895264,0.0,same metadata group,OI_pcb-ind_6d1da5c9adee,-4.604129498591117
OI_pcb-ind_6ada68a07442,pcb-ind,300,300,1.0,0,1,11053,20,0.012431874424999998,0.012431874424999998,0.0,0.0,0.0,1.0,0.033333333333333326,1,0.0,0.8751612305641174,0.0,same metadata group,OI_pcb-ind_1318263c9179,-4.387491586357024
OI_pcb-ind_69c41b6a4bc4,pcb-ind,300,300,1.0,0,1,3150,4,0.010225731276000016,0.010225731276000016,0.0,0.0,0.0,1.0,0.0,1,0.0,0.6519836187362671,0.0,same metadata group,OI_pcb-ind_0e424a5b447e,-4.582848061175383
OI_pcb-ind_68b8ed2a3dd6,pcb-ind,300,300,1.0,0,1,6841,15,0.005847198450000012,0.005847198450000012,0.0,0.0,1.0,0.0,0.0,0,0.0,0.9028066396713256,0.0,control,OI_pcb-ind_0359e931f437,-5.141792629882268
OI_pcb-ind_8b66099fc90c,pcb-ind,300,300,1.0,0,1,6013,20,0.03034865078000002,0.03034865078000002,0.0,0.0,0.0,1.0,-0.4666666666666666,1,0.0,0.8089867234230042,0.0,same metadata group,OI_pcb-ind_1318263c9179,-3.4950032178189985
OI_pcb-ind_8f7e1dae5fb1,pcb-ind,300,300,1.0,0,1,4947,20,0.009574090560000005,0.009574090560000005,0.0,0.0,0.0,1.0,0.2333333333333334,1,0.0257099866867065,0.7471244931221008,0.0529492497444152,same metadata group,OI_pcb-ind_1318263c9179,-4.6486947291052285
OI_pcb-ind_9008577bdefb,pcb-ind,300,300,1.0,0,1,8594,3,0.0072777829400000014,0.0072777829400000014,0.0,0.0,1.0,0.0,-0.0666666666666667,0,0.0,0.8019745349884033,0.0,control,OI_pcb-ind_609b1b64cc9e,-4.922929004364424
OI_pcb-ind_91fb937df0da,pcb-ind,300,300,1.0,0,4,4556,15,0.00807337945500001,0.01880292221350001,0.0,0.0,0.0,4.0,0.00833333333333334,0,-0.0156404972076416,0.7845147848129272,-0.0157305002212524,control,OI_pcb-ind_0359e931f437,-3.9737429843369965
OI_pcb-ind_b342a8d57dcc,pcb-ind,300,300,1.0,0,1,7531,1,0.04737022950800001,0.04737022950800001,0.0,0.0,0.0,1.0,0.0,0,0.0,0.8146096467971802,0.0,control,OI_pcb-ind_b342a8d57dcc,-3.049761317050825
OI_pcb-ind_b30aeb9a961b,pcb-ind,300,300,1.0,0,1,6652,5,0.003176208713999999,0.003176208713999999,0.0,0.0,1.0,0.0,0.1333333333333333,1,0.0013989210128784,0.7609745264053345,0.0,same metadata group,OI_pcb-ind_2fa4e2fc7de1,-5.752067021761487
OI_pcb-ind_b29a09abc632,pcb-ind,300,300,1.0,0,1,8427,3,0.016478540819999988,0.016478540819999988,1.0,0.0,0.0,0.0,0.06666666666666665,0,0.0,0.7999175786972046,0.0,control,OI_pcb-ind_428aea697bb9,-4.105696300896657
OI_pcb-ind_b140fd1cab9b,pcb-ind,300,300,1.0,0,1,7895,2,0.0036553716199999946,0.0036553716199999946,0.0,0.0,1.0,0.0,-3.700743415417188e-17,1,0.0,0.7583929300308228,0.0,same metadata group,OI_pcb-ind_25bfbdf18dad,-5.611557516530286
OI_pcb-ind_ad98dbf5645d,pcb-ind,300,300,1.0,0,1,8914,3,0.11666769949400005,0.11666769949400005,0.0,0.0,0.0,1.0,0.10000000000000005,1,0.0,0.7733320593833923,0.0,same metadata group,OI_pcb-ind_9caaa2f2e2a4,-2.1484255604002587
OI_pcb-ind_aba103edd57d,pcb-ind,300,300,1.0,0,1,3975,8,0.09195818302000003,0.09195818302000003,0.0,0.0,0.0,1.0,0.0,0,0.0,0.7188124060630798,0.0233916044235229,control,OI_pcb-ind_1cd5ce5b35f3,-2.3864213376555607
OI_pcb-ind_a9e785bddae9,pcb-ind,300,300,1.0,0,1,3665,7,0.0027836865979999916,0.0027836865979999916,0.0,0.0,1.0,0.0,-0.10000000000000002,1,0.0,0.823556661605835,0.0,same metadata group,OI_pcb-ind_3c5c9f71e89b,-5.883979115404204
OI_pcb-ind_a8d80ea0ee0b,pcb-ind,300,300,1.0,0,1,3584,38,0.03791145503399998,0.03791145503399998,0.0,0.0,1.0,0.0,0.0,1,0.0354740023612976,0.7013599276542664,0.0301513671875,same metadata group,OI_pcb-ind_0c7e99894d9a,-3.272501968919004
OI_pcb-ind_a8c5bbef4550,pcb-ind,300,300,1.0,0,1,3788,1,0.008568034800000008,0.008568034800000008,0.0,0.0,0.0,1.0,-0.06666666666666672,0,0.0,0.7828068137168884,0.0,control,OI_pcb-ind_a8c5bbef4550,-4.759716884220287
OI_pcb-ind_a80138456a2f,pcb-ind,300,300,1.0,0,1,4774,1,0.017269750000000007,0.017269750000000007,0.0,0.0,0.0,1.0,0.0,0,0.0,0.6722657084465027,0.0,control,OI_pcb-ind_a80138456a2f,-4.058798862898217
OI_pcb-ind_b51afceccf45,pcb-ind,300,300,1.0,0,2,6233,15,0.007306509672000005,0.009145571316000002,0.0,0.0,0.0,2.0,-0.06666666666666661,0,0.0,0.774878978729248,0.0,control,OI_pcb-ind_0359e931f437,-4.694485526045288
OI_pcb-ind_a36ae2a2adbc,pcb-ind,300,300,1.0,0,2,7140,38,0.022400025983999972,0.027393737645999984,2.0,0.0,0.0,0.0,0.4666666666666666,1,0.0,0.8335955142974854,0.0,same metadata group,OI_pcb-ind_0c7e99894d9a,-3.5974408447760386
OI_pcb-ind_a17e1467f420,pcb-ind,300,300,1.0,0,1,4762,9,0.007892610863999993,0.007892610863999993,0.0,0.0,1.0,0.0,0.033333333333333326,1,0.0,0.8031119108200073,0.0,same metadata group,OI_pcb-ind_0deca25f10f2,-4.841828290877536
OI_pcb-ind_9dd9a43a9501,pcb-ind,300,300,1.0,0,1,4176,12,0.014305994601000007,0.014305994601000007,0.0,0.0,1.0,0.0,-0.09999999999999998,1,0.1134537458419799,0.7446266412734985,0.0715341567993164,same metadata group,OI_pcb-ind_07b8c25ec587,-4.247076626690116
OI_pcb-ind_9d7e69a622e9,pcb-ind,300,300,1.0,0,1,6544,4,0.0026217529800000024,0.0026217529800000024,0.0,0.0,1.0,0.0,0.0666666666666667,1,0.0,0.7950288653373718,-0.008935809135437,same metadata group,OI_pcb-ind_165a30d0d9e8,-5.943912108605034
OI_pcb-ind_9bb86d058c18,pcb-ind,300,300,1.0,0,1,3386,1,0.023850754356000002,0.023850754356000002,0.0,0.0,0.0,1.0,0.16666666666666666,0,0.0436227917671203,0.5717934370040894,0.0,control,OI_pcb-ind_9bb86d058c18,-3.735939432965589
OI_pcb-ind_9a749bb738c5,pcb-ind,300,300,1.0,0,1,4028,5,0.010490936544,0.010490936544,0.0,0.0,0.0,1.0,-0.06666666666666665,1,0.0,0.760988712310791,0.0,same metadata group,OI_pcb-ind_2fa4e2fc7de1,-4.557243580864179
OI_pcb-ind_99b77187eadf,pcb-ind,300,300,1.0,0,1,5334,2,0.003849041400000009,0.003849041400000009,0.0,0.0,1.0,0.0,-0.16666666666666666,1,0.0350072383880615,0.7695087194442749,0.0,same metadata group,OI_pcb-ind_7493772ea2ea,-5.559931148697841
OI_pcb-ind_99ae1eaf5300,pcb-ind,300,300,1.0,0,1,8728,15,0.023700247434000014,0.023700247434000014,1.0,0.0,0.0,0.0,-0.03333333333333336,0,0.0,0.7363095879554749,0.0,control,OI_pcb-ind_0359e931f437,-3.7422697906423856
OI_pcb-ind_989e9110bf39,pcb-ind,300,300,1.0,0,1,8514,1,0.11833690565799997,0.11833690565799997,0.0,0.0,0.0,1.0,-0.5333333333333333,0,0.0,0.809196412563324,0.0,control,OI_pcb-ind_989e9110bf39,-2.1342195899713445
OI_pcb-ind_9664f591db46,pcb-ind,300,300,1.0,0,1,8913,2,0.014146953437000015,0.014146953437000015,0.0,0.0,0.0,1.0,0.033333333333333326,1,0.0,0.8802118301391602,0.0,same metadata group,OI_pcb-ind_6c8b72f85fa6,-4.25825598287995
OI_pcb-ind_94fb078e90ec,pcb-ind,300,300,1.0,0,1,9241,1,0.015999425095999994,0.015999425095999994,1.0,0.0,0.0,0.0,0.0,0,0.0,0.874864935874939,0.0,control,OI_pcb-ind_94fb078e90ec,-4.135202488887908
OI_pcb-ind_a2df770a3fae,pcb-ind,300,300,1.0,0,1,7532,8,0.002508106590000002,0.002508106590000002,0.0,0.0,1.0,0.0,0.033333333333333326,0,0.0,0.8888311386108398,0.0,control,OI_pcb-ind_1cd5ce5b35f3,-5.9882271571145615
OI_pcb-ind_fed02ccc81e1,pcb-ind,300,300,1.0,0,1,3481,7,0.005333632227000002,0.005333632227000002,0.0,0.0,1.0,0.0,-0.0666666666666667,1,0.0099949240684509,0.7666597366333008,0.0,same metadata group,OI_pcb-ind_3c5c9f71e89b,-5.233722804418291
OI_pcb-defect_793d3c139aba,pcb-defect,300,300,1.0,1,1,91668,41,0.035304321111111016,0.035304321111111016,0.0,1.0,0.0,0.0,0.033333333333333326,1,0.0573455095291137,0.915865957736969,0.014358639717102,similar pair,OI_pcb-defect_037a6c5a88c0,-3.3437499114548785
OI_pcb-defect_6f1dcb3615a0,pcb-defect,300,300,1.0,1,1,95794,39,0.12332999999999993,0.12332999999999993,1.0,0.0,0.0,0.0,-0.0666666666666667,0,0.0,0.925163507461548,0.0,control,OI_pcb-defect_0362aeae2db7,-2.092891589404241
OI_dspcbsd-plus_5f9832c7e958,dspcbsd-plus,226,226,1.0,0,2,8439,2,0.03531857999999999,0.037470015,0.0,2.0,0.0,0.0,-0.016666666666666607,1,0.0442486405372619,0.9051241874694824,0.0,similar pair,OI_dspcbsd-plus_1ea2754aa5d4,-3.284214265856365
OI_dspcbsd-plus_5f8e748f24e4,dspcbsd-plus,226,226,1.0,0,2,8125,29,0.0031293599999999986,0.0032886600000000005,0.0,0.0,2.0,0.0,0.06666666666666661,1,0.0881012082099914,0.7925292253494263,0.1200332045555114,same component,OI_dspcbsd-plus_07a82f22937e,-5.717275092004752
OI_dspcbsd-plus_5eff0ea136b6,dspcbsd-plus,226,226,1.0,0,1,6654,1,0.0023470200000000004,0.0023470200000000004,0.0,0.0,1.0,0.0,0.0,0,0.0,0.7863339185714722,0.0,control,OI_dspcbsd-plus_5eff0ea136b6,-6.054608840632729
OI_dspcbsd-plus_5d7712fc9d90,dspcbsd-plus,226,226,1.0,0,1,4080,2,0.0031329000000000005,0.0031329000000000005,0.0,0.0,1.0,0.0,0.033333333333333326,1,0.1637916564941406,0.8087521195411682,0.193580150604248,similar pair,OI_dspcbsd-plus_5d7712fc9d90,-5.765796185810661
OI_dspcbsd-plus_5ce3e787014e,dspcbsd-plus,226,226,1.0,0,1,7830,1,0.03359459999999998,0.03359459999999998,0.0,0.0,0.0,1.0,-0.13333333333333333,0,0.0,0.858027994632721,0.0,control,OI_dspcbsd-plus_5ce3e787014e,-3.393389939214618
OI_dspcbsd-plus_5c3310761413,dspcbsd-plus,226,226,1.0,0,1,5918,2,0.005985919999999998,0.005985919999999998,0.0,0.0,0.0,1.0,-0.13333333333333333,1,0.0570124387741088,0.8766212463378906,0.0521258115768432,similar pair,OI_dspcbsd-plus_5c3310761413,-5.118345234158143
OI_dspcbsd-plus_5c2d117e29a2,dspcbsd-plus,226,226,1.0,0,1,7646,44,0.007832249999999999,0.007832249999999999,0.0,0.0,1.0,0.0,0.06666666666666665,1,0.0900545716285705,0.8548567891120911,0.045336902141571,similar pair,OI_dspcbsd-plus_0152dc94095e,-4.849505453936507
OI_dspcbsd-plus_5c0ec22eaa5d,dspcbsd-plus,226,226,1.0,0,1,12806,1,0.00465488,0.00465488,0.0,0.0,1.0,0.0,0.03333333333333336,0,0.0,0.8687207102775574,0.0,control,OI_dspcbsd-plus_5c0ec22eaa5d,-5.369839147317929
OI_dspcbsd-plus_57cb25cbc047,dspcbsd-plus,226,226,1.0,0,1,6713,44,0.00465488,0.00465488,0.0,0.0,1.0,0.0,-0.033333333333333326,1,0.0439579486846923,0.8822159171104431,0.0,similar pair,OI_dspcbsd-plus_0152dc94095e,-5.369839147317929
OI_dspcbsd-plus_57c18a7de779,dspcbsd-plus,226,226,1.0,0,3,8071,4,0.015896370000000003,0.04331131000000001,0.0,2.0,0.0,1.0,-0.24444444444444446,1,0.1249653697013855,0.7760697603225708,0.1365367174148559,same component,OI_dspcbsd-plus_57c18a7de779,-3.1393414771569272
OI_dspcbsd-plus_56b026c4c387,dspcbsd-plus,226,226,1.0,0,1,7157,3,0.0071101999999999945,0.0071101999999999945,0.0,0.0,0.0,1.0,0.20000000000000007,1,0.0357558727264404,0.916175365447998,0.0198012590408325,similar pair,OI_dspcbsd-plus_56b026c4c387,-4.946224906167394
OI_dspcbsd-plus_558eab0bed43,dspcbsd-plus,226,226,1.0,0,1,5416,1,0.013703340000000008,0.013703340000000008,0.0,1.0,0.0,0.0,-0.033333333333333326,0,0.0,0.8888387084007263,0.0,control,OI_dspcbsd-plus_558eab0bed43,-4.290115680240942
OI_dspcbsd-plus_52e2a4e2a44e,dspcbsd-plus,226,226,1.0,0,1,5276,29,0.0101775,0.0101775,0.0,0.0,1.0,0.0,-0.033333333333333326,1,0.0961363911628723,0.8099966049194336,0.0289341211318969,same component,OI_dspcbsd-plus_07a82f22937e,-4.58757587758714
OI_dspcbsd-plus_524e85ea6605,dspcbsd-plus,108,108,1.0,0,1,5056,1,0.04802235999999997,0.04802235999999997,1.0,0.0,0.0,0.0,0.10000000000000005,0,0.0,0.7805240154266357,0.0,control,OI_dspcbsd-plus_524e85ea6605,-3.036088543207577
OI_dspcbsd-plus_502763ed6098,dspcbsd-plus,226,226,1.0,0,1,2545,1,0.03703027999999999,0.03703027999999999,0.0,0.0,0.0,1.0,0.03333333333333336,0,0.0,0.6977030634880066,0.0,control,OI_dspcbsd-plus_502763ed6098,-3.2960193226485304
OI_dspcbsd-plus_4fb7b7cc1c9d,dspcbsd-plus,226,226,1.0,0,1,3988,1,0.013216699999999993,0.013216699999999993,0.0,0.0,0.0,1.0,0.0,0,0.032622754573822,0.6016587615013123,0.0,control,OI_dspcbsd-plus_4fb7b7cc1c9d,-4.3262740975044744
OI_dspcbsd-plus_4de906b98c8f,dspcbsd-plus,226,226,1.0,0,1,2081,5,0.003559250000000002,0.003559250000000002,0.0,0.0,0.0,1.0,0.033333333333333326,1,0.0259826779365539,0.9124363660812378,0.0303393602371215,similar pair,OI_dspcbsd-plus_4a302792b10b,-5.6382054304704186
OI_dspcbsd-plus_4dd4e81d080b,dspcbsd-plus,108,108,1.0,0,1,5360,1,0.15845359999999997,0.15845359999999997,1.0,0.0,0.0,0.0,-0.0333333333333334,0,0.0,0.8379998207092285,0.0,control,OI_dspcbsd-plus_4dd4e81d080b,-1.8422934730023268
OI_dspcbsd-plus_4dccacc42091,dspcbsd-plus,226,226,1.0,0,2,10183,1,0.002585970000000003,0.003955065000000001,0.0,1.0,1.0,0.0,-0.11666666666666665,0,0.0,0.7931423187255859,0.0,control,OI_dspcbsd-plus_4dccacc42091,-5.53275824300503
OI_dspcbsd-plus_4dcb879b4f26,dspcbsd-plus,226,226,1.0,0,1,16322,1,0.005012639999999999,0.005012639999999999,0.0,1.0,0.0,0.0,-0.09999999999999998,0,0.0,0.8329114317893982,0.0,control,OI_dspcbsd-plus_4dcb879b4f26,-5.295792556564926
OI_dspcbsd-plus_4d8634a1312d,dspcbsd-plus,226,226,1.0,0,1,9110,1,0.005635679999999998,0.005635679999999998,0.0,0.0,1.0,0.0,-0.0333333333333334,0,0.0,0.8579401969909668,0.0,control,OI_dspcbsd-plus_4d8634a1312d,-5.178637464414263
OI_dspcbsd-plus_6023c615642f,dspcbsd-plus,226,226,1.0,0,1,8725,1,0.0037594800000000017,0.0037594800000000017,0.0,0.0,0.0,1.0,-0.0666666666666667,0,0.0,0.8594951629638672,0.0,control,OI_dspcbsd-plus_6023c615642f,-5.583474629016706
OI_dspcbsd-plus_60fbebee134e,dspcbsd-plus,226,226,1.0,0,2,8126,44,0.01033326,0.01177498,0.0,0.0,2.0,0.0,0.016666666666666663,1,0.0737726092338562,0.8535985350608826,0.0224746465682983,similar pair,OI_dspcbsd-plus_0152dc94095e,-4.441778337594898
OI_dspcbsd-plus_6156805e6cd7,dspcbsd-plus,226,226,1.0,0,1,8758,44,0.004110160000000001,0.004110160000000001,0.0,0.0,1.0,0.0,-0.09999999999999998,1,0.0,0.8651803731918335,0.0,same component,OI_dspcbsd-plus_0152dc94095e,-5.494293321791336
OI_dspcbsd-plus_61874e1234d6,dspcbsd-plus,226,226,1.0,0,1,6840,1,0.011510310000000003,0.011510310000000003,1.0,0.0,0.0,0.0,0.033333333333333326,0,0.0,0.8716245293617249,0.0,control,OI_dspcbsd-plus_61874e1234d6,-4.464512123509384
OI_dspcbsd-plus_82eede3a2ff9,dspcbsd-plus,226,226,1.0,0,2,4953,1,0.029753699999999998,0.059929655000000005,0.0,1.0,0.0,1.0,-0.03333333333333335,0,-0.0013208389282226,0.7821091413497925,-0.0076584815979003,control,OI_dspcbsd-plus_82eede3a2ff9,-2.814583821244782
OI_dspcbsd-plus_803e67f684e5,dspcbsd-plus,226,226,1.0,0,1,2449,1,0.029695179999999998,0.029695179999999998,0.0,0.0,0.0,1.0,0.06666666666666665,0,0.0,0.7981874942779541,0.0,control,OI_dspcbsd-plus_803e67f684e5,-3.5167705359061485
OI_dspcbsd-plus_7f25fc788332,dspcbsd-plus,226,226,1.0,0,1,10070,2,0.0022885,0.0022885,0.0,1.0,0.0,0.0,0.0,1,0.0673295259475708,0.8594974875450134,0.0692765712738037,similar pair,OI_dspcbsd-plus_7f25fc788332,-6.079858697870577
OI_dspcbsd-plus_7d1fcfd9a1db,dspcbsd-plus,226,226,1.0,0,2,7065,1,0.0076289199999999965,0.01213158,0.0,1.0,1.0,0.0,0.08333333333333333,0,0.0,0.8826194405555725,0.0,control,OI_dspcbsd-plus_7d1fcfd9a1db,-4.411943308943982
OI_dspcbsd-plus_7cb53cab0c20,dspcbsd-plus,226,226,1.0,0,1,5454,2,0.004382520000000001,0.004382520000000001,0.0,1.0,0.0,0.0,0.0,1,0.0135847330093383,0.9130247831344604,0.0,similar pair,OI_dspcbsd-plus_2a66eea6036d,-5.43013137757405
OI_dspcbsd-plus_7c41fb1c296a,dspcbsd-plus,226,226,1.0,0,1,11364,1,0.0028196100000000028,0.0028196100000000028,0.0,0.0,1.0,0.0,0.06666666666666667,0,0.0,0.7453948259353638,0.0,control,OI_dspcbsd-plus_7c41fb1c296a,-5.871156701468487
OI_dspcbsd-plus_7be1cc20a1c2,dspcbsd-plus,226,226,1.0,0,1,6288,44,0.03524069999999999,0.03524069999999999,0.0,1.0,0.0,0.0,0.0666666666666667,1,0.0117638111114501,0.9100671410560608,0.0,similar pair,OI_dspcbsd-plus_0152dc94095e,-3.3455536143202944
OI_dspcbsd-plus_794731f2493f,dspcbsd-plus,226,226,1.0,0,1,3469,3,0.02185065000000001,0.02185065000000001,0.0,1.0,0.0,0.0,-0.0666666666666667,1,0.1465277075767517,0.7803649306297302,0.1339883804321289,similar pair,OI_dspcbsd-plus_400aa198068c,-3.823524609599256
OI_dspcbsd-plus_76788f0e6d07,dspcbsd-plus,226,226,1.0,0,1,3125,1,0.0021912600000000004,0.0021912600000000004,0.0,0.0,1.0,0.0,0.09999999999999998,0,0.0,0.8329365849494934,0.0,control,OI_dspcbsd-plus_76788f0e6d07,-6.123278558133995
OI_dspcbsd-plus_741c0a4c7658,dspcbsd-plus,226,226,1.0,0,2,5491,1,0.004993279999999994,0.00580289,0.0,0.0,1.0,1.0,0.0,0,0.0,0.8338982462882996,0.0,control,OI_dspcbsd-plus_741c0a4c7658,-5.14939920966589
OI_dspcbsd-plus_4cb795ae146b,dspcbsd-plus,226,226,1.0,0,2,4761,5,0.012531599999999993,0.022709099999999996,0.0,1.0,0.0,1.0,-0.16666666666666666,1,0.0560068488121032,0.8711975812911987,0.0210393667221069,similar pair,OI_dspcbsd-plus_3c4bf1daec46,-3.7849895537688543
OI_dspcbsd-plus_73b554a9f8d2,dspcbsd-plus,226,226,1.0,0,3,7064,2,0.005478150000000003,0.009196883333333331,3.0,0.0,0.0,0.0,0.011111111111111108,1,0.0,0.8881425261497498,0.0,same component,OI_dspcbsd-plus_1b40682709ce,-4.688890620437966
OI_dspcbsd-plus_713dba3eaea1,dspcbsd-plus,226,226,1.0,0,1,2660,1,0.005872860000000002,0.005872860000000002,0.0,0.0,1.0,0.0,0.0,0,0.0,0.8341414332389832,0.0,control,OI_dspcbsd-plus_713dba3eaea1,-5.137413540628146
OI_dspcbsd-plus_697e2c392959,dspcbsd-plus,226,226,1.0,0,1,6589,1,0.005012639999999999,0.005012639999999999,0.0,1.0,0.0,0.0,0.03333333333333336,0,0.0,0.8816002607345581,0.0,control,OI_dspcbsd-plus_697e2c392959,-5.295792556564926
OI_dspcbsd-plus_68e22ef8c7c4,dspcbsd-plus,226,226,1.0,0,2,3955,1,0.0030532500000000017,0.14206816500000002,0.0,0.0,0.0,2.0,3.700743415417188e-17,0,-0.0029132962226867,0.689283549785614,0.0,control,OI_dspcbsd-plus_68e22ef8c7c4,-1.9514483013496517
OI_dspcbsd-plus_685838aecc96,dspcbsd-plus,226,226,1.0,0,4,8033,1,0.000961,0.001609235,0.0,0.0,4.0,0.0,0.01666666666666668,0,0.0,0.8542137145996094,0.0,control,OI_dspcbsd-plus_685838aecc96,-6.43199636818731
OI_dspcbsd-plus_681a122c656b,dspcbsd-plus,226,226,1.0,0,1,3709,1,0.038763000000000006,0.038763000000000006,0.0,0.0,1.0,0.0,-0.3333333333333333,0,0.0,0.7786040902137756,0.011488139629364,control,OI_dspcbsd-plus_681a122c656b,-3.250289095573944
OI_dspcbsd-plus_66c759c1989f,dspcbsd-plus,226,226,1.0,0,1,8791,44,0.001938260000000001,0.001938260000000001,0.0,0.0,1.0,0.0,-0.033333333333333326,1,0.0,0.9065676927566528,0.0,same component,OI_dspcbsd-plus_0152dc94095e,-6.245964615585337
OI_dspcbsd-plus_6691fd125546,dspcbsd-plus,226,226,1.0,0,1,6349,44,0.0028002500000000024,0.0028002500000000024,0.0,1.0,0.0,0.0,-0.1333333333333334,1,0.0593385100364685,0.864618718624115,0.0,similar pair,OI_dspcbsd-plus_0152dc94095e,-5.878046580072424
OI_dspcbsd-plus_64b468de520d,dspcbsd-plus,226,226,1.0,0,1,5483,1,0.00986598,0.00986598,0.0,0.0,1.0,0.0,0.06666666666666665,0,0.0,0.8259177207946777,-0.0090634822845458,control,OI_dspcbsd-plus_64b468de520d,-4.618662803336643
OI_dspcbsd-plus_622cb53cefdf,dspcbsd-plus,226,226,1.0,0,1,8108,1,0.0030145299999999988,0.0030145299999999988,0.0,0.0,1.0,0.0,0.033333333333333326,0,0.0063501000404357,0.8585017919540405,0.0,control,OI_dspcbsd-plus_622cb53cefdf,-5.80431134818518
OI_dspcbsd-plus_618b14e9cca7,dspcbsd-plus,226,226,1.0,0,1,4688,29,0.0030145300000000027,0.0030145300000000027,0.0,0.0,1.0,0.0,-0.06666666666666665,1,0.0880302786827087,0.8286814093589783,0.0784652233123779,same component,OI_dspcbsd-plus_07a82f22937e,-5.804311348185179
OI_dspcbsd-plus_7256a8070201,dspcbsd-plus,226,226,1.0,0,1,3519,2,0.18521811000000002,0.18521811000000002,0.0,0.0,0.0,1.0,0.3,1,0.2569769620895386,0.6955389380455017,0.2669305801391601,similar pair,OI_dspcbsd-plus_7256a8070201,-1.6862211753737086
OI_dspcbsd-plus_86d6904064a2,dspcbsd-plus,226,226,1.0,0,1,8012,2,0.0030145299999999988,0.0030145299999999988,0.0,1.0,0.0,0.0,-0.20000000000000004,1,0.0344473719596862,0.9104673266410828,0.0257450342178344,similar pair,OI_dspcbsd-plus_09cc73bb3092,-5.80431134818518
OI_dspcbsd-plus_4c90c9d061aa,dspcbsd-plus,226,226,1.0,0,1,9478,4,0.005324159999999998,0.005324159999999998,0.0,0.0,1.0,0.0,0.13333333333333333,1,0.2359633445739746,0.716492235660553,0.2589443922042846,similar pair,OI_dspcbsd-plus_001368584365,-5.235500326308807
OI_dspcbsd-plus_4b319d537fc4,dspcbsd-plus,226,226,1.0,0,1,4188,29,0.004071000000000001,0.004071000000000001,0.0,0.0,0.0,1.0,0.09999999999999998,1,0.1237915158271789,0.8029500246047974,0.0785660743713378,similar pair,OI_dspcbsd-plus_07a82f22937e,-5.503866609461295
OI_dspcbsd-plus_21bd16b51aeb,dspcbsd-plus,226,226,1.0,0,1,5399,1,0.002662079999999999,0.002662079999999999,0.0,0.0,1.0,0.0,-0.033333333333333326,0,-0.0426989197731018,0.8375024199485779,-0.043039321899414,control,OI_dspcbsd-plus_21bd16b51aeb,-5.928647506868751
OI_dspcbsd-plus_20c27af56319,dspcbsd-plus,226,226,1.0,0,1,2437,1,0.03719478,0.03719478,0.0,0.0,0.0,1.0,-0.03333333333333336,0,0.0,0.7574531435966492,0.0,control,OI_dspcbsd-plus_20c27af56319,-3.291586850129816
OI_dspcbsd-plus_1c5b754413a8,dspcbsd-plus,226,226,1.0,0,1,8720,1,0.003286890000000003,0.003286890000000003,0.0,0.0,1.0,0.0,0.06666666666666665,0,0.0,0.8674984574317932,0.0,control,OI_dspcbsd-plus_1c5b754413a8,-5.7178134500258295
OI_dspcbsd-plus_1c0b4e9a83d5,dspcbsd-plus,226,226,1.0,0,1,5597,1,0.005876399999999996,0.005876399999999996,0.0,1.0,0.0,0.0,0.30000000000000004,0,0.0,0.6679299473762512,0.0,control,OI_dspcbsd-plus_1c0b4e9a83d5,-5.1368109494680025
OI_dspcbsd-plus_199e6468c157,dspcbsd-plus,226,226,1.0,0,1,4121,1,0.005750510000000002,0.005750510000000002,0.0,0.0,1.0,0.0,0.033333333333333326,0,0.0,0.828916609287262,0.0,control,OI_dspcbsd-plus_199e6468c157,-5.15846673245393
OI_dspcbsd-plus_1952a6dce4f4,dspcbsd-plus,226,226,1.0,0,1,4273,1,0.007832250000000004,0.007832250000000004,0.0,0.0,0.0,1.0,0.0,0,0.0,0.7383529543876648,-0.0056754350662231,control,OI_dspcbsd-plus_1952a6dce4f4,-4.849505453936506
OI_dspcbsd-plus_18b005344990,dspcbsd-plus,226,226,1.0,0,4,5252,1,0.011743950000000003,0.08314304,0.0,0.0,0.0,4.0,0.12499999999999999,0,-0.0187906026840209,0.6338484883308411,-0.0200667977333068,control,OI_dspcbsd-plus_18b005344990,-2.4871927809957164
OI_dspcbsd-plus_136b278bcb5c,dspcbsd-plus,226,226,1.0,0,1,5466,1,0.005012639999999999,0.005012639999999999,0.0,0.0,0.0,1.0,-0.06666666666666665,0,0.0,0.7990400791168213,0.0,control,OI_dspcbsd-plus_136b278bcb5c,-5.295792556564926
OI_dspcbsd-plus_134e55ae7147,dspcbsd-plus,226,226,1.0,0,1,12480,1,0.004324000000000001,0.004324000000000001,0.0,0.0,0.0,1.0,-0.06666666666666667,0,0.0,0.8465325236320496,0.0,control,OI_dspcbsd-plus_134e55ae7147,-5.443574379205175
OI_dspcbsd-plus_133bb32c41a8,dspcbsd-plus,226,226,1.0,0,1,4008,2,0.00688884,0.00688884,0.0,1.0,0.0,0.0,0.03333333333333336,1,0.1039326190948486,0.8278191089630127,0.1503843665122985,similar pair,OI_dspcbsd-plus_133bb32c41a8,-4.977852568072641
OI_dspcbsd-plus_12bba18b9467,dspcbsd-plus,226,226,1.0,0,1,8713,29,0.0023470200000000004,0.0023470200000000004,0.0,0.0,1.0,0.0,-0.03333333333333336,1,0.0726881027221679,0.812239408493042,0.1359715461730957,same component,OI_dspcbsd-plus_07a82f22937e,-6.054608840632729
OI_dspcbsd-plus_12abe0924d24,dspcbsd-plus,226,226,1.0,0,1,5038,44,0.0020355000000000004,0.0020355000000000004,0.0,1.0,0.0,0.0,0.033333333333333326,1,-0.0032450556755065,0.8697280883789062,0.0555935502052307,same component,OI_dspcbsd-plus_0152dc94095e,-6.1970137900212405
OI_dspcbsd-plus_105e16a9de12,dspcbsd-plus,226,226,1.0,0,1,2993,1,0.011908560000000007,0.011908560000000007,0.0,0.0,0.0,1.0,0.06666666666666665,0,0.0,0.7264073491096497,0.0,control,OI_dspcbsd-plus_105e16a9de12,-4.430497809725752
OI_dspcbsd-plus_0fa778951be0,dspcbsd-plus,226,226,1.0,0,3,2863,2,0.006573780000000006,0.016235620000000003,0.0,0.0,0.0,3.0,0.011111111111111072,1,0.0585570335388183,0.8745930194854736,0.0110077857971191,similar pair,OI_dspcbsd-plus_0fa778951be0,-4.1205476850588845
OI_dspcbsd-plus_0e42c0dc35e0,dspcbsd-plus,226,226,1.0,0,5,7983,2,0.002819609999999996,0.016682603999999997,0.0,2.0,2.0,1.0,-0.020000000000000056,1,0.0441377162933349,0.8746995329856873,0.0921518206596374,similar pair,OI_dspcbsd-plus_0e42c0dc35e0,-4.093388779128318
OI_dspcbsd-plus_0c999480c2c7,dspcbsd-plus,226,226,1.0,0,1,2010,1,0.010979199999999998,0.010979199999999998,0.0,0.0,0.0,1.0,0.0,0,0.0279098153114318,0.7126568555831909,0.0,control,OI_dspcbsd-plus_0c999480c2c7,-4.511752705300144
OI_dspcbsd-plus_0c683a2c5c05,dspcbsd-plus,226,226,1.0,0,1,3861,2,0.006655199999999996,0.006655199999999996,0.0,0.0,0.0,1.0,0.19999999999999996,1,0.0931547284126281,0.8467110395431519,0.0057936310768127,similar pair,OI_dspcbsd-plus_0c683a2c5c05,-5.012356774994597
OI_dspcbsd-plus_0940574db3dd,dspcbsd-plus,226,226,1.0,0,1,5534,29,0.005405580000000002,0.005405580000000002,0.0,0.0,0.0,1.0,0.06666666666666672,1,0.0856368541717529,0.8354331254959106,0.1122215390205383,similar pair,OI_dspcbsd-plus_07a82f22937e,-5.220323525599958
OI_dspcbsd-plus_0831476765fb,dspcbsd-plus,226,226,1.0,0,2,4735,2,0.0020355000000000004,0.0030532499999999995,0.0,0.0,2.0,0.0,-0.04999999999999997,1,0.0274127721786499,0.8946804404258728,0.0004937052726745,similar pair,OI_dspcbsd-plus_0831476765fb,-5.791548681913076
OI_dspcbsd-plus_041b6c881b69,dspcbsd-plus,226,226,1.0,0,1,3872,1,0.009301460000000001,0.009301460000000001,0.0,0.0,1.0,0.0,0.06666666666666665,0,0.0,0.7869383692741394,0.0,control,OI_dspcbsd-plus_041b6c881b69,-4.677583901897137
OI_dspcbsd-plus_0202145cbca3,dspcbsd-plus,226,226,1.0,0,1,11453,1,0.027316520000000007,0.027316520000000007,0.0,0.0,0.0,1.0,0.26666666666666666,0,-0.0042546391487121,0.8754913806915283,-0.0567948222160339,control,OI_dspcbsd-plus_0202145cbca3,-3.6002636316023384
OI_dspcbsd-plus_233e65adae65,dspcbsd-plus,226,226,1.0,0,1,3581,2,0.0028002499999999994,0.0028002499999999994,0.0,0.0,1.0,0.0,0.0,1,0.0538548827171325,0.8802590370178223,-4.971027374267578e-05,similar pair,OI_dspcbsd-plus_0e9fe58190c2,-5.878046580072425
OI_dspcbsd-plus_25a62020f985,dspcbsd-plus,226,226,1.0,0,1,5896,44,0.0025415,0.0025415,0.0,0.0,0.0,1.0,0.19999999999999998,1,0.0778713226318359,0.868851900100708,0.0649993419647216,similar pair,OI_dspcbsd-plus_0152dc94095e,-5.975000821077317
OI_dspcbsd-plus_26de261179ff,dspcbsd-plus,226,226,1.0,0,1,4266,1,0.008395000000000001,0.008395000000000001,0.0,0.0,1.0,0.0,-0.03333333333333336,0,0.0,0.7376119494438171,0.0,control,OI_dspcbsd-plus_26de261179ff,-4.7801189884526325
OI_dspcbsd-plus_26f8cde0048f,dspcbsd-plus,226,226,1.0,0,1,4943,2,0.01033326,0.01033326,0.0,0.0,0.0,1.0,-0.10000000000000002,1,0.0379999876022338,0.9028562307357788,0.0721093416213989,similar pair,OI_dspcbsd-plus_26f8cde0048f,-4.572387459964476
OI_dspcbsd-plus_4a310831d147,dspcbsd-plus,226,226,1.0,0,2,5583,44,0.003233680000000002,0.0033797600000000016,0.0,2.0,0.0,0.0,-0.03333333333333332,1,0.0719461441040039,0.8355966210365295,-0.0067631602287292,same component,OI_dspcbsd-plus_0152dc94095e,-5.6899505779254085
OI_dspcbsd-plus_474756b11f13,dspcbsd-plus,226,226,1.0,0,1,4205,2,0.006324320000000001,0.006324320000000001,0.0,0.0,1.0,0.0,-0.19999999999999998,1,0.0745145082473754,0.8458216786384583,0.1184969544410705,similar pair,OI_dspcbsd-plus_2b33ab99a98f,-5.063352760029577
OI_dspcbsd-plus_473562ea17a3,dspcbsd-plus,226,226,1.0,0,1,4758,5,0.004524230000000004,0.004524230000000004,0.0,0.0,0.0,1.0,1.850371707708594e-17,1,0.0118875503540039,0.9105284214019777,0.0,similar pair,OI_dspcbsd-plus_3c4bf1daec46,-5.398307882055937
OI_dspcbsd-plus_433b88c61737,dspcbsd-plus,226,226,1.0,0,3,4909,1,0.004993280000000003,0.013211979999999998,0.0,1.0,1.0,1.0,-0.09999999999999998,0,0.0,0.8283754587173462,0.0,control,OI_dspcbsd-plus_433b88c61737,-4.326631285230095
OI_dspcbsd-plus_42f2e2ccb3b1,dspcbsd-plus,226,226,1.0,0,1,6638,44,0.00774508,0.00774508,0.0,1.0,0.0,0.0,-0.033333333333333326,1,0.0308560729026794,0.8984115123748779,0.0095089077949523,similar pair,OI_dspcbsd-plus_0152dc94095e,-4.860697475921977
OI_dspcbsd-plus_41c26127bfbd,dspcbsd-plus,226,226,1.0,0,1,7454,1,0.0015840399999999995,0.0015840399999999995,0.0,0.0,1.0,0.0,-0.16666666666666666,0,0.0358684659004211,0.8207821249961853,0.0,control,OI_dspcbsd-plus_41c26127bfbd,-6.44777673338349
OI_dspcbsd-plus_41be72629072,dspcbsd-plus,226,226,1.0,0,1,2309,1,0.020062839999999995,0.020062839999999995,0.0,0.0,0.0,1.0,0.0,0,0.0,0.7977320551872253,0.0,control,OI_dspcbsd-plus_41be72629072,-3.9088859311950035
OI_dspcbsd-plus_41006b5135f0,dspcbsd-plus,226,226,1.0,0,3,5676,2,0.006265799999999997,0.014884483333333332,0.0,2.0,0.0,1.0,-0.07777777777777768,1,0.0117651224136352,0.9065979719161988,0.0,similar pair,OI_dspcbsd-plus_3f24951fcfb8,-4.207435995675551
OI_dspcbsd-plus_40408cca793c,dspcbsd-plus,226,226,1.0,0,1,4144,1,0.059140899999999975,0.059140899999999975,0.0,0.0,1.0,0.0,-0.09999999999999998,0,0.0,0.7378580570220947,0.0,control,OI_dspcbsd-plus_40408cca793c,-2.8278325465471212
OI_dspcbsd-plus_3eb7e261673f,dspcbsd-plus,226,226,1.0,0,1,4838,29,0.009713759999999998,0.009713759999999998,0.0,0.0,1.0,0.0,-0.03333333333333336,1,0.0719004273414611,0.8167069554328918,0.0070703029632568,same component,OI_dspcbsd-plus_07a82f22937e,-4.6342118419728155
OI_dspcbsd-plus_4bfa310b7d17,dspcbsd-plus,226,226,1.0,0,1,2075,5,0.0070446,0.0070446,0.0,0.0,0.0,1.0,0.0,1,0.0530827045440673,0.8664079308509827,0.0,similar pair,OI_dspcbsd-plus_4a302792b10b,-4.955493913100053
OI_dspcbsd-plus_3e9cf016f5e5,dspcbsd-plus,226,226,1.0,0,1,6917,2,0.019576199999999988,0.019576199999999988,0.0,1.0,0.0,0.0,-0.033333333333333326,1,0.0506123900413513,0.8675518035888672,0.0518607497215271,similar pair,OI_dspcbsd-plus_21cd143e3fb0,-3.9334407363022112
OI_dspcbsd-plus_390f3bc9b929,dspcbsd-plus,226,226,1.0,0,1,9376,44,0.007832250000000004,0.007832250000000004,0.0,1.0,0.0,0.0,0.20000000000000007,1,0.0472536087036132,0.8810294270515442,0.03867107629776,similar pair,OI_dspcbsd-plus_0152dc94095e,-4.849505453936506
OI_dspcbsd-plus_387eb11e88bb,dspcbsd-plus,226,226,1.0,0,1,7744,44,0.005985919999999998,0.005985919999999998,0.0,0.0,1.0,0.0,0.06666666666666665,1,0.0672823190689086,0.8918880820274353,0.0532094836235046,similar pair,OI_dspcbsd-plus_0152dc94095e,-5.118345234158143
OI_dspcbsd-plus_3783cb76ad9b,dspcbsd-plus,226,226,1.0,0,1,7178,1,0.001938260000000001,0.001938260000000001,0.0,0.0,1.0,0.0,0.06666666666666667,0,0.0,0.8409977555274963,0.0,control,OI_dspcbsd-plus_3783cb76ad9b,-6.245964615585337
OI_dspcbsd-plus_36a61eb52066,dspcbsd-plus,226,226,1.0,0,1,7318,44,0.0030532500000000026,0.0030532500000000026,0.0,1.0,0.0,0.0,0.0,1,0.08777517080307,0.8983630537986755,0.0046201944351196,similar pair,OI_dspcbsd-plus_0152dc94095e,-5.791548681913075
OI_dspcbsd-plus_3216484a63e0,dspcbsd-plus,226,226,1.0,0,1,6673,1,0.002817839999999999,0.002817839999999999,0.0,1.0,0.0,0.0,-0.06666666666666665,0,0.0,0.8202677965164185,0.0,control,OI_dspcbsd-plus_3216484a63e0,-5.871784644974208
OI_dspcbsd-plus_30727ef81f96,dspcbsd-plus,108,108,1.0,0,1,5286,1,0.039599279999999994,0.039599279999999994,1.0,0.0,0.0,0.0,0.0,0,0.0,0.7342800498008728,0.0020545125007629,control,OI_dspcbsd-plus_30727ef81f96,-3.2289443427051756
OI_dspcbsd-plus_2fe6398910f3,dspcbsd-plus,226,226,1.0,0,1,3644,1,0.010577520000000005,0.010577520000000005,0.0,0.0,1.0,0.0,0.13333333333333333,0,0.0,0.7953819036483765,0.0,control,OI_dspcbsd-plus_2fe6398910f3,-4.549024284565883
OI_dspcbsd-plus_2e4e018a47a0,dspcbsd-plus,226,226,1.0,0,1,5962,1,0.008221650000000004,0.008221650000000004,1.0,0.0,0.0,0.0,-0.033333333333333326,0,0.0,0.8023057579994202,0.0,control,OI_dspcbsd-plus_2e4e018a47a0,-4.800984360130597
OI_dspcbsd-plus_2cbcab4d1768,dspcbsd-plus,226,226,1.0,0,1,3278,1,0.004694039999999998,0.004694039999999998,0.0,0.0,1.0,0.0,0.06666666666666665,0,0.0,0.8190235495567322,0.0,control,OI_dspcbsd-plus_2cbcab4d1768,-5.361461660072783
OI_dspcbsd-plus_2b9c0bfc94e3,dspcbsd-plus,226,226,1.0,0,3,5674,1,0.004226760000000003,0.00851834666666667,0.0,2.0,1.0,0.0,-0.08888888888888885,0,0.0,0.810287594795227,0.0,control,OI_dspcbsd-plus_2b9c0bfc94e3,-4.76553301017981
OI_dspcbsd-plus_3c6f29099357,dspcbsd-plus,226,226,1.0,0,1,6531,2,0.001759159999999999,0.001759159999999999,0.0,0.0,0.0,1.0,0.06666666666666667,1,0.1020362973213195,0.8534063696861267,0.0654520988464355,similar pair,OI_dspcbsd-plus_3ba4fc7a7afa,-6.34291885659023
OI_pcb-defect_7339d2a40d51,pcb-defect,300,300,1.0,1,1,74561,41,0.040738888888888845,0.040738888888888845,0.0,1.0,0.0,0.0,0.0,1,0.0847371220588684,0.9152632355690002,0.0433767437934875,crop sibling,OI_pcb-defect_037a6c5a88c0,-3.200572141778549
OI_dspcbsd-plus_8775e1fc27ad,dspcbsd-plus,226,226,1.0,0,1,5912,1,0.003518319999999998,0.003518319999999998,0.0,0.0,1.0,0.0,0.033333333333333326,0,0.0,0.697242021560669,0.0,control,OI_dspcbsd-plus_8775e1fc27ad,-5.6497716760302845
OI_dspcbsd-plus_8a39cf260c6a,dspcbsd-plus,226,226,1.0,0,2,6955,1,0.005324159999999998,0.0054799199999999975,0.0,0.0,0.0,2.0,0.0,0,0.0,0.8055862784385681,0.0,control,OI_dspcbsd-plus_8a39cf260c6a,-5.206664776668919
OI_dspcbsd-plus_f9403e4af9a5,dspcbsd-plus,226,226,1.0,0,1,4741,29,0.003993120000000001,0.003993120000000001,0.0,0.0,1.0,0.0,0.0,1,0.0469449758529663,0.8752676248550415,0.0575896501541137,similar pair,OI_dspcbsd-plus_07a82f22937e,-5.523182398760587
OI_dspcbsd-plus_f7fa401df228,dspcbsd-plus,226,226,1.0,0,2,4985,3,0.018140839999999995,0.020164669999999996,0.0,2.0,0.0,0.0,0.016666666666666666,1,0.0916247367858886,0.8630250692367554,0.1493542194366455,similar pair,OI_dspcbsd-plus_6a79caf94abd,-3.9038232157795556
OI_dspcbsd-plus_f7e22be66f4d,dspcbsd-plus,226,226,1.0,0,1,10905,4,0.006022870000000002,0.006022870000000002,1.0,0.0,0.0,0.0,0.2333333333333333,1,0.1755645871162414,0.7491735816001892,0.1904335618019104,similar pair,OI_dspcbsd-plus_03ce98ccc768,-5.112191389081764
OI_dspcbsd-plus_f6d949db7661,dspcbsd-plus,226,226,1.0,0,1,3869,1,0.012690899999999993,0.012690899999999993,0.0,1.0,0.0,0.0,3.700743415417188e-17,0,0.0,0.6323565244674683,0.0,control,OI_dspcbsd-plus_f6d949db7661,-4.366870077784871
OI_dspcbsd-plus_f5187fcc140e,dspcbsd-plus,226,226,1.0,0,1,7108,2,0.013158179999999993,0.013158179999999993,1.0,0.0,0.0,0.0,0.09999999999999998,1,0.1192466020584106,0.8070775866508484,0.1531057357788086,similar pair,OI_dspcbsd-plus_e81eb183706e,-4.33071166052134
OI_dspcbsd-plus_f4d3095bbcbf,dspcbsd-plus,226,226,1.0,0,1,5181,44,0.009153999999999995,0.009153999999999995,0.0,1.0,0.0,0.0,-0.13333333333333333,1,-0.0526625514030456,0.9051637053489684,0.0124887824058532,same component,OI_dspcbsd-plus_0152dc94095e,-4.693564336750687
OI_dspcbsd-plus_f30edac9fa8b,dspcbsd-plus,226,226,1.0,0,2,3935,2,0.006462490000000004,0.007224365000000005,0.0,0.0,2.0,0.0,0.01666666666666668,1,0.0546710491180419,0.8657163977622986,0.0,similar pair,OI_dspcbsd-plus_a022f21892ab,-4.930295938119485
OI_dspcbsd-plus_ee30ea6a6339,dspcbsd-plus,226,226,1.0,0,1,4860,2,0.0023470200000000004,0.0023470200000000004,0.0,0.0,1.0,0.0,0.0,1,0.0963192582130432,0.8381239175796509,0.123267114162445,similar pair,OI_dspcbsd-plus_e52170558078,-6.054608840632729
OI_dspcbsd-plus_edde3f8b9b7e,dspcbsd-plus,226,226,1.0,0,1,2451,2,0.007072810000000005,0.007072810000000005,0.0,0.0,0.0,1.0,-0.06666666666666665,1,0.1158327460289001,0.8591055870056152,0.2177237272262573,similar pair,OI_dspcbsd-plus_edde3f8b9b7e,-4.951497424006469
OI_dspcbsd-plus_ed3013de37bc,dspcbsd-plus,226,226,1.0,0,1,7945,44,0.0021133800000000006,0.0021133800000000006,0.0,0.0,0.0,1.0,0.16666666666666663,1,-0.0229352116584777,0.8418392539024353,-0.0033101439476013,same component,OI_dspcbsd-plus_0152dc94095e,-6.159466717425989
OI_dspcbsd-plus_eb55fb0409e3,dspcbsd-plus,226,226,1.0,0,1,12072,3,0.004382520000000001,0.004382520000000001,0.0,0.0,1.0,0.0,0.09999999999999998,1,0.2812647223472595,0.6859629154205322,0.2961986660957336,similar pair,OI_dspcbsd-plus_2723a5ca19ab,-5.43013137757405
OI_dspcbsd-plus_e8f7cbc14a71,dspcbsd-plus,226,226,1.0,0,1,7391,2,0.014862800000000004,0.014862800000000004,0.0,1.0,0.0,0.0,0.033333333333333326,1,0.0508349537849426,0.8263674974441528,0.0056653618812561,same component,OI_dspcbsd-plus_dc00d4ec33cc,-4.208893832139515
OI_dspcbsd-plus_e7ac24419352,dspcbsd-plus,226,226,1.0,0,1,6960,44,0.005985919999999998,0.005985919999999998,0.0,0.0,1.0,0.0,-0.033333333333333326,1,0.0307055711746215,0.8785515427589417,0.0688242316246032,same component,OI_dspcbsd-plus_0152dc94095e,-5.118345234158143
OI_dspcbsd-plus_e75f1121caf0,dspcbsd-plus,226,226,1.0,0,1,6065,4,0.007377250000000003,0.007377250000000003,1.0,0.0,0.0,0.0,0.03333333333333335,1,0.1740135550498962,0.7752554416656494,0.2558231353759765,similar pair,OI_dspcbsd-plus_03ce98ccc768,-4.909354338539378
OI_dspcbsd-plus_e3ca4da893e8,dspcbsd-plus,226,226,1.0,0,1,4374,1,0.014641439999999999,0.014641439999999999,0.0,1.0,0.0,0.0,-0.033333333333333326,0,0.0,0.7700530290603638,0.0,control,OI_dspcbsd-plus_e3ca4da893e8,-4.223899414630326
OI_dspcbsd-plus_e2692329fa2c,dspcbsd-plus,108,108,1.0,0,5,5879,2,0.0015410499999999995,0.078662846,5.0,0.0,0.0,0.0,0.2133333333333333,1,0.083320677280426,0.8031472563743591,0.15530925989151,same component,OI_dspcbsd-plus_40f96a086555,-2.5425843316007004
OI_dspcbsd-plus_e1159a76cdef,dspcbsd-plus,226,226,1.0,0,1,3161,1,0.0028196100000000028,0.0028196100000000028,0.0,0.0,0.0,1.0,-0.033333333333333326,0,0.0,0.8562431931495667,0.0,control,OI_dspcbsd-plus_e1159a76cdef,-5.871156701468487
OI_dspcbsd-plus_dfb5eb53fcf7,dspcbsd-plus,226,226,1.0,0,1,4202,2,0.010965149999999998,0.010965149999999998,0.0,1.0,0.0,0.0,-0.06666666666666665,1,0.2167990207672119,0.7170045971870422,0.2495136260986328,similar pair,OI_dspcbsd-plus_deda38b4f276,-4.513033217315294
OI_dspcbsd-plus_df8fe470ee1d,dspcbsd-plus,226,226,1.0,0,1,4579,1,0.003559250000000002,0.003559250000000002,0.0,0.0,0.0,1.0,0.0,0,0.0,0.8852755427360535,0.0,control,OI_dspcbsd-plus_df8fe470ee1d,-5.6382054304704186
OI_dspcbsd-plus_de38b28bfccc,dspcbsd-plus,226,226,1.0,0,3,8284,44,0.0012531599999999997,0.006818593333333335,0.0,0.0,3.0,0.0,0.0,1,0.0203601717948913,0.8946056365966797,0.0334416627883911,same component,OI_dspcbsd-plus_0152dc94095e,-4.988102084509965
OI_dspcbsd-plus_d66fb9e98b43,dspcbsd-plus,226,226,1.0,0,1,9038,44,0.026778330000000003,0.026778330000000003,0.0,1.0,0.0,0.0,0.0,1,0.0461155176162719,0.8844138979911804,0.0161259770393371,similar pair,OI_dspcbsd-plus_0152dc94095e,-3.620162300633701
OI_dspcbsd-plus_fde221a2f6c4,dspcbsd-plus,226,226,1.0,0,1,5231,1,0.012055470000000002,0.012055470000000002,0.0,1.0,0.0,0.0,0.0666666666666667,0,-0.0104745626449584,0.7679174542427063,0.0,control,OI_dspcbsd-plus_fde221a2f6c4,-4.418236780137218
OI_dspcbsd-plus_fe4d5298873b,dspcbsd-plus,226,226,1.0,0,1,9553,4,0.0023470200000000004,0.0023470200000000004,0.0,0.0,1.0,0.0,0.09999999999999998,1,0.2434030771255493,0.7159262895584106,0.2514450550079345,similar pair,OI_dspcbsd-plus_001368584365,-6.054608840632729
OI_pcb-defect_0362aeae2db7,pcb-defect,300,300,1.0,1,1,107593,39,0.10111111111111111,0.10111111111111111,1.0,0.0,0.0,0.0,0.0,0,0.0,0.9205158352851868,0.0,control,OI_pcb-defect_0362aeae2db7,-2.2915352568074607
OI_pcb-defect_075ac19b0299,pcb-defect,494,494,1.0,1,1,254444,39,0.5907939812158862,0.5907939812158862,0.0,0.0,0.0,1.0,-0.033333333333333326,0,0.0,0.9133154153823853,0.0,control,OI_pcb-defect_0362aeae2db7,-0.5262879158922316
OI_pcb-defect_56ab66e6743f,pcb-defect,300,300,1.0,1,1,102996,39,0.030058902222222076,0.030058902222222076,0.0,0.0,1.0,0.0,0.09999999999999999,0,0.0,0.921443521976471,0.0,control,OI_pcb-defect_0362aeae2db7,-3.5045964148776543
OI_pcb-defect_55349e68e55c,pcb-defect,300,300,1.0,1,1,73853,39,0.09444444444444444,0.09444444444444444,0.0,1.0,0.0,0.0,-0.09999999999999999,0,0.0,0.9133154153823853,0.0,control,OI_pcb-defect_0362aeae2db7,-2.3597435068339943
OI_pcb-defect_4efa8044f387,pcb-defect,300,300,1.0,1,1,91051,39,0.015412066666666674,0.015412066666666674,0.0,0.0,1.0,0.0,-0.3333333333333333,0,0.0,0.9205158352851868,0.0,control,OI_pcb-defect_0362aeae2db7,-4.172604526593876
OI_pcb-defect_4b98cea2c1df,pcb-defect,300,300,1.0,1,1,92273,41,0.10555555555555556,0.10555555555555556,0.0,0.0,1.0,0.0,-0.03333333333333333,1,0.1062548756599426,0.8937453627586365,0.0550174713134765,crop sibling,OI_pcb-defect_037a6c5a88c0,-2.2485178717237697
OI_pcb-defect_4af03c9a751e,pcb-defect,300,300,1.0,1,1,83827,41,0.12148444444444441,0.12148444444444441,1.0,0.0,0.0,0.0,0.033333333333333326,1,0.0573455095291137,0.915865957736969,0.014358639717102,similar pair,OI_pcb-defect_037a6c5a88c0,-2.1079690536618116
OI_pcb-defect_46a9f53f0700,pcb-defect,300,300,1.0,1,1,94674,39,0.10126836000000013,0.10126836000000013,0.0,1.0,0.0,0.0,-0.0666666666666667,0,0.0,0.9100069999694824,0.0,control,OI_pcb-defect_0362aeae2db7,-2.2899812561010555
OI_pcb-defect_44825592ab3e,pcb-defect,300,300,1.0,1,1,101011,39,0.1508732100000002,0.1508732100000002,0.0,0.0,1.0,0.0,-0.06666666666666667,0,0.0,0.9242404699325562,0.0,control,OI_pcb-defect_0362aeae2db7,-1.8913154637607514
OI_pcb-defect_3f77134145ed,pcb-defect,300,300,1.0,1,1,85933,39,0.08888888888888889,0.08888888888888889,0.0,0.0,1.0,0.0,-0.16666666666666666,0,0.0,0.9133154153823853,0.0,control,OI_pcb-defect_0362aeae2db7,-2.4203681286504293
OI_pcb-defect_3f2c1d6626b3,pcb-defect,300,300,1.0,1,1,112007,41,0.07999067999999981,0.07999067999999981,1.0,0.0,0.0,0.0,0.0,1,0.0867043733596801,0.9132957458496094,0.1025563478469848,crop sibling,OI_pcb-defect_037a6c5a88c0,-2.52584515109491
OI_pcb-defect_36db30c1bbeb,pcb-defect,300,300,1.0,1,1,79338,41,0.07392052888888913,0.07392052888888913,1.0,0.0,0.0,0.0,-0.033333333333333326,1,0.1062548756599426,0.8937453627586365,0.0550174713134765,crop sibling,OI_pcb-defect_037a6c5a88c0,-2.604764696792146
OI_dspcbsd-plus_d3cf44381c59,dspcbsd-plus,226,226,1.0,0,2,6596,1,0.004932990000000003,0.009787215000000002,0.0,1.0,0.0,1.0,-0.09999999999999998,0,0.0,0.8640490770339966,0.0,control,OI_dspcbsd-plus_d3cf44381c59,-4.6266783368631215
OI_pcb-defect_2fb2336b03c7,pcb-defect,300,300,1.0,1,1,101758,41,0.1414227577777777,0.1414227577777777,0.0,0.0,1.0,0.0,0.03333333333333335,1,0.1062548756599426,0.8937453627586365,0.0550174713134765,crop sibling,OI_pcb-defect_037a6c5a88c0,-1.9560015923754888
OI_pcb-defect_2e6d3e686e03,pcb-defect,300,300,1.0,1,1,74525,39,0.05963222222222219,0.05963222222222219,0.0,0.0,1.0,0.0,-0.03333333333333336,0,0.0,0.9100069999694824,0.0,control,OI_pcb-defect_0362aeae2db7,-2.8195592096922404
OI_pcb-defect_2d7dfd4da9ba,pcb-defect,300,300,1.0,1,1,57359,39,0.02659009777777783,0.02659009777777783,0.0,1.0,0.0,0.0,0.0,0,0.0,0.921443521976471,0.0,control,OI_pcb-defect_0362aeae2db7,-3.6272163964952395
OI_pcb-defect_29e7eaf5b889,pcb-defect,300,300,1.0,1,1,75704,39,0.30749452666666643,0.30749452666666643,0.0,0.0,0.0,1.0,-0.06666666666666665,0,0.0,0.920863926410675,0.0,control,OI_pcb-defect_0362aeae2db7,-1.179297991351972
OI_pcb-defect_1e97e020edd9,pcb-defect,300,300,1.0,1,1,127944,39,0.17358012333333334,0.17358012333333334,1.0,0.0,0.0,0.0,-0.10000000000000005,0,0.0,0.9242404699325562,0.0,control,OI_pcb-defect_0362aeae2db7,-1.7511159802389642
OI_pcb-defect_1e295719c544,pcb-defect,300,300,1.0,1,1,61935,39,0.020963853333333348,0.020963853333333348,0.0,1.0,0.0,0.0,0.06666666666666668,0,0.0,0.920863926410675,0.0,control,OI_pcb-defect_0362aeae2db7,-3.864955594187023
OI_pcb-defect_1a75dbbd5fd3,pcb-defect,300,300,1.0,1,1,98258,39,0.06320790111111117,0.06320790111111117,0.0,0.0,1.0,0.0,0.19999999999999998,0,0.0,0.9242404699325562,0.0,control,OI_pcb-defect_0362aeae2db7,-2.761325968062499
OI_pcb-defect_157fb4b54395,pcb-defect,300,300,1.0,1,1,92521,39,0.07061678999999998,0.07061678999999998,0.0,0.0,1.0,0.0,-0.033333333333333326,0,0.0,0.9194797873497008,0.0,control,OI_pcb-defect_0362aeae2db7,-2.6504873440604406
OI_pcb-defect_10df1c72bffd,pcb-defect,300,300,1.0,1,1,108465,39,0.12172901222222224,0.12172901222222224,0.0,0.0,1.0,0.0,-0.10000000000000002,0,0.0,0.9242404699325562,0.0,control,OI_pcb-defect_0362aeae2db7,-2.1059579160910307
OI_pcb-defect_0ab8220b2561,pcb-defect,300,300,1.0,1,1,119679,41,0.04767217777777781,0.04767217777777781,1.0,0.0,0.0,0.0,0.16666666666666663,1,0.0852999091148376,0.9147000908851624,0.0515670776367187,crop sibling,OI_pcb-defect_037a6c5a88c0,-3.043407326357934
OI_pcb-defect_08d6daf092dc,pcb-defect,300,300,1.0,1,2,69353,39,0.027956613333333158,0.06316819277777759,1.0,0.0,1.0,0.0,-0.06666666666666665,0,0.0,0.920863926410675,0.0,control,OI_pcb-defect_0362aeae2db7,-2.761954383349258
OI_pcb-defect_2eb168684bdd,pcb-defect,542,542,1.0,1,1,241011,39,0.09325769937773186,0.09325769937773186,0.0,0.0,0.0,1.0,-0.03333333333333336,0,0.0,0.920863926410675,0.0,control,OI_pcb-defect_0362aeae2db7,-2.372388656813259
OI_dspcbsd-plus_88a7ac995bde,dspcbsd-plus,226,226,1.0,0,1,8388,29,0.0028002500000000024,0.0028002500000000024,0.0,0.0,1.0,0.0,-0.06666666666666665,1,0.0740777850151062,0.8250181674957275,0.0609639883041381,same component,OI_dspcbsd-plus_07a82f22937e,-5.878046580072424
OI_dspcbsd-plus_d3ba21aba78b,dspcbsd-plus,226,226,1.0,0,1,4990,1,0.01702541000000001,0.01702541000000001,0.0,1.0,0.0,0.0,0.0,0,0.0,0.7666901350021362,0.0,control,OI_dspcbsd-plus_d3ba21aba78b,-4.073048345004521
OI_dspcbsd-plus_cbf51e227660,dspcbsd-plus,226,226,1.0,0,1,3791,1,0.0033062500000000023,0.0033062500000000023,0.0,0.0,1.0,0.0,0.10000000000000002,0,0.0,0.7202457189559937,0.0,control,OI_dspcbsd-plus_cbf51e227660,-5.711940662357664
OI_dspcbsd-plus_ad289f319e8a,dspcbsd-plus,226,226,1.0,0,1,6980,1,0.0033062500000000023,0.0033062500000000023,0.0,0.0,0.0,1.0,0.033333333333333326,0,0.0,0.8332319855690002,0.0,control,OI_dspcbsd-plus_ad289f319e8a,-5.711940662357664
OI_dspcbsd-plus_aab8b8266436,dspcbsd-plus,226,226,1.0,0,2,4437,2,0.002350559999999997,0.010219095000000001,0.0,1.0,1.0,0.0,0.016666666666666646,1,0.0733001232147216,0.8601952791213989,0.1190348267555236,similar pair,OI_dspcbsd-plus_aab8b8266436,-4.5834972499866256
OI_dspcbsd-plus_a84af65f3f5d,dspcbsd-plus,226,226,1.0,0,6,6092,1,0.0012531600000000023,0.001863533333333334,0.0,1.0,5.0,0.0,-0.005555555555555554,0,0.0,0.8592565655708313,0.0,control,OI_dspcbsd-plus_a84af65f3f5d,-6.285280951717238
OI_dspcbsd-plus_a6f493e08d9c,dspcbsd-plus,226,226,1.0,0,1,6065,29,0.0038180000000000015,0.0038180000000000015,0.0,0.0,1.0,0.0,-0.06666666666666665,1,0.0277773737907409,0.871925413608551,0.0242040157318115,same component,OI_dspcbsd-plus_07a82f22937e,-5.568028553678581
OI_dspcbsd-plus_a2f9dc8bf3c4,dspcbsd-plus,226,226,1.0,0,1,6880,2,0.00273598,0.00273598,0.0,0.0,1.0,0.0,0.0,1,0.0241379737854003,0.9025077223777772,0.0058664679527282,similar pair,OI_dspcbsd-plus_a2f9dc8bf3c4,-5.901265589190071
OI_dspcbsd-plus_a29d78fbd295,dspcbsd-plus,226,226,1.0,0,2,7847,2,0.0015840399999999995,0.00282752,0.0,0.0,2.0,0.0,0.03333333333333335,1,0.0203266739845275,0.9105045199394226,0.0,similar pair,OI_dspcbsd-plus_3c5d112f7fd5,-5.868355276612631
OI_dspcbsd-plus_a297cf6b3527,dspcbsd-plus,226,226,1.0,0,1,3055,1,0.0033238399999999985,0.0033238399999999985,0.0,0.0,1.0,0.0,0.09999999999999999,0,-0.0041967630386352,0.7847810387611389,-0.0103157758712768,control,OI_dspcbsd-plus_a297cf6b3527,-5.7066345379248276
OI_dspcbsd-plus_a1c516500ff7,dspcbsd-plus,226,226,1.0,0,5,4587,2,0.00470112,0.007736316000000002,0.0,5.0,0.0,0.0,0.09333333333333334,1,0.1660934090614318,0.7368746995925903,0.1342688202857971,same component,OI_dspcbsd-plus_9ba529913caf,-4.861829673681946
OI_dspcbsd-plus_a091aa3a105f,dspcbsd-plus,226,226,1.0,0,1,5095,1,0.0030532500000000026,0.0030532500000000026,0.0,1.0,0.0,0.0,0.06666666666666665,0,0.0177681446075439,0.843192994594574,0.0,control,OI_dspcbsd-plus_a091aa3a105f,-5.791548681913075
OI_dspcbsd-plus_9f8272043024,dspcbsd-plus,226,226,1.0,0,1,10045,1,0.007941770000000003,0.007941770000000003,0.0,0.0,1.0,0.0,-0.09999999999999999,0,0.0,0.7019481658935547,0.0,control,OI_dspcbsd-plus_9f8272043024,-4.835619106652133
OI_dspcbsd-plus_9ede34aace44,dspcbsd-plus,226,226,1.0,0,3,4503,1,0.0009768199999999993,0.00408685666666667,0.0,0.0,3.0,0.0,0.011111111111111108,0,0.0,0.7179049253463745,0.0,control,OI_dspcbsd-plus_9ede34aace44,-5.499979145563877
OI_dspcbsd-plus_9b1d4a40fe5b,dspcbsd-plus,226,226,1.0,0,1,7465,1,0.0021133800000000006,0.0021133800000000006,0.0,0.0,0.0,1.0,-0.23333333333333336,0,0.0,0.8236297369003296,0.0,control,OI_dspcbsd-plus_9b1d4a40fe5b,-6.159466717425989
OI_dspcbsd-plus_9ad7cdfaa6d7,dspcbsd-plus,108,108,1.0,0,1,6399,1,0.21423713999999996,0.21423713999999996,1.0,0.0,0.0,0.0,0.0,0,0.0221869349479675,0.7182966470718384,0.0,control,OI_dspcbsd-plus_9ad7cdfaa6d7,-1.5406717466429436
OI_dspcbsd-plus_98ba7fb73bd6,dspcbsd-plus,226,226,1.0,0,2,4339,1,0.003286890000000003,0.021454170000000015,0.0,1.0,0.0,1.0,0.016666666666666663,0,0.0331255793571472,0.8177253007888794,0.0,control,OI_dspcbsd-plus_98ba7fb73bd6,-3.8418362469080236
OI_dspcbsd-plus_98767ef1bcb0,dspcbsd-plus,226,226,1.0,0,2,10373,2,0.005635679999999998,0.005635679999999999,0.0,0.0,0.0,2.0,0.0,1,0.1768130660057068,0.7642571926116943,0.2194728851318359,similar pair,OI_dspcbsd-plus_98767ef1bcb0,-5.178637464414263
OI_dspcbsd-plus_96dde8a944d1,dspcbsd-plus,226,226,1.0,0,3,5302,2,0.002371690000000003,0.004345276666666666,0.0,0.0,0.0,3.0,-0.055555555555555546,1,0.1418291926383972,0.7952051162719727,0.2059640884399414,similar pair,OI_dspcbsd-plus_22641973d7e7,-5.438665847570029
OI_dspcbsd-plus_9364cf026c72,dspcbsd-plus,226,226,1.0,0,1,6574,1,0.0022885,0.0022885,0.0,0.0,1.0,0.0,0.033333333333333326,0,0.0,0.8962187170982361,0.0,control,OI_dspcbsd-plus_9364cf026c72,-6.079858697870577
OI_dspcbsd-plus_8fbfaabaaf62,dspcbsd-plus,226,226,1.0,0,1,8132,29,0.0015840399999999995,0.0015840399999999995,0.0,0.0,1.0,0.0,0.0,1,0.1053449511528015,0.8189446926116943,0.1099626421928405,similar pair,OI_dspcbsd-plus_07a82f22937e,-6.44777673338349
OI_dspcbsd-plus_8ecd8f208c68,dspcbsd-plus,226,226,1.0,0,1,8442,44,0.0025415,0.0025415,0.0,0.0,0.0,1.0,0.0,1,0.042773425579071,0.8895739316940308,0.0,similar pair,OI_dspcbsd-plus_0152dc94095e,-5.975000821077317
OI_dspcbsd-plus_8ec63981d503,dspcbsd-plus,226,226,1.0,0,3,4315,2,0.004110160000000001,0.00759448,0.0,3.0,0.0,0.0,0.19999999999999998,1,0.1091288328170776,0.853830099105835,0.0928378105163574,similar pair,OI_dspcbsd-plus_8ec63981d503,-4.880333611374427
OI_dspcbsd-plus_8e37652fb174,dspcbsd-plus,226,226,1.0,0,2,12062,4,0.007316959999999999,0.010237569999999996,1.0,1.0,0.0,0.0,0.11666666666666668,1,0.0952827334403991,0.8275429606437683,0.0793802738189697,similar pair,OI_dspcbsd-plus_57c18a7de779,-4.581690992219488
OI_dspcbsd-plus_ad9f0c3d9ae9,dspcbsd-plus,226,226,1.0,0,1,8813,1,0.002934879999999999,0.002934879999999999,0.0,0.0,1.0,0.0,0.033333333333333326,0,0.0,0.8670336604118347,0.0,control,OI_dspcbsd-plus_ad9f0c3d9ae9,-5.831088712398234
OI_dspcbsd-plus_aecaafe6ea19,dspcbsd-plus,226,226,1.0,0,1,7150,29,0.0022885,0.0022885,0.0,0.0,1.0,0.0,-0.03333333333333336,1,0.009088397026062,0.8612492680549622,0.0151492357254028,same component,OI_dspcbsd-plus_07a82f22937e,-6.079858697870577
OI_dspcbsd-plus_b06e069417e8,dspcbsd-plus,226,226,1.0,0,1,6431,1,0.0033062500000000023,0.0033062500000000023,0.0,1.0,0.0,0.0,-0.06666666666666665,0,0.002457857131958,0.8637548685073853,0.0,control,OI_dspcbsd-plus_b06e069417e8,-5.711940662357664
OI_dspcbsd-plus_b6583c6d1c5f,dspcbsd-plus,226,226,1.0,0,2,4481,1,0.00470112,0.007980099999999999,0.0,2.0,0.0,0.0,0.016666666666666646,0,0.0721338987350463,0.7588320374488831,0.0,control,OI_dspcbsd-plus_b6583c6d1c5f,-4.8308043362706155
OI_dspcbsd-plus_cb1d7e5227ff,dspcbsd-plus,226,226,1.0,0,2,2730,1,0.0030532499999999956,0.016452095,0.0,0.0,0.0,2.0,-0.15000000000000002,0,0.0662032961845398,0.7848917245864868,0.0908198356628418,control,OI_dspcbsd-plus_cb1d7e5227ff,-4.107302454256695
OI_dspcbsd-plus_caa5479bbb7c,dspcbsd-plus,226,226,1.0,0,1,5157,1,0.01760929,0.01760929,0.0,1.0,0.0,0.0,0.09999999999999998,0,0.0,0.8593898415565491,0.0,control,OI_dspcbsd-plus_caa5479bbb7c,-4.03932867528795
OI_dspcbsd-plus_c5eeb9ce0f1b,dspcbsd-plus,226,226,1.0,0,1,5805,1,0.007832249999999992,0.007832249999999992,0.0,0.0,1.0,0.0,-0.06666666666666665,0,0.0,0.8032289743423462,0.0,control,OI_dspcbsd-plus_c5eeb9ce0f1b,-4.849505453936508
OI_dspcbsd-plus_c5c737f691f6,dspcbsd-plus,226,226,1.0,0,1,4250,29,0.004577,0.004577,0.0,0.0,1.0,0.0,-0.03333333333333336,1,0.0499923825263977,0.8415112495422363,0.0568717718124389,same component,OI_dspcbsd-plus_07a82f22937e,-5.386711517310632
OI_dspcbsd-plus_c492a3f0fc4f,dspcbsd-plus,226,226,1.0,0,1,6419,1,0.0037594800000000017,0.0037594800000000017,0.0,0.0,1.0,0.0,0.033333333333333326,0,0.0,0.8027963042259216,0.0,control,OI_dspcbsd-plus_c492a3f0fc4f,-5.583474629016706
OI_dspcbsd-plus_c384a24c308d,dspcbsd-plus,226,226,1.0,0,1,4506,44,0.0030532500000000026,0.0030532500000000026,0.0,0.0,1.0,0.0,0.0,1,0.0181513428688049,0.876676619052887,0.0006464123725891,same component,OI_dspcbsd-plus_0152dc94095e,-5.791548681913075
OI_dspcbsd-plus_c383a96ca16b,dspcbsd-plus,226,226,1.0,0,1,11568,1,0.0066816400000000034,0.0066816400000000034,0.0,1.0,0.0,0.0,0.0,0,0.0,0.8417103290557861,0.0,control,OI_dspcbsd-plus_c383a96ca16b,-5.008391812583945
OI_dspcbsd-plus_c23649ab455b,dspcbsd-plus,226,226,1.0,0,1,4299,1,0.019036349999999997,0.019036349999999997,0.0,1.0,0.0,0.0,-0.03333333333333336,0,0.0,0.8309155702590942,0.0,control,OI_dspcbsd-plus_c23649ab455b,-3.961404969676706
OI_dspcbsd-plus_c159fd3141bc,dspcbsd-plus,226,226,1.0,0,1,10143,1,0.0030532500000000026,0.0030532500000000026,0.0,0.0,1.0,0.0,-0.09999999999999998,0,0.0,0.8633666634559631,0.0,control,OI_dspcbsd-plus_c159fd3141bc,-5.791548681913075
OI_dspcbsd-plus_c119e2995e0e,dspcbsd-plus,226,226,1.0,0,1,3989,1,0.002992959999999999,0.002992959999999999,0.0,0.0,1.0,0.0,0.033333333333333326,0,0.0,0.8822284936904907,0.0,control,OI_dspcbsd-plus_c119e2995e0e,-5.811492414718089
OI_dspcbsd-plus_d0a339272a80,dspcbsd-plus,226,226,1.0,0,2,4599,1,0.0014089199999999995,0.00289572,0.0,0.0,0.0,2.0,0.03333333333333335,0,0.0,0.8446221351623535,0.0,control,OI_dspcbsd-plus_d0a339272a80,-5.844521494215844
OI_dspcbsd-plus_c0bc68b43caa,dspcbsd-plus,226,226,1.0,0,1,4753,1,0.00465488,0.00465488,0.0,0.0,1.0,0.0,0.0,0,0.0,0.8899890780448914,0.0,control,OI_dspcbsd-plus_c0bc68b43caa,-5.369839147317929
OI_dspcbsd-plus_bfbe7941bc0b,dspcbsd-plus,226,226,1.0,0,1,4828,1,0.0030532500000000026,0.0030532500000000026,0.0,1.0,0.0,0.0,-0.19999999999999996,0,0.0,0.7652066946029663,0.0,control,OI_dspcbsd-plus_bfbe7941bc0b,-5.791548681913075
OI_dspcbsd-plus_bfa2bb933a68,dspcbsd-plus,226,226,1.0,0,2,6197,2,0.002932670000000003,0.004371735000000001,0.0,0.0,2.0,0.0,0.016666666666666646,1,0.0560633540153503,0.8667094707489014,0.0,similar pair,OI_dspcbsd-plus_3c005d0965b8,-5.432595323496652
OI_dspcbsd-plus_bdef5e1dd133,dspcbsd-plus,226,226,1.0,0,2,10730,1,0.0038179999999999963,0.003944499999999998,0.0,0.0,0.0,2.0,-0.0666666666666667,0,0.0,0.704015851020813,0.0,control,OI_dspcbsd-plus_bdef5e1dd133,-5.53543307542913
OI_dspcbsd-plus_bd77cb67b9cc,dspcbsd-plus,226,226,1.0,0,1,7054,2,0.05294600999999999,0.05294600999999999,0.0,0.0,0.0,1.0,-0.1333333333333333,1,0.1871245503425598,0.7840284109115601,0.1874512434005737,similar pair,OI_dspcbsd-plus_6cb498e1cc95,-2.938482563881634
OI_dspcbsd-plus_bcedffdf5c91,dspcbsd-plus,226,226,1.0,0,1,2442,2,0.007812890000000003,0.007812890000000003,0.0,0.0,0.0,1.0,-0.0666666666666667,1,0.0386372804641723,0.8525517582893372,0.059596300125122,same component,OI_dspcbsd-plus_3edebf881e8d,-4.851980345165579
OI_dspcbsd-plus_bcdc17d39f24,dspcbsd-plus,226,226,1.0,0,2,5858,1,0.0055947500000000025,0.008348150000000004,2.0,0.0,0.0,0.0,0.016666666666666663,0,0.0,0.8290066123008728,0.0,control,OI_dspcbsd-plus_bcdc17d39f24,-4.785715321552953
OI_dspcbsd-plus_bb31b6410d9f,dspcbsd-plus,226,226,1.0,0,1,4789,1,0.012466000000000005,0.012466000000000005,0.0,0.0,1.0,0.0,-0.03333333333333336,0,0.0650792717933654,0.763774573802948,0.0,control,OI_dspcbsd-plus_bb31b6410d9f,-4.3847503405954775
OI_dspcbsd-plus_bb30017df2ca,dspcbsd-plus,226,226,1.0,0,2,8685,1,0.0021133800000000006,0.0021133800000000006,0.0,0.0,2.0,0.0,0.033333333333333326,0,0.0,0.8754398822784424,-0.0226166248321533,control,OI_dspcbsd-plus_bb30017df2ca,-6.159466717425989
OI_dspcbsd-plus_baa2a2c91a3d,dspcbsd-plus,226,226,1.0,0,2,6143,2,0.004654879999999996,0.005849739999999996,0.0,0.0,1.0,1.0,0.13333333333333333,1,0.1946414709091186,0.7688395380973816,0.1662327647209167,similar pair,OI_dspcbsd-plus_1311a2cec296,-5.1413580631705
OI_dspcbsd-plus_b85b5e071b18,dspcbsd-plus,226,226,1.0,0,1,4965,29,0.01146064,0.01146064,0.0,0.0,1.0,0.0,-0.06666666666666665,1,0.0725893378257751,0.797662615776062,0.067853569984436,same component,OI_dspcbsd-plus_07a82f22937e,-4.468836722832559
OI_dspcbsd-plus_c038d894bbe6,dspcbsd-plus,226,226,1.0,0,1,4291,44,0.003559250000000002,0.003559250000000002,0.0,1.0,0.0,0.0,0.09999999999999998,1,-0.0271382927894592,0.864664614200592,0.0547559857368469,same component,OI_dspcbsd-plus_0152dc94095e,-5.6382054304704186
OI_pcb-ind_ffdc100fbc99,pcb-ind,300,300,1.0,0,1,6596,1,0.10377778647800004,0.10377778647800004,0.0,0.0,0.0,1.0,-0.13333333333333333,0,0.0,0.7898930311203003,0.0,control,OI_pcb-ind_ffdc100fbc99,-2.265503334254399
