group,n_probes,n_boxes,per_seed,mean,mean_per_image_recall_gain,mean_delta_small
A/B (same-instance-like),4,5,"[5.8, -17.81, 12.39]",0.13,0.212,0.103
C (same design),9,10,"[6.94, 2.42, 1.96]",3.78,0.03,0.096
D (structural),28,32,"[1.84, 4.89, -0.67]",2.02,0.021,0.057
E/F (not related),16,16,"[0.44, 9.89, -11.09]",-0.25,-0.021,0.011
A/B/C,13,15,"[7.13, -2.57, 5.71]",3.42,0.086,0.098
G,3,4,"[4.68, 4.94, 0.43]",3.35,0.017,0.032
link: same metadata group,20,22,"[6.21, 9.78, 2.05]",6.01,0.052,0.018
link: similar pair,16,18,"[6.89, 0.44, 0.19]",2.5,0.016,0.085
link: same component,12,15,"[9.51, 7.97, -6.5]",3.66,-0.003,0.03
link: crop sibling,12,12,"[-4.23, 6.17, -0.99]",0.32,0.014,0.088
same-board-ID: A/B,2,2,"[14.54, -7.78, 27.52]",11.43,0.45,0.096
same-board-ID: E/F/G,16,17,"[2.41, 13.34, -11.62]",1.38,-0.016,0.01
