run,package,n_test_files,ultralytics_val_reeval,own_AP_on_saved_detections,reported_final_metrics,test_digest,abs_diff_reeval_vs_reported,abs_diff_own_vs_reeval
C0-d0-s0,C0-d0,407,52.34563926925807,52.34563926925807,52.345600000000005,7cb881d8b656abfa,3.926925806752024e-05,0.0
C0-d0-s1,C0-d0,407,53.14159199774471,53.14159199774471,53.1416,7cb881d8b656abfa,8.002255285077808e-06,0.0
C0-d0-s2,C0-d0,407,53.076593632622945,53.076593632622945,53.0766,7cb881d8b656abfa,6.3673770540617625e-06,0.0
C1-d0-s0,C1-d0,407,50.592333102015296,50.592333102015296,50.5923,7cb881d8b656abfa,3.31020152941619e-05,0.0
C1-d0-s1,C1-d0,407,50.786368014180226,50.786368014180226,50.7864,7cb881d8b656abfa,3.1985819774149604e-05,0.0
C1-d0-s2,C1-d0,407,51.91709258324757,51.91709258324757,51.917100000000005,7cb881d8b656abfa,7.416752431765872e-06,0.0
C0-d1-s0,C0-d1,408,54.475025799777214,54.475025799777214,54.474999999999994,dbd74ead63a20d52,2.5799777219503994e-05,0.0
C1-d1-s0,C1-d1,408,50.77300177007646,50.77300177007646,50.773,dbd74ead63a20d52,1.7700764587402773e-06,0.0
C0-d2-s0,C0-d2,409,53.03891542271499,53.03891542271499,53.0389,2d0d2128c875b33f,1.542271499488379e-05,0.0
C1-d2-s0,C1-d2,409,50.352909515729905,50.352909515729905,50.3529,2d0d2128c875b33f,9.515729907150217e-06,0.0
noise/C1-d0-s0__r1,C1-d0,407,51.22179553732814,51.22179553732814,,7cb881d8b656abfa,,0.0
noise/C0-d1-s1__r2,C0-d1,408,54.52019061546157,54.52019061546157,,dbd74ead63a20d52,,0.0
noise/C0-d1-s1__r1,C0-d1,408,53.39440795638477,53.39440795638477,,dbd74ead63a20d52,,0.0
A0-s0,A0,438,55.42612604997178,55.42612604997178,55.4261,131335d5705d9502,2.604997177968471e-05,0.0
A1-s0,A1,369,52.72790979537157,52.72790979537157,52.727900000000005,e81b0a99d4fdd078,9.79537156808874e-06,0.0
B-strict-dspcbsd-plus-s0,B-dspcbsd-plus,1768,16.368925063526135,16.368925063526135,16.3689,b78e5cbae3106e22,2.5063526134516678e-05,0.0
B-natural-dspcbsd-plus-s0,B-natural-dspcbsd-plus,1768,15.21396703766838,15.21396703766838,15.214,b78e5cbae3106e22,3.2962331619756924e-05,0.0
B-strict-pcb-ind-s0,B-pcb-ind,1713,19.16815278729608,19.16815278729608,19.1682,f0214b429f8e250f,4.721270391883081e-05,0.0
B-natural-pcb-ind-s0,B-natural-pcb-ind,1713,19.716597342512596,19.716597342512596,19.7166,f0214b429f8e250f,2.6574874034679397e-06,0.0
B-strict-pcb-defect-s0,B-pcb-defect,939,0.3314449099499178,0.3314449099499178,0.33140000000000003,d88940db857f2d5a,4.490994991779296e-05,0.0
