design,representation,bin,n_images,n_seeds,per_seed,mean,sd,ci_lo,ci_hi
D0,DINOv2-small,control,213,3,"[-0.5635, -1.3986, 1.462]",-0.1667036306587192,1.4709922426639184,,
D0,DINOv2-small,probe delta<0.02,69,3,"[2.3342, 2.6183, -0.8449]",1.3692042587241027,1.9227088619528743,,
D0,DINOv2-small,probe 0.02-0.08,61,3,"[0.698, 5.5803, -1.5412]",1.5790543412809275,3.6415974292656808,,
D0,DINOv2-small,probe delta>0.08,64,3,"[6.2122, 7.9087, 6.2813]",6.800734435240829,0.9601629901502051,,
D0,DINOv2-base,control,213,3,"[-0.5635, -1.3986, 1.462]",-0.1667036306587192,1.4709922426639184,,
D0,DINOv2-base,probe delta<0.02,95,3,"[3.046, 4.0831, 1.1958]",2.7749706253726707,1.4625966723384816,,
D0,DINOv2-base,probe 0.02-0.08,53,3,"[3.9728, 6.1665, 0.6314]",3.5902780918641333,2.7873058740225347,,
D0,DINOv2-base,probe delta>0.08,46,3,"[5.9583, 7.929, 6.023]",6.636758359026426,1.1195921254238634,,
D1,DINOv2-small,control,215,3,"[3.0933, -0.7452, -1.6803]",0.222581062865738,2.5296688733785144,,
D1,DINOv2-small,probe delta<0.02,82,3,"[0.732, -0.7312, -2.6124]",-0.8705076949028223,1.6765581340647242,,
D1,DINOv2-small,probe 0.02-0.08,61,3,"[3.3586, 7.7643, 2.4617]",4.528177168066988,2.8382312260186735,,
D1,DINOv2-small,probe delta>0.08,50,3,"[7.4265, 10.008, 5.7131]",7.715869369293543,2.162051874332447,,
D1,DINOv2-base,control,215,3,"[3.0933, -0.7452, -1.6803]",0.222581062865738,2.5296688733785144,,
D1,DINOv2-base,probe delta<0.02,87,3,"[0.7946, 2.1714, -0.3994]",0.855549717623072,1.2864916485858693,,
D1,DINOv2-base,probe 0.02-0.08,64,3,"[0.2106, 4.7011, 0.8024]",1.9047079458822818,2.4397581569293982,,
D1,DINOv2-base,probe delta>0.08,42,3,"[13.6479, 11.6296, 5.9379]",10.405120719851743,3.9981909770570976,,
D2,DINOv2-small,control,215,2,"[0.0185, 1.6756]",0.8470745225188037,1.171772743495221,,
D2,DINOv2-small,probe delta<0.02,75,2,"[1.6382, -3.1087]",-0.7352323483955703,3.356561413251188,,
D2,DINOv2-small,probe 0.02-0.08,60,2,"[3.5516, -2.6157]",0.4679337016628815,4.360926381695753,,
D2,DINOv2-small,probe delta>0.08,59,2,"[6.6928, 4.5191]",5.605960306705218,1.5370476509746762,,
D2,DINOv2-base,control,215,2,"[0.0185, 1.6756]",0.8470745225188037,1.171772743495221,,
D2,DINOv2-base,probe delta<0.02,88,2,"[3.877, 0.3994]",2.1382191750744295,2.4590080089068747,,
D2,DINOv2-base,probe 0.02-0.08,62,2,"[3.4978, 1.1435]",2.320655948370848,1.6646909779051329,,
D2,DINOv2-base,probe delta>0.08,44,2,"[8.4591, 6.3018]",7.380448077576354,1.5253961037266435,,
D0,DINOv2-small,"continuous: Spearman(delta, per-image recall gain), probes",194,3,"[np.float64(0.099), np.float64(0.081), np.float64(0.109)]",0.14715002903256913,,0.02617625248383566,0.2898077403251167
D0,DINOv2-base,"continuous: Spearman(delta, per-image recall gain), probes",194,3,"[np.float64(0.098), np.float64(0.046), np.float64(0.023)]",0.1137058069833876,,-0.028715164819151803,0.26877315528639106
D1,DINOv2-small,"continuous: Spearman(delta, per-image recall gain), probes",193,3,"[np.float64(0.075), np.float64(0.124), np.float64(0.219)]",0.12371959900970926,,-0.007579860975117525,0.2745319941000775
D1,DINOv2-base,"continuous: Spearman(delta, per-image recall gain), probes",193,3,"[np.float64(0.117), np.float64(0.153), np.float64(0.115)]",0.13443730128556847,,-0.008429296780122266,0.29185822655794513
D2,DINOv2-small,"continuous: Spearman(delta, per-image recall gain), probes",194,2,"[np.float64(0.082), np.float64(0.063)]",0.08380590948260418,,-0.0745349775528414,0.24379678536348562
D2,DINOv2-base,"continuous: Spearman(delta, per-image recall gain), probes",194,2,"[np.float64(0.106), np.float64(0.08)]",0.10513086048055466,,-0.04485090363021574,0.24950889589862266
