design,estimand,n_seeds,point_mean,A_test_sampling_lo,A_test_sampling_hi,C_combined_two_stage_lo,C_combined_two_stage_hi,C_combined_P_le_0,B_seed_sd,B_seed_t_lo,B_seed_t_hi
D0,overall,3.0,1.7560104000608774,0.20118555118239034,3.7647958485945763,-0.052138313308229454,3.9472761445277227,0.03,0.5978660539726272,0.27082878881211614,3.2411920113096384
D0,probe,3.0,3.910425710531808,1.271022504022404,6.774333276325403,0.40853696909475673,7.648152385682882,0.014,2.3076044200835284,-1.8219814531994358,9.642832874263052
D0,control,3.0,-0.1667036306587192,-1.6478266707263511,1.7576401483348771,-2.4266458960987034,2.595038489190216,0.5505,1.4709922426639184,-3.8208509343523516,3.4874436730349134
D0,probe_minus_control,3.0,4.077129341190528,0.791364406902223,7.292237048365692,-0.9663122949744842,9.066439118166649,0.0655,3.7290161317317683,-5.1862602593696945,13.34051894175075
D1,overall,3.0,2.2706657365546,0.7681431753787076,4.212216685283057,-0.12311835605927994,5.092627601697493,0.033,1.836579283606438,-2.2916501224715575,6.832981595580758
D1,probe,3.0,4.034003815394919,1.5866743973771869,6.924243840267835,0.9170681544018389,7.509915841304861,0.0065,1.7418043207595955,-0.29287798429366063,8.360885615083498
D1,control,3.0,0.222581062865738,-1.0144531599226159,1.7843626712914284,-2.5560089686910707,3.537551634114037,0.445,2.5296688733785144,-6.0614647837348,6.506626909466276
D1,probe_minus_control,3.0,3.811422752529181,0.8391632368890656,6.9422499288561355,-0.6496703862835571,8.174136232382853,0.0445,2.868613407033162,-3.3146079923144964,10.937453497372859
D2,overall,2.0,2.1670569111556848,0.5366379595344479,3.9172143198758262,0.19964802479188237,4.164237899213433,0.018,0.7339047080818428,-4.426815277484998,8.760929099796368
D2,probe,2.0,3.1435840080805466,0.6130977143215655,5.92640906765731,-0.4621105065062633,6.510143509287218,0.045,2.0607877540429533,-15.371859357299487,21.65902737346058
D2,control,2.0,0.8470745225188037,-1.0185054167481156,2.555102940988497,-1.5969720747378835,3.0545822640511924,0.25,1.171772743495221,-9.680885878409285,11.375034923446893
D2,probe_minus_control,2.0,2.296509485561743,-0.8699824512409033,5.664149107373777,-2.4169708945750585,6.7637780179073195,0.143,3.232560497538174,-26.746894280746375,31.33991325186986
pooled D0+D1+D2 (inverse-variance),probe,,3.7040405342858262,,,1.7065506991444144,5.701530369427238,,,,
pooled D0+D1+D2 (inverse-variance),probe_minus_control,,3.368799536381508,,,0.682443886983152,6.0551551857798644,,,,
pooled D0+D1+D2 (inverse-variance),overall,,2.0326832263023897,,,0.7938559609499953,3.271510491654784,,,,
