design,seed,C0_model,C1_model,overall,probe,control,probe_minus_control,C0_overall_mAP50_95,C1_overall_mAP50_95
D0,0,C0-d0-s0,C1-d0-s0,1.753306,3.652658,-0.563504,4.216162,52.345639,50.592333
D0,1,C0-d0-s1,C1-d0-s1,2.355224,6.336091,-1.398594,7.734685,53.141592,50.786368
D0,2,C0-d0-s2,C1-d0-s2,1.159501,1.742528,1.461987,0.280541,53.076594,51.917093
D1,0,C0-d1-s0,C1-d1-s0,3.702024,3.935821,3.093258,0.842563,54.475026,50.773002
D1,1,C0-d1-s1-r1,C1-d1-s1,2.910137,5.822823,-0.745172,6.567995,53.394408,50.484271
D1,2,C0-d1-s2,C1-d1-s2,0.199836,2.343368,-1.680343,4.02371,53.2008,53.000964
D2,0,C0-d2-s0,C1-d2-s0,2.686006,4.600781,0.018506,4.582275,53.038915,50.35291
D2,1,C0-d2-s1,C1-d2-s1,1.648108,1.686387,1.675643,0.010744,53.008146,51.360038
D1,1 (sensitivity: other replicate),C0-d1-s1-r2,C1-d1-s1,4.03592,6.070972,1.471664,4.599308,,
