design,estimand,n_seeds,mean,sd,median,min,max,per_seed
D0,overall,3,1.7560103333333332,0.5978660872188132,1.753306,1.159501,2.355224,"[1.7533, 2.3552, 1.1595]"
D0,probe,3,3.910425666666667,2.3076044691901454,3.652658,1.742528,6.336091,"[3.6527, 6.3361, 1.7425]"
D0,control,3,-0.16670366666666667,1.4709924516428807,-0.563504,-1.398594,1.461987,"[-0.5635, -1.3986, 1.462]"
D0,probe_minus_control,3,4.077129333333333,3.729016392426337,4.216162,0.280541,7.734685,"[4.2162, 7.7347, 0.2805]"
D1,overall,3,2.270665666666667,1.836579126107104,2.910137,0.199836,3.702024,"[3.702, 2.9101, 0.1998]"
D1,probe,3,4.034004,1.7418041509805284,3.935821,2.343368,5.822823,"[3.9358, 5.8228, 2.3434]"
D1,control,3,0.22258100000000014,2.529669153971918,-0.745172,-1.680343,3.093258,"[3.0933, -0.7452, -1.6803]"
D1,probe_minus_control,3,3.8114226666666666,2.868613311440971,4.02371,0.842563,6.567995,"[0.8426, 6.568, 4.0237]"
D2,overall,2,2.167057,0.7339047139799553,2.167057,1.648108,2.686006,"[2.686, 1.6481]"
D2,probe,2,3.1435839999999997,2.0607877604493865,3.1435839999999997,1.686387,4.600781,"[4.6008, 1.6864]"
D2,control,2,0.8470745,1.171772810055132,0.8470745,0.018506,1.675643,"[0.0185, 1.6756]"
D2,probe_minus_control,2,2.2965095,3.232560570504519,2.2965095,0.010744,4.582275,"[4.5823, 0.0107]"
