global_id,file_name,split,source,classes,boxes,sha256
OI_dspcbsd-plus_28e688ce162e,OI_dspcbsd-plus_28e688ce162e.jpg,train,dspcbsd-plus,spurious_copper,1,b57e8cd02a1c4e0dcfb1bc55cda86e95a7780dd587c884efb67c43d63fa0f97e
OI_dspcbsd-plus_934c784eba0e,OI_dspcbsd-plus_934c784eba0e.jpg,train,dspcbsd-plus,mouse_bite,1,0430b6ebe9e234e04c4b47011f8c8f4b80dd0403ee58a10e951591fb98f2c3b2
OI_dspcbsd-plus_bacd34567193,OI_dspcbsd-plus_bacd34567193.jpg,train,dspcbsd-plus,mouse_bite;open;spurious_copper,3,e30e2689f4a19f7cbd09747ed8258c56fefbf467734d6d229c5a90866dcd5843
OI_dspcbsd-plus_d5375ff1bd3b,OI_dspcbsd-plus_d5375ff1bd3b.jpg,train,dspcbsd-plus,short,1,7fb9a442c0ffc5a448c4cd8c071c5529111026fd28acf81bbeab882dcc47a3f0
OI_pcb-defect_a639c696dc55,OI_pcb-defect_a639c696dc55.png,train,pcb-defect,mouse_bite;open;spurious_copper,3,1462efe0c4fb4ccc07a08711e228f99b29284eda4fd255fec4840facb215d2f2
OI_pcb-defect_c81f44411bde,OI_pcb-defect_c81f44411bde.png,train,pcb-defect,short,1,57c0b7b0ab9c005de2dbb812c72c98f6e296a1535f8d31b032fe0f3e9e18abf4
OI_pcb-ind_700ea7dfd47a,OI_pcb-ind_700ea7dfd47a.jpg,train,pcb-ind,mouse_bite,1,2ffa89ed947ba4489d57b6459ccf987c4897a744531640da4eea58cc6b3454f1
OI_pcb-ind_af794435ca38,OI_pcb-ind_af794435ca38.jpg,train,pcb-ind,mouse_bite;short;spurious_copper,3,08ee6b2abac207909c7d68e2555cf96bed7ad2bfd76f57248a93701b3b017438
OI_pcb-ind_cc0c7b0f15b8,OI_pcb-ind_cc0c7b0f15b8.jpg,train,pcb-ind,open,1,95aec7ea3d0da5e2e6189a6ccff619d729b08f406cbbb166e26c86cef807196c
OI_pcb-ind_ef5774f0b20a,OI_pcb-ind_ef5774f0b20a.jpg,train,pcb-ind,spurious_copper,1,8d34c8641b3009306943550734545b9c8f6be0c75920e3cf58662e053918dc6d
OI_dspcbsd-plus_5bc38d492c6c,OI_dspcbsd-plus_5bc38d492c6c.jpg,val,dspcbsd-plus,mouse_bite;open;spurious_copper,3,e4d9dd41efab45de76fa11dc5cdd5181b8f74731da7c961ec7929997c2f62c52
OI_dspcbsd-plus_dd62a56e43f8,OI_dspcbsd-plus_dd62a56e43f8.jpg,val,dspcbsd-plus,short,1,c1c5461276cbb4958779e1e55d9694a2e276194dffa2e0d5a977c7d51d492167
OI_pcb-defect_7acfa3a9d349,OI_pcb-defect_7acfa3a9d349.png,val,pcb-defect,mouse_bite;open;short;spurious_copper,5,9f493822f9fe1b0c799b22b0263f5aaa56229173bd88ade1993000f0ff7a0dfc
OI_pcb-ind_11296373768b,OI_pcb-ind_11296373768b.jpg,val,pcb-ind,mouse_bite;short,2,8f84a422809b90d572b2e3fa3666c34f30f87f6ade80d69a75af87834a7c0088
OI_pcb-ind_136acb83fa59,OI_pcb-ind_136acb83fa59.jpg,val,pcb-ind,spurious_copper,1,047aefec246d7f87b5c69496e211af1a18cd76c5659578db29dd08e7257b0ea9
OI_dspcbsd-plus_75ced0a777aa,OI_dspcbsd-plus_75ced0a777aa.jpg,test,dspcbsd-plus,mouse_bite;short,2,a6fe2cfb2b960e9524b3670281b34729f4fd12bfb96155009f210ec11b8152c1
OI_dspcbsd-plus_e51de3301549,OI_dspcbsd-plus_e51de3301549.jpg,test,dspcbsd-plus,mouse_bite;open;spurious_copper,4,afcd4cbd2e9597da365e994219954dbbdd01903316232c6dc5526df0a0b2af2f
OI_pcb-ind_119365487506,OI_pcb-ind_119365487506.jpg,test,pcb-ind,short,1,f0a96bfc304f3536063bab92b25978c1ecab8d2902ac7d742bcab0668de8ff2e
OI_pcb-ind_735f8897e6be,OI_pcb-ind_735f8897e6be.jpg,test,pcb-ind,spurious_copper,1,2cb98bb4db49c34a670acb30569aca0949dc9e095b77f7a923cff3d337263eb4
OI_pcb-ind_753fadd54f2e,OI_pcb-ind_753fadd54f2e.jpg,test,pcb-ind,mouse_bite,1,29574b6f1f9d1d583878cd77a096d50835b6632e3f77fbc17c062af600c7a3e1
